-- MySQL dump 10.13  Distrib 5.5.44, for debian-linux-gnu (x86_64)
--
-- Host: localhost    Database: lost
-- ------------------------------------------------------
-- Server version	5.5.44-0ubuntu0.14.04.1

/*!40101 SET @OLD_CHARACTER_SET_CLIENT=@@CHARACTER_SET_CLIENT */;
/*!40101 SET @OLD_CHARACTER_SET_RESULTS=@@CHARACTER_SET_RESULTS */;
/*!40101 SET @OLD_COLLATION_CONNECTION=@@COLLATION_CONNECTION */;
/*!40101 SET NAMES utf8 */;
/*!40103 SET @OLD_TIME_ZONE=@@TIME_ZONE */;
/*!40103 SET TIME_ZONE='+00:00' */;
/*!40014 SET @OLD_UNIQUE_CHECKS=@@UNIQUE_CHECKS, UNIQUE_CHECKS=0 */;
/*!40014 SET @OLD_FOREIGN_KEY_CHECKS=@@FOREIGN_KEY_CHECKS, FOREIGN_KEY_CHECKS=0 */;
/*!40101 SET @OLD_SQL_MODE=@@SQL_MODE, SQL_MODE='NO_AUTO_VALUE_ON_ZERO' */;
/*!40111 SET @OLD_SQL_NOTES=@@SQL_NOTES, SQL_NOTES=0 */;

--
-- Table structure for table `RoutesDeprecated`
--

DROP TABLE IF EXISTS `RoutesDeprecated`;
/*!40101 SET @saved_cs_client     = @@character_set_client */;
/*!40101 SET character_set_client = utf8 */;
CREATE TABLE `RoutesDeprecated` (
  `route_id` int(11) DEFAULT NULL,
  `start_lat` float DEFAULT NULL,
  `start_lon` float DEFAULT NULL,
  `end_lat` float DEFAULT NULL,
  `end_lon` float DEFAULT NULL
) ENGINE=InnoDB DEFAULT CHARSET=latin1;
/*!40101 SET character_set_client = @saved_cs_client */;

--
-- Dumping data for table `RoutesDeprecated`
--

LOCK TABLES `RoutesDeprecated` WRITE;
/*!40000 ALTER TABLE `RoutesDeprecated` DISABLE KEYS */;
INSERT INTO `RoutesDeprecated` VALUES (1,38.7641,-9.15789,38.7554,-9.13911);
/*!40000 ALTER TABLE `RoutesDeprecated` ENABLE KEYS */;
UNLOCK TABLES;

--
-- Table structure for table `Server`
--

DROP TABLE IF EXISTS `Server`;
/*!40101 SET @saved_cs_client     = @@character_set_client */;
/*!40101 SET character_set_client = utf8 */;
CREATE TABLE `Server` (
  `id` int(11) NOT NULL AUTO_INCREMENT,
  `url` text,
  `location` varchar(100) DEFAULT NULL,
  `lat` float DEFAULT NULL,
  `lon` float DEFAULT NULL,
  `state` varchar(50) DEFAULT NULL,
  `mode` varchar(50) DEFAULT NULL,
  PRIMARY KEY (`id`)
) ENGINE=InnoDB AUTO_INCREMENT=3 DEFAULT CHARSET=latin1;
/*!40101 SET character_set_client = @saved_cs_client */;

--
-- Dumping data for table `Server`
--

LOCK TABLES `Server` WRITE;
/*!40000 ALTER TABLE `Server` DISABLE KEYS */;
INSERT INTO `Server` VALUES (1,'http://accessible-serv.lasige.di.fc.ul.pt/~lost/','Portugal',NULL,NULL,'secondary','INTERNET'),(2,'http://accessible-serv.lasige.di.fc.ul.pt/~find/server/','Testing',NULL,NULL,'default','LOCAL');
/*!40000 ALTER TABLE `Server` ENABLE KEYS */;
UNLOCK TABLES;

--
-- Table structure for table `Simulations`
--

DROP TABLE IF EXISTS `Simulations`;
/*!40101 SET @saved_cs_client     = @@character_set_client */;
/*!40101 SET character_set_client = utf8 */;
CREATE TABLE `Simulations` (
  `id` int(11) NOT NULL AUTO_INCREMENT,
  `name` varchar(50) DEFAULT NULL,
  `status` int(11) DEFAULT NULL,
  `latS` float DEFAULT NULL,
  `lonS` float DEFAULT NULL,
  `latE` float DEFAULT NULL,
  `lonE` float DEFAULT NULL,
  `start_date` datetime DEFAULT NULL,
  `duration_m` int(11) DEFAULT NULL,
  `location` varchar(50) DEFAULT NULL,
  `created_date` datetime DEFAULT NULL,
  `end_date` datetime DEFAULT NULL,
  PRIMARY KEY (`id`),
  UNIQUE KEY `name` (`name`)
) ENGINE=InnoDB AUTO_INCREMENT=4 DEFAULT CHARSET=latin1;
/*!40101 SET character_set_client = @saved_cs_client */;

--
-- Dumping data for table `Simulations`
--

LOCK TABLES `Simulations` WRITE;
/*!40000 ALTER TABLE `Simulations` DISABLE KEYS */;
INSERT INTO `Simulations` VALUES (1,'SIMULATION8',3,38.8317,-9.0359,38.6819,-9.27838,'2015-03-17 12:00:00',60,'Lisboa','2015-03-17 11:46:12',NULL),(2,'Simulacao8',3,38.7812,-9.07382,38.6887,-9.21467,'2015-03-31 12:00:00',60,'Lisboa','2015-03-31 10:52:34',NULL),(3,'adad',3,38.7604,-9.09439,38.7221,-9.16795,'2015-07-01 14:48:00',2,'lisboa','2015-07-01 13:47:13',NULL);
/*!40000 ALTER TABLE `Simulations` ENABLE KEYS */;
UNLOCK TABLES;

--
-- Table structure for table `TargetMessaging`
--

DROP TABLE IF EXISTS `TargetMessaging`;
/*!40101 SET @saved_cs_client     = @@character_set_client */;
/*!40101 SET character_set_client = utf8 */;
CREATE TABLE `TargetMessaging` (
  `origin` varchar(50) DEFAULT NULL,
  `target` varchar(50) DEFAULT NULL,
  `targetLatitude` float DEFAULT NULL,
  `targetLongitude` float DEFAULT NULL,
  `targetRadius` int(11) DEFAULT NULL,
  `msg` text,
  `timestamp` bigint(20) unsigned NOT NULL DEFAULT '0',
  `added` bigint(20) unsigned DEFAULT NULL,
  `nodeid` varchar(100) NOT NULL DEFAULT '',
  PRIMARY KEY (`nodeid`,`timestamp`)
) ENGINE=InnoDB DEFAULT CHARSET=latin1;
/*!40101 SET character_set_client = @saved_cs_client */;

--
-- Dumping data for table `TargetMessaging`
--

LOCK TABLES `TargetMessaging` WRITE;
/*!40000 ALTER TABLE `TargetMessaging` DISABLE KEYS */;
INSERT INTO `TargetMessaging` VALUES ('victim','AHAHAHA',0,0,0,'',1425311232329,1425310190000,''),('victim','AHAHAHA',0,0,0,'',1425311262365,1425310223000,''),('victim','AHAHAHA',0,0,0,'',1425311292391,1425310252000,''),('victim','AHAHAHA',0,0,0,'',1425311322419,1425310283000,''),('victim','AHAHAHA',0,0,0,'',1425311419221,1425310377000,'9EF5B2'),('victim','AHAHAHA',0,0,0,'',1425311449251,1425310408000,'9EF5B2');
/*!40000 ALTER TABLE `TargetMessaging` ENABLE KEYS */;
UNLOCK TABLES;

--
-- Table structure for table `UsersDeprecated`
--

DROP TABLE IF EXISTS `UsersDeprecated`;
/*!40101 SET @saved_cs_client     = @@character_set_client */;
/*!40101 SET character_set_client = utf8 */;
CREATE TABLE `UsersDeprecated` (
  `id` int(11) NOT NULL AUTO_INCREMENT,
  `gcm_regid` text,
  `created_at` timestamp NOT NULL DEFAULT CURRENT_TIMESTAMP,
  `mac_address` varchar(100) NOT NULL,
  `association` int(11) DEFAULT '0',
  `storage` tinyint(1) DEFAULT '0',
  `email` text,
  `mode` varchar(50) DEFAULT 'LOCAL',
  PRIMARY KEY (`id`),
  UNIQUE KEY `mac_address` (`mac_address`)
) ENGINE=InnoDB AUTO_INCREMENT=40 DEFAULT CHARSET=latin1;
/*!40101 SET character_set_client = @saved_cs_client */;

--
-- Dumping data for table `UsersDeprecated`
--

LOCK TABLES `UsersDeprecated` WRITE;
/*!40000 ALTER TABLE `UsersDeprecated` DISABLE KEYS */;
INSERT INTO `UsersDeprecated` VALUES (16,'APA91bGsSNhGCcpNb3VUdDhcX-7ZLNhYwHlhxw8S2RZZrbljS1v568gWIkxc4yigeWrstKoJHkkJ4BCNyvYrMDWARJJtjM_q0y0kKGO8sdysNIuyOGj7mkWiVOfe7i6FqiXBMY-fAzMo','2015-03-30 17:33:48','E014F2',1,2,'lmcarrico@gmail.com','INTERNET'),(17,'APA91bELWhCWWFyrpoGe4xkPVW4QhK3gj4k5IkT2HQWUXrcvPSiH97Yo44uxZPzM_WXuTjeJtKMgoutycnAfed_i8XLlWxzKVzMyJHo2oxB2ZuYyN3CKSQXrALASKu7nUaZWL2QCOimf2Snz1pXwQe6w1VRvd84mXg','2015-03-30 17:38:09','300655',1,2,'tjvguerreiro@gmail.com','INTERNET'),(20,'APA91bGHkztQyjHmwtkpLt-LCJMgQ0OFqVQRTlrmOEKce1P2fzjlZNt5VeZWI8qQu6Y79UM9JA5s9Nf6OIAQRtFL4iUxnxlnsh7IAvmGbHOuBZKWz0OppAiNMaJEgYwB6w7GD_wtZsgG','2015-03-31 09:01:08','457EF5',1,2,'diogohomemmarques@gmail.com','INTERNET'),(22,'APA91bHE6UnTdscI4RJsiVEuGKyiE2olE7ivy7k52QfukwsZx1Ep6cZmB0RIUv2qFbXru88TBr7NY02z_7R8-1dfxekzvBlQ192vyCeM7vcXYP05mKo6OShxyvangpUvUvCIZ3OKqydx','2015-03-31 09:07:17','9EF5B2',1,2,'tinybbox@gmail.com','INTERNET'),(25,'APA91bFxAERCC4z4unxXfkOn1SRhzC-5zmrg_0qxy2P4vi_l3vJYJX4XTb9ZSqFae3vioF1D9TG2ynqKdxnqplFBHzjjdxfnemk1pPjhueKmk_TYO9WVvL_06gXfsUFY8SdeUMsOrPaX','2015-03-31 09:35:00','E86C59',1,2,'marta.al.ludovico@gmail.com','INTERNET'),(26,'APA91bEkApWHbbqG1sYdEF5rWfeEYSlRGjKr8WbGVOCIP-k7D_FvlmJc74SCQIg6U21alam5l5OMB1kmLt2QfnHtKBdHxm3okQF16MhKsudJrbnA4yFU3LuIBwWN_IpIrhHEYBuMmLixUfEVAZ8Saxe-zJYChYNMUw','2015-03-31 09:58:52','BB254B',1,2,'ludgero.alex@gmail.com','INTERNET'),(27,'APA91bE-w2ewfNYHvN8jVGeOlUXxU6GOMN78XTV_aF9cRDt94Bs0r5esrDoozFv-7T5gnDI-3CVTRV8GcTIeCBPGM4CLhLchx4WlFrpltwdnmZH3R4p_7bOp8CLfHDe7IqxyVEYTr9RN','2015-03-31 10:23:13','2F794B',1,2,'marta.al.ludovico@gmail.com','INTERNET'),(39,'APA91bEMxGKtZkD3KibwoS-4aZwc6anNXlaPyyOnWBw60S8j2wGgWaAhMMAq8_6wu6qG5vn1mYzxHqLvmjkcZg1gZKnKTA9SeaIqFqfCzRG_5fBGBAQbiMs','2015-07-01 13:53:04','207B04',1,2,'andrefprodrigues91@gmail.com','INTERNET');
/*!40000 ALTER TABLE `UsersDeprecated` ENABLE KEYS */;
UNLOCK TABLES;

--
-- Table structure for table `ci_sessions`
--

DROP TABLE IF EXISTS `ci_sessions`;
/*!40101 SET @saved_cs_client     = @@character_set_client */;
/*!40101 SET character_set_client = utf8 */;
CREATE TABLE `ci_sessions` (
  `id` varchar(40) COLLATE utf8_unicode_ci NOT NULL,
  `ip_address` varchar(45) COLLATE utf8_unicode_ci NOT NULL,
  `timestamp` int(10) unsigned NOT NULL DEFAULT '0',
  `data` blob NOT NULL,
  PRIMARY KEY (`id`),
  KEY `ci_sessions_timestamp` (`timestamp`)
) ENGINE=InnoDB DEFAULT CHARSET=utf8 COLLATE=utf8_unicode_ci;
/*!40101 SET character_set_client = @saved_cs_client */;

--
-- Dumping data for table `ci_sessions`
--

LOCK TABLES `ci_sessions` WRITE;
/*!40000 ALTER TABLE `ci_sessions` DISABLE KEYS */;
INSERT INTO `ci_sessions` VALUES ('00f8ead6ad430fb100eb997c2b4e5299ce1825c0','10.101.166.185',1432427823,'__ci_last_regenerate|i:1432427743;DX_user_id|s:1:\"4\";DX_username|s:4:\"Joao\";DX_role_id|s:1:\"1\";DX_role_name|s:4:\"User\";DX_parent_roles_id|a:0:{}DX_parent_roles_name|a:0:{}DX_permission|a:0:{}DX_parent_permissions|a:0:{}DX_logged_in|b:1;'),('0521eff5b86db902acffe2c5c35f5af1f2b653c4','10.101.230.106',1432642709,'__ci_last_regenerate|i:1432642702;'),('06ddb080fb48767cb767cb8a94b28fd8d23b6ae7','10.101.166.42',1432382528,'__ci_last_regenerate|i:1432382400;DX_user_id|s:2:\"27\";DX_username|s:6:\"Carlos\";DX_role_id|s:1:\"1\";DX_role_name|s:4:\"User\";DX_parent_roles_id|a:0:{}DX_parent_roles_name|a:0:{}DX_permission|a:0:{}DX_parent_permissions|a:0:{}DX_logged_in|b:1;'),('0742f98da3c46719478ae384fb5ed0563a92eef1','10.101.85.137',1432229567,'__ci_last_regenerate|i:1432229351;DX_user_id|s:1:\"4\";DX_username|s:4:\"Joao\";DX_role_id|s:1:\"1\";DX_role_name|s:4:\"User\";DX_parent_roles_id|a:0:{}DX_parent_roles_name|a:0:{}DX_permission|a:0:{}DX_parent_permissions|a:0:{}DX_logged_in|b:1;'),('07a095cd2033bc9e1feccce55a69e79d8b27af62','95.93.77.177',1438679164,'__ci_last_regenerate|i:1438679018;DX_user_id|s:2:\"34\";DX_username|s:5:\"gero4\";DX_role_id|s:1:\"1\";DX_role_name|s:4:\"User\";DX_parent_roles_id|a:0:{}DX_parent_roles_name|a:0:{}DX_permission|a:0:{}DX_parent_permissions|a:0:{}DX_logged_in|b:1;'),('07d9d03fb4f286826431e4ed7fe421249a35c3fd','10.101.85.137',1432228555,'__ci_last_regenerate|i:1432228263;DX_user_id|s:1:\"9\";DX_username|s:10:\"roguelinkz\";DX_role_id|s:1:\"1\";DX_role_name|s:4:\"User\";DX_parent_roles_id|a:0:{}DX_parent_roles_name|a:0:{}DX_permission|a:0:{}DX_parent_permissions|a:0:{}DX_logged_in|b:1;'),('09b9e216f7e937dd8cf9136a1282671b1ae3ef74','10.101.166.13',1436825779,'__ci_last_regenerate|i:1436825779;'),('0ca3cfe4019ef5bd1b78d4364aadcf9428264793','10.101.85.137',1432237112,'__ci_last_regenerate|i:1432237103;DX_user_id|s:1:\"9\";DX_username|s:10:\"roguelinkz\";DX_role_id|s:1:\"1\";DX_role_name|s:4:\"User\";DX_parent_roles_id|a:0:{}DX_parent_roles_name|a:0:{}DX_permission|a:0:{}DX_parent_permissions|a:0:{}DX_logged_in|b:1;'),('0d544592afddc368c7e539f88138e3b7112f3ee5','10.101.85.137',1432238932,'__ci_last_regenerate|i:1432238932;DX_user_id|s:1:\"9\";DX_username|s:10:\"roguelinkz\";DX_role_id|s:1:\"1\";DX_role_name|s:4:\"User\";DX_parent_roles_id|a:0:{}DX_parent_roles_name|a:0:{}DX_permission|a:0:{}DX_parent_permissions|a:0:{}DX_logged_in|b:1;'),('0dfd28631a8fc5745dfce9e15f0fd5e9fac38820','10.101.229.118',1432644976,'__ci_last_regenerate|i:1432644676;DX_user_id|s:2:\"24\";DX_username|s:9:\"lmcarrico\";DX_role_id|s:1:\"1\";DX_role_name|s:4:\"User\";DX_parent_roles_id|a:0:{}DX_parent_roles_name|a:0:{}DX_permission|a:0:{}DX_parent_permissions|a:0:{}DX_logged_in|b:1;'),('0f493fb54eeccbf029bdfc70b86d5fc96c1b9832','10.97.101.223',1432232569,'__ci_last_regenerate|i:1432232277;DX_user_id|s:2:\"20\";DX_username|s:6:\"martaa\";DX_role_id|s:1:\"1\";DX_role_name|s:4:\"User\";DX_parent_roles_id|a:0:{}DX_parent_roles_name|a:0:{}DX_permission|a:0:{}DX_parent_permissions|a:0:{}DX_logged_in|b:1;'),('10fd8660b401cfeec5992b984cdbf5bcd9b1b53c','10.101.166.92',1432576618,'__ci_last_regenerate|i:1432576447;'),('10fef118a75dcaf1b9723723cdaa16a2cfddfb3f','10.101.85.136',1432226355,'__ci_last_regenerate|i:1432226098;DX_user_id|s:2:\"10\";DX_username|s:5:\"Decio\";DX_role_id|s:1:\"1\";DX_role_name|s:4:\"User\";DX_parent_roles_id|a:0:{}DX_parent_roles_name|a:0:{}DX_permission|a:0:{}DX_parent_permissions|a:0:{}DX_logged_in|b:1;'),('12189d296f26f68ae9f329bc1e75971c03d85193','10.101.85.137',1432231891,'__ci_last_regenerate|i:1432231604;DX_user_id|s:1:\"4\";DX_username|s:4:\"Joao\";DX_role_id|s:1:\"1\";DX_role_name|s:4:\"User\";DX_parent_roles_id|a:0:{}DX_parent_roles_name|a:0:{}DX_permission|a:0:{}DX_parent_permissions|a:0:{}DX_logged_in|b:1;'),('123b1aeeb82783d94ca0aabf29ec74cdec9d8e24','95.93.77.177',1438678984,'__ci_last_regenerate|i:1438678698;DX_user_id|s:2:\"34\";DX_username|s:5:\"gero4\";DX_role_id|s:1:\"1\";DX_role_name|s:4:\"User\";DX_parent_roles_id|a:0:{}DX_parent_roles_name|a:0:{}DX_permission|a:0:{}DX_parent_permissions|a:0:{}DX_logged_in|b:1;'),('1246fcd365ca6e4f3486d8a06783e93dd1f82700','10.101.85.137',1432232176,'__ci_last_regenerate|i:1432231914;DX_user_id|s:1:\"4\";DX_username|s:4:\"Joao\";DX_role_id|s:1:\"1\";DX_role_name|s:4:\"User\";DX_parent_roles_id|a:0:{}DX_parent_roles_name|a:0:{}DX_permission|a:0:{}DX_parent_permissions|a:0:{}DX_logged_in|b:1;'),('127744e9e640f9e8d105d429fb4430e0d7723752','10.101.148.167',1432302729,'__ci_last_regenerate|i:1432302436;DX_user_id|s:1:\"9\";DX_username|s:10:\"roguelinkz\";DX_role_id|s:1:\"1\";DX_role_name|s:4:\"User\";DX_parent_roles_id|a:0:{}DX_parent_roles_name|a:0:{}DX_permission|a:0:{}DX_parent_permissions|a:0:{}DX_logged_in|b:1;'),('12dc2216e7eafdaf6ce7e2e29da610143405e59a','10.101.229.169',1433164830,'__ci_last_regenerate|i:1433164830;'),('141cd0193de5cd0296f67aabe671ef12bca328bb','10.101.87.210',1432802707,'__ci_last_regenerate|i:1432802707;'),('173e7aa838fd3d69911701faba5c307d8f79c793','10.101.85.137',1432230660,'__ci_last_regenerate|i:1432230382;DX_user_id|s:1:\"4\";DX_username|s:4:\"Joao\";DX_role_id|s:1:\"1\";DX_role_name|s:4:\"User\";DX_parent_roles_id|a:0:{}DX_parent_roles_name|a:0:{}DX_permission|a:0:{}DX_parent_permissions|a:0:{}DX_logged_in|b:1;'),('1841d73997ba2b5d68bfe7493c07836e63857848','10.101.166.42',1432397459,'__ci_last_regenerate|i:1432397421;DX_user_id|s:2:\"28\";DX_username|s:4:\"xpto\";DX_role_id|s:1:\"1\";DX_role_name|s:4:\"User\";DX_parent_roles_id|a:0:{}DX_parent_roles_name|a:0:{}DX_permission|a:0:{}DX_parent_permissions|a:0:{}DX_logged_in|b:1;'),('190c2a065ec9d4e954c5832d976af06b6c349ce3','10.101.85.137',1432228858,'__ci_last_regenerate|i:1432228578;DX_user_id|s:1:\"9\";DX_username|s:10:\"roguelinkz\";DX_role_id|s:1:\"1\";DX_role_name|s:4:\"User\";DX_parent_roles_id|a:0:{}DX_parent_roles_name|a:0:{}DX_permission|a:0:{}DX_parent_permissions|a:0:{}DX_logged_in|b:1;'),('1b155377512f1486f46a392362995d9290d3a490','194.117.40.166',1436832611,'__ci_last_regenerate|i:1436832396;DX_user_id|s:2:\"31\";DX_username|s:4:\"gero\";DX_role_id|s:1:\"1\";DX_role_name|s:4:\"User\";DX_parent_roles_id|a:0:{}DX_parent_roles_name|a:0:{}DX_permission|a:0:{}DX_parent_permissions|a:0:{}DX_logged_in|b:1;'),('1b38033c18b9fdb849831a66864b1f77fad13e93','10.101.85.137',1432231602,'__ci_last_regenerate|i:1432231393;DX_user_id|s:1:\"9\";DX_username|s:10:\"roguelinkz\";DX_role_id|s:1:\"1\";DX_role_name|s:4:\"User\";DX_parent_roles_id|a:0:{}DX_parent_roles_name|a:0:{}DX_permission|a:0:{}DX_parent_permissions|a:0:{}DX_logged_in|b:1;'),('1bed94eecde3e837872fae794f2ffb009fc5f76f','10.101.86.99',1432312500,'__ci_last_regenerate|i:1432312276;DX_user_id|s:2:\"24\";DX_username|s:9:\"lmcarrico\";DX_role_id|s:1:\"1\";DX_role_name|s:4:\"User\";DX_parent_roles_id|a:0:{}DX_parent_roles_name|a:0:{}DX_permission|a:0:{}DX_parent_permissions|a:0:{}DX_logged_in|b:1;'),('1bf8967d24950a45bf06f1996f507067fbd1e0cc','10.101.148.167',1432300910,'__ci_last_regenerate|i:1432300615;DX_user_id|s:1:\"9\";DX_username|s:10:\"roguelinkz\";DX_role_id|s:1:\"1\";DX_role_name|s:4:\"User\";DX_parent_roles_id|a:0:{}DX_parent_roles_name|a:0:{}DX_permission|a:0:{}DX_parent_permissions|a:0:{}DX_logged_in|b:1;'),('1d55723453ebdfbe73fa769394c8f4bd2871617b','10.101.229.118',1432643645,'__ci_last_regenerate|i:1432643629;'),('1dd8d82635397c8df8a51f0328554aac353101c9','10.101.148.60',1432549928,'__ci_last_regenerate|i:1432549692;DX_user_id|s:2:\"10\";DX_username|s:5:\"Decio\";DX_role_id|s:1:\"1\";DX_role_name|s:4:\"User\";DX_parent_roles_id|a:0:{}DX_parent_roles_name|a:0:{}DX_permission|a:0:{}DX_parent_permissions|a:0:{}DX_logged_in|b:1;'),('1f0bf83c45bd1ddba77fb7a0b217c684af78a0d6','95.93.77.177',1438677872,'__ci_last_regenerate|i:1438677849;DX_user_id|s:2:\"34\";DX_username|s:5:\"gero4\";DX_role_id|s:1:\"1\";DX_role_name|s:4:\"User\";DX_parent_roles_id|a:0:{}DX_parent_roles_name|a:0:{}DX_permission|a:0:{}DX_parent_permissions|a:0:{}DX_logged_in|b:1;'),('1f53ee70c9d67b164297786f3e100a9ed94cb937','10.101.85.137',1432227808,'__ci_last_regenerate|i:1432227528;DX_user_id|s:1:\"9\";DX_username|s:10:\"roguelinkz\";DX_role_id|s:1:\"1\";DX_role_name|s:4:\"User\";DX_parent_roles_id|a:0:{}DX_parent_roles_name|a:0:{}DX_permission|a:0:{}DX_parent_permissions|a:0:{}DX_logged_in|b:1;'),('21dd2ed8e24eac4cd9b38ec157a57ad78ebcea8e','10.101.166.193',1432317202,'__ci_last_regenerate|i:1432317117;DX_user_id|s:2:\"10\";DX_username|s:5:\"Decio\";DX_role_id|s:1:\"1\";DX_role_name|s:4:\"User\";DX_parent_roles_id|a:0:{}DX_parent_roles_name|a:0:{}DX_permission|a:0:{}DX_parent_permissions|a:0:{}DX_logged_in|b:1;'),('24746fe26b0c1e3def2261be5b63dbed660cec82','10.101.85.137',1432221778,'__ci_last_regenerate|i:1432221769;DX_user_id|s:1:\"9\";DX_username|s:10:\"roguelinkz\";DX_role_id|s:1:\"1\";DX_role_name|s:4:\"User\";DX_parent_roles_id|a:0:{}DX_parent_roles_name|a:0:{}DX_permission|a:0:{}DX_parent_permissions|a:0:{}DX_logged_in|b:1;'),('24c11388c0cee71dff471035f177f09a1160e3ed','10.101.166.185',1432427705,'__ci_last_regenerate|i:1432427422;DX_user_id|s:1:\"4\";DX_username|s:4:\"Joao\";DX_role_id|s:1:\"1\";DX_role_name|s:4:\"User\";DX_parent_roles_id|a:0:{}DX_parent_roles_name|a:0:{}DX_permission|a:0:{}DX_parent_permissions|a:0:{}DX_logged_in|b:1;'),('267a48daa86c34d6e388e4796998788647ec1da7','10.101.85.137',1432234122,'__ci_last_regenerate|i:1432233864;DX_user_id|s:1:\"9\";DX_username|s:10:\"roguelinkz\";DX_role_id|s:1:\"1\";DX_role_name|s:4:\"User\";DX_parent_roles_id|a:0:{}DX_parent_roles_name|a:0:{}DX_permission|a:0:{}DX_parent_permissions|a:0:{}DX_logged_in|b:1;'),('28dcb8e08fb50c416cdac1d16c757b623a1c7e8e','194.117.40.166',1436836366,'__ci_last_regenerate|i:1436836153;DX_user_id|s:2:\"31\";DX_username|s:4:\"gero\";DX_role_id|s:1:\"1\";DX_role_name|s:4:\"User\";DX_parent_roles_id|a:0:{}DX_parent_roles_name|a:0:{}DX_permission|a:0:{}DX_parent_permissions|a:0:{}DX_logged_in|b:1;'),('296171e71a8c7fa2ad202ccb1dfa7c9df108eef6','10.101.86.99',1432313599,'__ci_last_regenerate|i:1432313532;DX_user_id|s:2:\"24\";DX_username|s:9:\"lmcarrico\";DX_role_id|s:1:\"1\";DX_role_name|s:4:\"User\";DX_parent_roles_id|a:0:{}DX_parent_roles_name|a:0:{}DX_permission|a:0:{}DX_parent_permissions|a:0:{}DX_logged_in|b:1;'),('2c651cc4998eabe5b13191e3d125f6e8cda44393','10.101.85.137',1432235959,'__ci_last_regenerate|i:1432235747;DX_user_id|s:1:\"4\";DX_username|s:4:\"Joao\";DX_role_id|s:1:\"1\";DX_role_name|s:4:\"User\";DX_parent_roles_id|a:0:{}DX_parent_roles_name|a:0:{}DX_permission|a:0:{}DX_parent_permissions|a:0:{}DX_logged_in|b:1;'),('2dac516d09e99d69e8d2692b3b7f592cc5e0722f','194.117.40.166',1436825834,'__ci_last_regenerate|i:1436825807;'),('2dfa384976b85634b00a92e936d5b3fc972e192a','10.101.85.136',1432227530,'__ci_last_regenerate|i:1432227358;DX_user_id|s:2:\"10\";DX_username|s:5:\"Decio\";DX_role_id|s:1:\"1\";DX_role_name|s:4:\"User\";DX_parent_roles_id|a:0:{}DX_parent_roles_name|a:0:{}DX_permission|a:0:{}DX_parent_permissions|a:0:{}DX_logged_in|b:1;'),('2fcee08fe8000fcc09e4af680e7554610bff913b','10.101.86.99',1432312715,'__ci_last_regenerate|i:1432312715;DX_user_id|s:2:\"24\";DX_username|s:9:\"lmcarrico\";DX_role_id|s:1:\"1\";DX_role_name|s:4:\"User\";DX_parent_roles_id|a:0:{}DX_parent_roles_name|a:0:{}DX_permission|a:0:{}DX_parent_permissions|a:0:{}DX_logged_in|b:1;'),('3077fc929993585e0e21a6ee4533d5b80ecd9039','10.101.85.136',1432227205,'__ci_last_regenerate|i:1432227053;DX_user_id|s:2:\"10\";DX_username|s:5:\"Decio\";DX_role_id|s:1:\"1\";DX_role_name|s:4:\"User\";DX_parent_roles_id|a:0:{}DX_parent_roles_name|a:0:{}DX_permission|a:0:{}DX_parent_permissions|a:0:{}DX_logged_in|b:1;'),('31efd228a98d949ffc9d68549c518b8e308ddf89','10.101.85.137',1432236980,'__ci_last_regenerate|i:1432236685;DX_user_id|s:1:\"9\";DX_username|s:10:\"roguelinkz\";DX_role_id|s:1:\"1\";DX_role_name|s:4:\"User\";DX_parent_roles_id|a:0:{}DX_parent_roles_name|a:0:{}DX_permission|a:0:{}DX_parent_permissions|a:0:{}DX_logged_in|b:1;'),('340016714f6b96a94441e8b160b3790af306fec4','10.101.85.137',1432229452,'__ci_last_regenerate|i:1432229192;DX_user_id|s:1:\"9\";DX_username|s:10:\"roguelinkz\";DX_role_id|s:1:\"1\";DX_role_name|s:4:\"User\";DX_parent_roles_id|a:0:{}DX_parent_roles_name|a:0:{}DX_permission|a:0:{}DX_parent_permissions|a:0:{}DX_logged_in|b:1;'),('35512926a42039280ca8ef64de233cd77cd433a9','194.117.40.166',1436829802,'__ci_last_regenerate|i:1436829724;'),('35ec16dd8ea05a48b464ea67568426af6323df11','10.97.101.223',1432233512,'__ci_last_regenerate|i:1432233258;DX_user_id|s:2:\"20\";DX_username|s:6:\"martaa\";DX_role_id|s:1:\"1\";DX_role_name|s:4:\"User\";DX_parent_roles_id|a:0:{}DX_parent_roles_name|a:0:{}DX_permission|a:0:{}DX_parent_permissions|a:0:{}DX_logged_in|b:1;'),('391c97ffa4fc1999e8d41f9bac6e97c31f257b47','95.93.77.177',1439891913,'__ci_last_regenerate|i:1439891667;DX_user_id|s:2:\"33\";DX_username|s:5:\"gero3\";DX_role_id|s:1:\"1\";DX_role_name|s:4:\"User\";DX_parent_roles_id|a:0:{}DX_parent_roles_name|a:0:{}DX_permission|a:0:{}DX_parent_permissions|a:0:{}DX_logged_in|b:1;'),('3e2547582c3cdb456ee55b7a389a71485c1224de','10.101.85.137',1432224064,'__ci_last_regenerate|i:1432223791;DX_user_id|s:1:\"9\";DX_username|s:10:\"roguelinkz\";DX_role_id|s:1:\"1\";DX_role_name|s:4:\"User\";DX_parent_roles_id|a:0:{}DX_parent_roles_name|a:0:{}DX_permission|a:0:{}DX_parent_permissions|a:0:{}DX_logged_in|b:1;'),('413b325a258824e58424efa82bd124071a9718b3','10.101.148.167',1432301624,'__ci_last_regenerate|i:1432301327;DX_user_id|s:1:\"9\";DX_username|s:10:\"roguelinkz\";DX_role_id|s:1:\"1\";DX_role_name|s:4:\"User\";DX_parent_roles_id|a:0:{}DX_parent_roles_name|a:0:{}DX_permission|a:0:{}DX_parent_permissions|a:0:{}DX_logged_in|b:1;'),('44514a3353a8922a1acbbee1ec2a9440aac22564','10.101.85.137',1432225073,'__ci_last_regenerate|i:1432224966;DX_user_id|s:1:\"9\";DX_username|s:10:\"roguelinkz\";DX_role_id|s:1:\"1\";DX_role_name|s:4:\"User\";DX_parent_roles_id|a:0:{}DX_parent_roles_name|a:0:{}DX_permission|a:0:{}DX_parent_permissions|a:0:{}DX_logged_in|b:1;'),('4714e8848d5e47215e8d464c5d20c27841a2d025','10.101.166.42',1432382049,'__ci_last_regenerate|i:1432381814;DX_user_id|s:2:\"26\";DX_username|s:7:\"banana2\";DX_role_id|s:1:\"1\";DX_role_name|s:4:\"User\";DX_parent_roles_id|a:0:{}DX_parent_roles_name|a:0:{}DX_permission|a:0:{}DX_parent_permissions|a:0:{}DX_logged_in|b:1;'),('4752e96b4f2d5a71ef8b73f9d4c46d5ddbdb5735','10.101.85.136',1432225851,'__ci_last_regenerate|i:1432225794;DX_user_id|s:2:\"10\";DX_username|s:5:\"Decio\";DX_role_id|s:1:\"1\";DX_role_name|s:4:\"User\";DX_parent_roles_id|a:0:{}DX_parent_roles_name|a:0:{}DX_permission|a:0:{}DX_parent_permissions|a:0:{}DX_logged_in|b:1;'),('483a9ce188845d22b48cfce52b8f80218e1da0cd','10.101.85.137',1432236288,'__ci_last_regenerate|i:1432236173;DX_user_id|s:1:\"4\";DX_username|s:4:\"Joao\";DX_role_id|s:1:\"1\";DX_role_name|s:4:\"User\";DX_parent_roles_id|a:0:{}DX_parent_roles_name|a:0:{}DX_permission|a:0:{}DX_parent_permissions|a:0:{}DX_logged_in|b:1;'),('483d5f7c035e882853c8814c094f8ff997086791','95.93.77.177',1438682409,'__ci_last_regenerate|i:1438682409;DX_user_id|s:2:\"34\";DX_username|s:5:\"gero4\";DX_role_id|s:1:\"1\";DX_role_name|s:4:\"User\";DX_parent_roles_id|a:0:{}DX_parent_roles_name|a:0:{}DX_permission|a:0:{}DX_parent_permissions|a:0:{}DX_logged_in|b:1;'),('483f2ba53de3b20348137fd22d84814f4fc232b6','194.117.22.70',1436802029,'__ci_last_regenerate|i:1436802021;'),('484bcadade2b729f03cade824b7d577bcdba6744','95.93.77.177',1439892766,'__ci_last_regenerate|i:1439892467;DX_user_id|s:2:\"33\";DX_username|s:5:\"gero3\";DX_role_id|s:1:\"1\";DX_role_name|s:4:\"User\";DX_parent_roles_id|a:0:{}DX_parent_roles_name|a:0:{}DX_permission|a:0:{}DX_parent_permissions|a:0:{}DX_logged_in|b:1;'),('487a869b526ac352871f18b4a1c22eb41200976e','10.101.85.137',1432228611,'__ci_last_regenerate|i:1432228350;DX_user_id|s:1:\"4\";DX_username|s:4:\"Joao\";DX_role_id|s:1:\"1\";DX_role_name|s:4:\"User\";DX_parent_roles_id|a:0:{}DX_parent_roles_name|a:0:{}DX_permission|a:0:{}DX_parent_permissions|a:0:{}DX_logged_in|b:1;'),('4942b5f310751b7631afbf3864d3f4c45abe837d','95.93.77.177',1438675049,'__ci_last_regenerate|i:1438674897;DX_user_id|s:2:\"34\";DX_username|s:5:\"gero4\";DX_role_id|s:1:\"1\";DX_role_name|s:4:\"User\";DX_parent_roles_id|a:0:{}DX_parent_roles_name|a:0:{}DX_permission|a:0:{}DX_parent_permissions|a:0:{}DX_logged_in|b:1;'),('4986b6bccd6f23f9cafa1477e072ebf1aef99e11','10.101.85.137',1432229178,'__ci_last_regenerate|i:1432228883;DX_user_id|s:1:\"9\";DX_username|s:10:\"roguelinkz\";DX_role_id|s:1:\"1\";DX_role_name|s:4:\"User\";DX_parent_roles_id|a:0:{}DX_parent_roles_name|a:0:{}DX_permission|a:0:{}DX_parent_permissions|a:0:{}DX_logged_in|b:1;'),('4a1a6aeeec20fd24509fe39b13fb05747c74e7ed','95.93.77.177',1439887319,'__ci_last_regenerate|i:1439887039;'),('4c0a1fe74e42326f05d319b5e86ea9bac4e2d4ef','194.117.40.166',1436830111,'__ci_last_regenerate|i:1436830111;'),('4cba8cf568fb70ccd6ec46fc461dd1ddc8853d74','85.139.155.2',1437476609,'__ci_last_regenerate|i:1437476554;DX_user_id|s:2:\"33\";DX_username|s:5:\"gero3\";DX_role_id|s:1:\"1\";DX_role_name|s:4:\"User\";DX_parent_roles_id|a:0:{}DX_parent_roles_name|a:0:{}DX_permission|a:0:{}DX_parent_permissions|a:0:{}DX_logged_in|b:1;'),('4d21827f477cdb68b88871445e4af30869635b3a','10.101.85.137',1432234756,'__ci_last_regenerate|i:1432234499;DX_user_id|s:1:\"9\";DX_username|s:10:\"roguelinkz\";DX_role_id|s:1:\"1\";DX_role_name|s:4:\"User\";DX_parent_roles_id|a:0:{}DX_parent_roles_name|a:0:{}DX_permission|a:0:{}DX_parent_permissions|a:0:{}DX_logged_in|b:1;'),('4e2b1d6216cb44efedf7391a828829bd397862ac','10.101.85.137',1432232309,'__ci_last_regenerate|i:1432232013;DX_user_id|s:1:\"9\";DX_username|s:10:\"roguelinkz\";DX_role_id|s:1:\"1\";DX_role_name|s:4:\"User\";DX_parent_roles_id|a:0:{}DX_parent_roles_name|a:0:{}DX_permission|a:0:{}DX_parent_permissions|a:0:{}DX_logged_in|b:1;'),('539b9a1abe9c63383b3bae6a00d6ae618e95680f','10.101.85.137',1432228115,'__ci_last_regenerate|i:1432227830;DX_user_id|s:1:\"9\";DX_username|s:10:\"roguelinkz\";DX_role_id|s:1:\"1\";DX_role_name|s:4:\"User\";DX_parent_roles_id|a:0:{}DX_parent_roles_name|a:0:{}DX_permission|a:0:{}DX_parent_permissions|a:0:{}DX_logged_in|b:1;'),('5496ed97813490f01ef4e9756d8f864669d65049','10.97.101.205',1433169368,'__ci_last_regenerate|i:1433169296;DX_user_id|s:2:\"20\";DX_username|s:6:\"martaa\";DX_role_id|s:1:\"1\";DX_role_name|s:4:\"User\";DX_parent_roles_id|a:0:{}DX_parent_roles_name|a:0:{}DX_permission|a:0:{}DX_parent_permissions|a:0:{}DX_logged_in|b:1;'),('553689ef53c0ed642f620eedf3689eceb4cb1ffc','10.101.85.137',1432222397,'__ci_last_regenerate|i:1432222123;DX_user_id|s:1:\"9\";DX_username|s:10:\"roguelinkz\";DX_role_id|s:1:\"1\";DX_role_name|s:4:\"User\";DX_parent_roles_id|a:0:{}DX_parent_roles_name|a:0:{}DX_permission|a:0:{}DX_parent_permissions|a:0:{}DX_logged_in|b:1;'),('55a2cb94f65e068a130a0114f290c53f0e8c88c7','10.101.85.137',1432228336,'__ci_last_regenerate|i:1432228049;DX_user_id|s:1:\"4\";DX_username|s:4:\"Joao\";DX_role_id|s:1:\"1\";DX_role_name|s:4:\"User\";DX_parent_roles_id|a:0:{}DX_parent_roles_name|a:0:{}DX_permission|a:0:{}DX_parent_permissions|a:0:{}DX_logged_in|b:1;'),('57cefbe732b05e8d5dc989307d601b97d56e1885','10.101.85.137',1432230306,'__ci_last_regenerate|i:1432230053;DX_user_id|s:1:\"4\";DX_username|s:4:\"Joao\";DX_role_id|s:1:\"1\";DX_role_name|s:4:\"User\";DX_parent_roles_id|a:0:{}DX_parent_roles_name|a:0:{}DX_permission|a:0:{}DX_parent_permissions|a:0:{}DX_logged_in|b:1;'),('582350665ebdab873ee81b1cf2d7450a0a9feb8b','95.93.77.177',1439891616,'__ci_last_regenerate|i:1439891323;DX_user_id|s:2:\"33\";DX_username|s:5:\"gero3\";DX_role_id|s:1:\"1\";DX_role_name|s:4:\"User\";DX_parent_roles_id|a:0:{}DX_parent_roles_name|a:0:{}DX_permission|a:0:{}DX_parent_permissions|a:0:{}DX_logged_in|b:1;'),('5846f81fe754e85261486f6345e2d77486b535c7','10.101.85.136',1432233660,'__ci_last_regenerate|i:1432233573;DX_user_id|s:2:\"10\";DX_username|s:5:\"Decio\";DX_role_id|s:1:\"1\";DX_role_name|s:4:\"User\";DX_parent_roles_id|a:0:{}DX_parent_roles_name|a:0:{}DX_permission|a:0:{}DX_parent_permissions|a:0:{}DX_logged_in|b:1;'),('594ca8a1dc4ea6994015a9dd7d907f47c4a3da3a','10.101.85.137',1432233500,'__ci_last_regenerate|i:1432233229;DX_user_id|s:1:\"9\";DX_username|s:10:\"roguelinkz\";DX_role_id|s:1:\"1\";DX_role_name|s:4:\"User\";DX_parent_roles_id|a:0:{}DX_parent_roles_name|a:0:{}DX_permission|a:0:{}DX_parent_permissions|a:0:{}DX_logged_in|b:1;'),('5a1fe56255bc273f64cf63fe402e2e080422742b','10.97.101.223',1432235161,'__ci_last_regenerate|i:1432235116;DX_user_id|s:2:\"20\";DX_username|s:6:\"martaa\";DX_role_id|s:1:\"1\";DX_role_name|s:4:\"User\";DX_parent_roles_id|a:0:{}DX_parent_roles_name|a:0:{}DX_permission|a:0:{}DX_parent_permissions|a:0:{}DX_logged_in|b:1;'),('5c1b4c174775e8ac9bf95672717dd0bcf5e7cd5d','10.101.85.137',1432224355,'__ci_last_regenerate|i:1432224097;DX_user_id|s:1:\"9\";DX_username|s:10:\"roguelinkz\";DX_role_id|s:1:\"1\";DX_role_name|s:4:\"User\";DX_parent_roles_id|a:0:{}DX_parent_roles_name|a:0:{}DX_permission|a:0:{}DX_parent_permissions|a:0:{}DX_logged_in|b:1;'),('5d9e5d9abe6277385f21adead88dd37b8c4f4012','194.117.40.166',1436825674,'__ci_last_regenerate|i:1436825495;'),('5f18ca20159edeb80df4f7858891806803399c4c','10.101.166.185',1432427086,'__ci_last_regenerate|i:1432427018;DX_user_id|s:1:\"4\";DX_username|s:4:\"Joao\";DX_role_id|s:1:\"1\";DX_role_name|s:4:\"User\";DX_parent_roles_id|a:0:{}DX_parent_roles_name|a:0:{}DX_permission|a:0:{}DX_parent_permissions|a:0:{}DX_logged_in|b:1;'),('5fb28655cd2f2ac1997d7fa7c375753ed12f0862','10.97.101.223',1432232701,'__ci_last_regenerate|i:1432232580;DX_user_id|s:2:\"20\";DX_username|s:6:\"martaa\";DX_role_id|s:1:\"1\";DX_role_name|s:4:\"User\";DX_parent_roles_id|a:0:{}DX_parent_roles_name|a:0:{}DX_permission|a:0:{}DX_parent_permissions|a:0:{}DX_logged_in|b:1;'),('6362d4cf1e70d3b0e1582a18fc4f02a6620a30ee','10.101.224.218',1432225398,'__ci_last_regenerate|i:1432225307;DX_user_id|s:2:\"20\";DX_username|s:6:\"martaa\";DX_role_id|s:1:\"1\";DX_role_name|s:4:\"User\";DX_parent_roles_id|a:0:{}DX_parent_roles_name|a:0:{}DX_permission|a:0:{}DX_parent_permissions|a:0:{}DX_logged_in|b:1;'),('63dd710c4adbfaa35c29fd0c8947a592c84a7d8b','10.101.85.137',1432231832,'__ci_last_regenerate|i:1432231694;DX_user_id|s:1:\"9\";DX_username|s:10:\"roguelinkz\";DX_role_id|s:1:\"1\";DX_role_name|s:4:\"User\";DX_parent_roles_id|a:0:{}DX_parent_roles_name|a:0:{}DX_permission|a:0:{}DX_parent_permissions|a:0:{}DX_logged_in|b:1;'),('690224f63ad6e72e1df382ae02f1d330912bc110','10.101.85.137',1432235111,'__ci_last_regenerate|i:1432235091;DX_user_id|s:1:\"4\";DX_username|s:4:\"Joao\";DX_role_id|s:1:\"1\";DX_role_name|s:4:\"User\";DX_parent_roles_id|a:0:{}DX_parent_roles_name|a:0:{}DX_permission|a:0:{}DX_parent_permissions|a:0:{}DX_logged_in|b:1;'),('6980359348fea2d7f361056a8ea24bdad3cdaaf8','10.101.85.137',1432233609,'__ci_last_regenerate|i:1432233328;DX_user_id|s:1:\"4\";DX_username|s:4:\"Joao\";DX_role_id|s:1:\"1\";DX_role_name|s:4:\"User\";DX_parent_roles_id|a:0:{}DX_parent_roles_name|a:0:{}DX_permission|a:0:{}DX_parent_permissions|a:0:{}DX_logged_in|b:1;'),('6c3dd47d548ea0043c11083a860a2c02a7f61ab8','95.93.77.177',1438681927,'__ci_last_regenerate|i:1438681927;DX_user_id|s:2:\"34\";DX_username|s:5:\"gero4\";DX_role_id|s:1:\"1\";DX_role_name|s:4:\"User\";DX_parent_roles_id|a:0:{}DX_parent_roles_name|a:0:{}DX_permission|a:0:{}DX_parent_permissions|a:0:{}DX_logged_in|b:1;'),('6d874a7afbf4af73c2b15eb225f294dc5aeef535','10.101.148.167',1432301959,'__ci_last_regenerate|i:1432301677;DX_user_id|s:1:\"9\";DX_username|s:10:\"roguelinkz\";DX_role_id|s:1:\"1\";DX_role_name|s:4:\"User\";DX_parent_roles_id|a:0:{}DX_parent_roles_name|a:0:{}DX_permission|a:0:{}DX_parent_permissions|a:0:{}DX_logged_in|b:1;'),('6f23eaff56aa3b5ab0411aefd86823b5dc96f37f','10.101.85.137',1432237323,'__ci_last_regenerate|i:1432237040;DX_user_id|s:1:\"4\";DX_username|s:4:\"Joao\";DX_role_id|s:1:\"1\";DX_role_name|s:4:\"User\";DX_parent_roles_id|a:0:{}DX_parent_roles_name|a:0:{}DX_permission|a:0:{}DX_parent_permissions|a:0:{}DX_logged_in|b:1;'),('6fc2e1aa216054784a2700d68c0b02911b2782ec','81.193.77.98',1436831852,'__ci_last_regenerate|i:1436831811;'),('727355a30947b20bd3091676715d48cd30d216bd','194.117.40.166',1436830839,'__ci_last_regenerate|i:1436830839;'),('7331ee04660219a68f84bb60b5b5cab418ac8bf8','10.101.85.136',1432238887,'__ci_last_regenerate|i:1432238706;DX_user_id|s:2:\"10\";DX_username|s:5:\"Decio\";DX_role_id|s:1:\"1\";DX_role_name|s:4:\"User\";DX_parent_roles_id|a:0:{}DX_parent_roles_name|a:0:{}DX_permission|a:0:{}DX_parent_permissions|a:0:{}DX_logged_in|b:1;'),('7396256fa0ef085173bda556ddedf3a0322857fb','10.101.85.137',1432232610,'__ci_last_regenerate|i:1432232319;DX_user_id|s:1:\"9\";DX_username|s:10:\"roguelinkz\";DX_role_id|s:1:\"1\";DX_role_name|s:4:\"User\";DX_parent_roles_id|a:0:{}DX_parent_roles_name|a:0:{}DX_permission|a:0:{}DX_parent_permissions|a:0:{}DX_logged_in|b:1;'),('75bf5836da617622077ca5f1a8291599a3a6b296','10.101.148.60',1432551215,'__ci_last_regenerate|i:1432551213;DX_user_id|s:2:\"10\";DX_username|s:5:\"Decio\";DX_role_id|s:1:\"1\";DX_role_name|s:4:\"User\";DX_parent_roles_id|a:0:{}DX_parent_roles_name|a:0:{}DX_permission|a:0:{}DX_parent_permissions|a:0:{}DX_logged_in|b:1;'),('7640e016bbaf64d6887c1b64f7af74ed8b0df565','10.97.101.205',1433170238,'__ci_last_regenerate|i:1433170102;DX_user_id|s:2:\"20\";DX_username|s:6:\"martaa\";DX_role_id|s:1:\"1\";DX_role_name|s:4:\"User\";DX_parent_roles_id|a:0:{}DX_parent_roles_name|a:0:{}DX_permission|a:0:{}DX_parent_permissions|a:0:{}DX_logged_in|b:1;'),('767747503bcca5972bfb90d5ee364e0783220cd8','95.93.77.177',1439896820,'__ci_last_regenerate|i:1439896521;DX_user_id|s:2:\"33\";DX_username|s:5:\"gero3\";DX_role_id|s:1:\"1\";DX_role_name|s:4:\"User\";DX_parent_roles_id|a:0:{}DX_parent_roles_name|a:0:{}DX_permission|a:0:{}DX_parent_permissions|a:0:{}DX_logged_in|b:1;'),('7773e9ca33d9904be905c06a043a4819b3354335','10.101.148.167',1432301102,'__ci_last_regenerate|i:1432300916;DX_user_id|s:1:\"9\";DX_username|s:10:\"roguelinkz\";DX_role_id|s:1:\"1\";DX_role_name|s:4:\"User\";DX_parent_roles_id|a:0:{}DX_parent_roles_name|a:0:{}DX_permission|a:0:{}DX_parent_permissions|a:0:{}DX_logged_in|b:1;'),('787d14e99d773eae692d39f97c5b441a9f423d66','10.101.85.137',1432236286,'__ci_last_regenerate|i:1432235987;DX_user_id|s:1:\"9\";DX_username|s:10:\"roguelinkz\";DX_role_id|s:1:\"1\";DX_role_name|s:4:\"User\";DX_parent_roles_id|a:0:{}DX_parent_roles_name|a:0:{}DX_permission|a:0:{}DX_parent_permissions|a:0:{}DX_logged_in|b:1;'),('794a205bb18be30925838d3e88b25104c5ce1e97','10.101.85.137',1432229261,'__ci_last_regenerate|i:1432228982;DX_user_id|s:1:\"4\";DX_username|s:4:\"Joao\";DX_role_id|s:1:\"1\";DX_role_name|s:4:\"User\";DX_parent_roles_id|a:0:{}DX_parent_roles_name|a:0:{}DX_permission|a:0:{}DX_parent_permissions|a:0:{}DX_logged_in|b:1;'),('7ab41947ffdfbbf259daf2c9c9ea597e771f3382','95.93.77.177',1439890532,'__ci_last_regenerate|i:1439890503;DX_user_id|s:2:\"33\";DX_username|s:5:\"gero3\";DX_role_id|s:1:\"1\";DX_role_name|s:4:\"User\";DX_parent_roles_id|a:0:{}DX_parent_roles_name|a:0:{}DX_permission|a:0:{}DX_parent_permissions|a:0:{}DX_logged_in|b:1;'),('7ae916b9b506b622b15995836492505a4cb14f81','10.101.229.169',1433167286,'__ci_last_regenerate|i:1433167234;DX_user_id|s:2:\"30\";DX_username|s:6:\"OLAOLA\";DX_role_id|s:1:\"1\";DX_role_name|s:4:\"User\";DX_parent_roles_id|a:0:{}DX_parent_roles_name|a:0:{}DX_permission|a:0:{}DX_parent_permissions|a:0:{}DX_logged_in|b:1;'),('7c7136d1c0d3dadfa05fc60ad95acac67dd389ba','10.101.85.136',1432229376,'__ci_last_regenerate|i:1432229364;DX_user_id|s:2:\"10\";DX_username|s:5:\"Decio\";DX_role_id|s:1:\"1\";DX_role_name|s:4:\"User\";DX_parent_roles_id|a:0:{}DX_parent_roles_name|a:0:{}DX_permission|a:0:{}DX_parent_permissions|a:0:{}DX_logged_in|b:1;'),('7ce211cec9de0e23e5ff5c77e95027ff3b6e3c97','10.101.85.137',1432229759,'__ci_last_regenerate|i:1432229671;DX_user_id|s:1:\"4\";DX_username|s:4:\"Joao\";DX_role_id|s:1:\"1\";DX_role_name|s:4:\"User\";DX_parent_roles_id|a:0:{}DX_parent_roles_name|a:0:{}DX_permission|a:0:{}DX_parent_permissions|a:0:{}DX_logged_in|b:1;'),('7cfe326bc43ccdc18f69d1d53fce8cc65041c9d2','85.139.155.2',1437426617,'__ci_last_regenerate|i:1437426579;'),('7d82f7841e6bbb3df47436b9609f2d5072eb10fc','10.101.85.137',1432224522,'__ci_last_regenerate|i:1432224409;DX_user_id|s:1:\"9\";DX_username|s:10:\"roguelinkz\";DX_role_id|s:1:\"1\";DX_role_name|s:4:\"User\";DX_parent_roles_id|a:0:{}DX_parent_roles_name|a:0:{}DX_permission|a:0:{}DX_parent_permissions|a:0:{}DX_logged_in|b:1;'),('7db24a01efcd06940ac223520b19b9e80696ad08','10.101.85.136',1432239279,'__ci_last_regenerate|i:1432239159;DX_user_id|s:2:\"10\";DX_username|s:5:\"Decio\";DX_role_id|s:1:\"1\";DX_role_name|s:4:\"User\";DX_parent_roles_id|a:0:{}DX_parent_roles_name|a:0:{}DX_permission|a:0:{}DX_parent_permissions|a:0:{}DX_logged_in|b:1;'),('7e1e9a7b631a30aa556152f0de5121b6ae2809de','95.93.77.177',1439896897,'__ci_last_regenerate|i:1439896897;DX_user_id|s:2:\"33\";DX_username|s:5:\"gero3\";DX_role_id|s:1:\"1\";DX_role_name|s:4:\"User\";DX_parent_roles_id|a:0:{}DX_parent_roles_name|a:0:{}DX_permission|a:0:{}DX_parent_permissions|a:0:{}DX_logged_in|b:1;'),('7e39e36ec3583798c13ce38e3fab2abf7da00a41','10.101.85.137',1432230555,'__ci_last_regenerate|i:1432230413;DX_user_id|s:1:\"9\";DX_username|s:10:\"roguelinkz\";DX_role_id|s:1:\"1\";DX_role_name|s:4:\"User\";DX_parent_roles_id|a:0:{}DX_parent_roles_name|a:0:{}DX_permission|a:0:{}DX_parent_permissions|a:0:{}DX_logged_in|b:1;'),('7e837336eb7e40b4740acd436ef6e6b708fc7199','95.93.77.177',1439897237,'__ci_last_regenerate|i:1439897210;DX_user_id|s:2:\"33\";DX_username|s:5:\"gero3\";DX_role_id|s:1:\"1\";DX_role_name|s:4:\"User\";DX_parent_roles_id|a:0:{}DX_parent_roles_name|a:0:{}DX_permission|a:0:{}DX_parent_permissions|a:0:{}DX_logged_in|b:1;'),('80c6b5bc8a0c7434149ca7d4e8b8927e424d3f77','95.93.77.177',1439890165,'__ci_last_regenerate|i:1439889899;DX_user_id|s:2:\"33\";DX_username|s:5:\"gero3\";DX_role_id|s:1:\"1\";DX_role_name|s:4:\"User\";DX_parent_roles_id|a:0:{}DX_parent_roles_name|a:0:{}DX_permission|a:0:{}DX_parent_permissions|a:0:{}DX_logged_in|b:1;'),('8123d306c73684a35808144f1f09ea38abc1e6a6','10.97.101.223',1432238016,'__ci_last_regenerate|i:1432238015;DX_user_id|s:2:\"20\";DX_username|s:6:\"martaa\";DX_role_id|s:1:\"1\";DX_role_name|s:4:\"User\";DX_parent_roles_id|a:0:{}DX_parent_roles_name|a:0:{}DX_permission|a:0:{}DX_parent_permissions|a:0:{}DX_logged_in|b:1;'),('816bc813b874e876c1faaea16b8300deea0cc505','193.137.142.222',1439901493,'__ci_last_regenerate|i:1439901204;DX_user_id|s:2:\"35\";DX_username|s:5:\"gero5\";DX_role_id|s:1:\"1\";DX_role_name|s:4:\"User\";DX_parent_roles_id|a:0:{}DX_parent_roles_name|a:0:{}DX_permission|a:0:{}DX_parent_permissions|a:0:{}DX_logged_in|b:1;'),('82b2b01e733f87ecfd16e5416af37edd6c787472','10.101.166.193',1432303519,'__ci_last_regenerate|i:1432303409;DX_user_id|s:2:\"10\";DX_username|s:5:\"Decio\";DX_role_id|s:1:\"1\";DX_role_name|s:4:\"User\";DX_parent_roles_id|a:0:{}DX_parent_roles_name|a:0:{}DX_permission|a:0:{}DX_parent_permissions|a:0:{}DX_logged_in|b:1;'),('82ed25abd7f3eb7d558dd6eb730727bc8f6febdf','95.93.77.177',1439894089,'__ci_last_regenerate|i:1439893801;DX_user_id|s:2:\"33\";DX_username|s:5:\"gero3\";DX_role_id|s:1:\"1\";DX_role_name|s:4:\"User\";DX_parent_roles_id|a:0:{}DX_parent_roles_name|a:0:{}DX_permission|a:0:{}DX_parent_permissions|a:0:{}DX_logged_in|b:1;'),('842c92f6b4bf31f593d2f39187c184f1638a7d8a','10.101.85.137',1432235073,'__ci_last_regenerate|i:1432234837;DX_user_id|s:1:\"9\";DX_username|s:10:\"roguelinkz\";DX_role_id|s:1:\"1\";DX_role_name|s:4:\"User\";DX_parent_roles_id|a:0:{}DX_parent_roles_name|a:0:{}DX_permission|a:0:{}DX_parent_permissions|a:0:{}DX_logged_in|b:1;'),('848846c6a91cd062a6b41ef9ea0ce471aa45e164','10.101.166.193',1432317061,'__ci_last_regenerate|i:1432316784;DX_user_id|s:2:\"10\";DX_username|s:5:\"Decio\";DX_role_id|s:1:\"1\";DX_role_name|s:4:\"User\";DX_parent_roles_id|a:0:{}DX_parent_roles_name|a:0:{}DX_permission|a:0:{}DX_parent_permissions|a:0:{}DX_logged_in|b:1;'),('887f773f60eb1369168ba8c0b2adf6676c04a83b','10.101.230.248',1432285856,'__ci_last_regenerate|i:1432285658;DX_user_id|s:2:\"25\";DX_username|s:6:\"banana\";DX_role_id|s:1:\"1\";DX_role_name|s:4:\"User\";DX_parent_roles_id|a:0:{}DX_parent_roles_name|a:0:{}DX_permission|a:0:{}DX_parent_permissions|a:0:{}DX_logged_in|b:1;'),('89fad04edca40ed6a0a6d80322deb69794f2a08d','10.101.85.137',1432231005,'__ci_last_regenerate|i:1432230772;DX_user_id|s:1:\"4\";DX_username|s:4:\"Joao\";DX_role_id|s:1:\"1\";DX_role_name|s:4:\"User\";DX_parent_roles_id|a:0:{}DX_parent_roles_name|a:0:{}DX_permission|a:0:{}DX_parent_permissions|a:0:{}DX_logged_in|b:1;'),('8cd1253a2adfdd3a7eef80e4bbc45213ee308a25','95.93.77.177',1438685943,'__ci_last_regenerate|i:1438685915;DX_user_id|s:2:\"34\";DX_username|s:5:\"gero4\";DX_role_id|s:1:\"1\";DX_role_name|s:4:\"User\";DX_parent_roles_id|a:0:{}DX_parent_roles_name|a:0:{}DX_permission|a:0:{}DX_parent_permissions|a:0:{}DX_logged_in|b:1;'),('8d7e27982c55dc27f3beedf95676f5f746f016af','10.101.148.167',1432303416,'__ci_last_regenerate|i:1432303416;DX_user_id|s:1:\"9\";DX_username|s:10:\"roguelinkz\";DX_role_id|s:1:\"1\";DX_role_name|s:4:\"User\";DX_parent_roles_id|a:0:{}DX_parent_roles_name|a:0:{}DX_permission|a:0:{}DX_parent_permissions|a:0:{}DX_logged_in|b:1;'),('8f2dcbd69adfaabfea1c7fde08ba267809bb4e95','10.101.85.137',1432227526,'__ci_last_regenerate|i:1432227526;DX_user_id|s:1:\"9\";DX_username|s:10:\"roguelinkz\";DX_role_id|s:1:\"1\";DX_role_name|s:4:\"User\";DX_parent_roles_id|a:0:{}DX_parent_roles_name|a:0:{}DX_permission|a:0:{}DX_parent_permissions|a:0:{}DX_logged_in|b:1;'),('8fce2afeaeb3152ef8c3e4940a8acbba30be3158','10.101.85.137',1432237923,'__ci_last_regenerate|i:1432237628;DX_user_id|s:1:\"9\";DX_username|s:10:\"roguelinkz\";DX_role_id|s:1:\"1\";DX_role_name|s:4:\"User\";DX_parent_roles_id|a:0:{}DX_parent_roles_name|a:0:{}DX_permission|a:0:{}DX_parent_permissions|a:0:{}DX_logged_in|b:1;'),('8fd77be9a5d7292977dd8a953fdb488847c9891f','10.101.85.137',1432225898,'__ci_last_regenerate|i:1432225819;DX_user_id|s:1:\"9\";DX_username|s:10:\"roguelinkz\";DX_role_id|s:1:\"1\";DX_role_name|s:4:\"User\";DX_parent_roles_id|a:0:{}DX_parent_roles_name|a:0:{}DX_permission|a:0:{}DX_parent_permissions|a:0:{}DX_logged_in|b:1;'),('90d18638ee9688a0ccb82260f40a9d347bded18c','95.93.77.177',1439889455,'__ci_last_regenerate|i:1439889293;DX_user_id|s:2:\"33\";DX_username|s:5:\"gero3\";DX_role_id|s:1:\"1\";DX_role_name|s:4:\"User\";DX_parent_roles_id|a:0:{}DX_parent_roles_name|a:0:{}DX_permission|a:0:{}DX_parent_permissions|a:0:{}DX_logged_in|b:1;'),('9311f28030b795ed167f7d901164b6a700f73051','95.93.77.177',1439888653,'__ci_last_regenerate|i:1439888653;DX_user_id|s:2:\"33\";DX_username|s:5:\"gero3\";DX_role_id|s:1:\"1\";DX_role_name|s:4:\"User\";DX_parent_roles_id|a:0:{}DX_parent_roles_name|a:0:{}DX_permission|a:0:{}DX_parent_permissions|a:0:{}DX_logged_in|b:1;'),('9386e2f15d735770edec1931956c963cff0243e6','194.117.40.166',1436830412,'__ci_last_regenerate|i:1436830412;'),('945b77f6b7461a34c989a995a2abbf5c5fb4de48','194.117.22.70',1436517101,'__ci_last_regenerate|i:1436516993;'),('96315a675bf0c7f266ed76cbaae6dccb7e049b2b','10.101.85.136',1432228569,'__ci_last_regenerate|i:1432228503;DX_user_id|s:2:\"10\";DX_username|s:5:\"Decio\";DX_role_id|s:1:\"1\";DX_role_name|s:4:\"User\";DX_parent_roles_id|a:0:{}DX_parent_roles_name|a:0:{}DX_permission|a:0:{}DX_parent_permissions|a:0:{}DX_logged_in|b:1;'),('9769ba0f60f9937e2bced1375292344482e847f8','10.101.166.193',1432301678,'__ci_last_regenerate|i:1432301627;DX_user_id|s:2:\"10\";DX_username|s:5:\"Decio\";DX_role_id|s:1:\"1\";DX_role_name|s:4:\"User\";DX_parent_roles_id|a:0:{}DX_parent_roles_name|a:0:{}DX_permission|a:0:{}DX_parent_permissions|a:0:{}DX_logged_in|b:1;'),('9cd4a9006d61ddd81d75cc4f832cfc174cca6e8c','193.137.142.222',1439901634,'__ci_last_regenerate|i:1439901619;DX_user_id|s:2:\"35\";DX_username|s:5:\"gero5\";DX_role_id|s:1:\"1\";DX_role_name|s:4:\"User\";DX_parent_roles_id|a:0:{}DX_parent_roles_name|a:0:{}DX_permission|a:0:{}DX_parent_permissions|a:0:{}DX_logged_in|b:1;'),('9cdcd9ac074151038b0de8e44096bd71feb58710','10.101.149.64',1432543467,'__ci_last_regenerate|i:1432543467;'),('9dc864087bec2d0710414720ce8436e8a0de9fc3','10.101.85.137',1432233259,'__ci_last_regenerate|i:1432233008;DX_user_id|s:1:\"4\";DX_username|s:4:\"Joao\";DX_role_id|s:1:\"1\";DX_role_name|s:4:\"User\";DX_parent_roles_id|a:0:{}DX_parent_roles_name|a:0:{}DX_permission|a:0:{}DX_parent_permissions|a:0:{}DX_logged_in|b:1;'),('9ee01d9c58f9e285b222e5199c95c0cde4f7e06a','95.93.77.177',1438676881,'__ci_last_regenerate|i:1438676802;DX_user_id|s:2:\"34\";DX_username|s:5:\"gero4\";DX_role_id|s:1:\"1\";DX_role_name|s:4:\"User\";DX_parent_roles_id|a:0:{}DX_parent_roles_name|a:0:{}DX_permission|a:0:{}DX_parent_permissions|a:0:{}DX_logged_in|b:1;'),('a0f4b953c2a3188dc25965808cd126986171db8a','194.117.22.70',1432576437,'__ci_last_regenerate|i:1432576391;'),('a32b293c1e90ca4c8281933257385bdace02ffd8','10.101.85.137',1432239747,'__ci_last_regenerate|i:1432239547;DX_user_id|s:1:\"9\";DX_username|s:10:\"roguelinkz\";DX_role_id|s:1:\"1\";DX_role_name|s:4:\"User\";DX_parent_roles_id|a:0:{}DX_parent_roles_name|a:0:{}DX_permission|a:0:{}DX_parent_permissions|a:0:{}DX_logged_in|b:1;'),('a43e47f596a367401cdc6b843fc08794d1eec5c6','10.101.86.99',1432312126,'__ci_last_regenerate|i:1432311902;DX_user_id|s:2:\"24\";DX_username|s:9:\"lmcarrico\";DX_role_id|s:1:\"1\";DX_role_name|s:4:\"User\";DX_parent_roles_id|a:0:{}DX_parent_roles_name|a:0:{}DX_permission|a:0:{}DX_parent_permissions|a:0:{}DX_logged_in|b:1;'),('a470ba61a3db790f8dd2e95bc481a7989f4e18ff','10.101.166.193',1432316654,'__ci_last_regenerate|i:1432316458;DX_user_id|s:2:\"10\";DX_username|s:5:\"Decio\";DX_role_id|s:1:\"1\";DX_role_name|s:4:\"User\";DX_parent_roles_id|a:0:{}DX_parent_roles_name|a:0:{}DX_permission|a:0:{}DX_parent_permissions|a:0:{}DX_logged_in|b:1;'),('a6bc96d6ab8a21d39603af4f146148b70e8ee678','10.101.166.92',1432997991,'__ci_last_regenerate|i:1432997991;'),('aa603c5ac4a5ecc755881c3b42bfbc02f5ef2b17','10.101.148.60',1432554718,'__ci_last_regenerate|i:1432554455;DX_user_id|s:2:\"10\";DX_username|s:5:\"Decio\";DX_role_id|s:1:\"1\";DX_role_name|s:4:\"User\";DX_parent_roles_id|a:0:{}DX_parent_roles_name|a:0:{}DX_permission|a:0:{}DX_parent_permissions|a:0:{}DX_logged_in|b:1;'),('ac549b62557bf5cf332ac23c45d053a7206dc991','10.97.101.223',1432237692,'__ci_last_regenerate|i:1432237645;DX_user_id|s:2:\"20\";DX_username|s:6:\"martaa\";DX_role_id|s:1:\"1\";DX_role_name|s:4:\"User\";DX_parent_roles_id|a:0:{}DX_parent_roles_name|a:0:{}DX_permission|a:0:{}DX_parent_permissions|a:0:{}DX_logged_in|b:1;'),('acbe1cf2d9b54366d2c274bd6e411ede91565afa','10.101.85.137',1432228932,'__ci_last_regenerate|i:1432228668;DX_user_id|s:1:\"4\";DX_username|s:4:\"Joao\";DX_role_id|s:1:\"1\";DX_role_name|s:4:\"User\";DX_parent_roles_id|a:0:{}DX_parent_roles_name|a:0:{}DX_permission|a:0:{}DX_parent_permissions|a:0:{}DX_logged_in|b:1;'),('adcd361f00376154eb20bff220873817e0b3bfbc','10.101.85.137',1432236815,'__ci_last_regenerate|i:1432236518;DX_user_id|s:1:\"4\";DX_username|s:4:\"Joao\";DX_role_id|s:1:\"1\";DX_role_name|s:4:\"User\";DX_parent_roles_id|a:0:{}DX_parent_roles_name|a:0:{}DX_permission|a:0:{}DX_parent_permissions|a:0:{}DX_logged_in|b:1;'),('af3fe85fe92bcb91cebfccdfe44cd977a5cecc34','10.101.85.137',1432237693,'__ci_last_regenerate|i:1432237412;DX_user_id|s:1:\"4\";DX_username|s:4:\"Joao\";DX_role_id|s:1:\"1\";DX_role_name|s:4:\"User\";DX_parent_roles_id|a:0:{}DX_parent_roles_name|a:0:{}DX_permission|a:0:{}DX_parent_permissions|a:0:{}DX_logged_in|b:1;'),('af64c97889696a4e72e71f8a65ec8fe2b5ff2cee','10.101.85.137',1432231305,'__ci_last_regenerate|i:1432231049;DX_user_id|s:1:\"9\";DX_username|s:10:\"roguelinkz\";DX_role_id|s:1:\"1\";DX_role_name|s:4:\"User\";DX_parent_roles_id|a:0:{}DX_parent_roles_name|a:0:{}DX_permission|a:0:{}DX_parent_permissions|a:0:{}DX_logged_in|b:1;'),('b0ae814a0de05288183a4f33c58b6eed34d56346','82.154.92.199',1436887333,'__ci_last_regenerate|i:1436887333;'),('b1625ee86c29783cd4e48065ab3f9e2ccbb5e480','10.101.85.137',1432226207,'__ci_last_regenerate|i:1432226207;'),('b25393c79936753029ce4fad957542ab852f8a34','10.101.85.137',1432229578,'__ci_last_regenerate|i:1432229504;DX_user_id|s:1:\"9\";DX_username|s:10:\"roguelinkz\";DX_role_id|s:1:\"1\";DX_role_name|s:4:\"User\";DX_parent_roles_id|a:0:{}DX_parent_roles_name|a:0:{}DX_permission|a:0:{}DX_parent_permissions|a:0:{}DX_logged_in|b:1;'),('b3048f32d5a26edc55e0a7544baebddb1e4436ef','10.101.85.136',1432226713,'__ci_last_regenerate|i:1432226419;DX_user_id|s:2:\"10\";DX_username|s:5:\"Decio\";DX_role_id|s:1:\"1\";DX_role_name|s:4:\"User\";DX_parent_roles_id|a:0:{}DX_parent_roles_name|a:0:{}DX_permission|a:0:{}DX_parent_permissions|a:0:{}DX_logged_in|b:1;'),('b3527c50dc080a9b09765712a909e65357350784','82.154.92.199',1436966540,'__ci_last_regenerate|i:1436966540;'),('b4c913cafcd0ad43f1078510d13151c67f87754a','10.101.85.136',1432226967,'__ci_last_regenerate|i:1432226747;DX_user_id|s:2:\"10\";DX_username|s:5:\"Decio\";DX_role_id|s:1:\"1\";DX_role_name|s:4:\"User\";DX_parent_roles_id|a:0:{}DX_parent_roles_name|a:0:{}DX_permission|a:0:{}DX_parent_permissions|a:0:{}DX_logged_in|b:1;'),('b5b56e5c4800397a554ee39974649e6a56ff764d','10.101.85.136',1432228908,'__ci_last_regenerate|i:1432228851;DX_user_id|s:2:\"10\";DX_username|s:5:\"Decio\";DX_role_id|s:1:\"1\";DX_role_name|s:4:\"User\";DX_parent_roles_id|a:0:{}DX_parent_roles_name|a:0:{}DX_permission|a:0:{}DX_parent_permissions|a:0:{}DX_logged_in|b:1;'),('b6627747a070f05ffa0322a3d9e14adb82e00243','10.101.85.136',1432232428,'__ci_last_regenerate|i:1432232197;DX_user_id|s:2:\"10\";DX_username|s:5:\"Decio\";DX_role_id|s:1:\"1\";DX_role_name|s:4:\"User\";DX_parent_roles_id|a:0:{}DX_parent_roles_name|a:0:{}DX_permission|a:0:{}DX_parent_permissions|a:0:{}DX_logged_in|b:1;'),('b6faaed030447caa00a1dcbc672546f4fd7edbdc','10.97.101.223',1432245528,'__ci_last_regenerate|i:1432245338;DX_user_id|s:2:\"20\";DX_username|s:6:\"martaa\";DX_role_id|s:1:\"1\";DX_role_name|s:4:\"User\";DX_parent_roles_id|a:0:{}DX_parent_roles_name|a:0:{}DX_permission|a:0:{}DX_parent_permissions|a:0:{}DX_logged_in|b:1;'),('b78c1759c34ef20c6a36c2c17f7bc9b159f8c230','95.93.77.177',1439894320,'__ci_last_regenerate|i:1439894114;DX_user_id|s:2:\"33\";DX_username|s:5:\"gero3\";DX_role_id|s:1:\"1\";DX_role_name|s:4:\"User\";DX_parent_roles_id|a:0:{}DX_parent_roles_name|a:0:{}DX_permission|a:0:{}DX_parent_permissions|a:0:{}DX_logged_in|b:1;'),('b896f59e30278732a71069198b7a470fc7155786','10.101.229.118',1432645462,'__ci_last_regenerate|i:1432645392;DX_user_id|s:2:\"24\";DX_username|s:9:\"lmcarrico\";DX_role_id|s:1:\"1\";DX_role_name|s:4:\"User\";DX_parent_roles_id|a:0:{}DX_parent_roles_name|a:0:{}DX_permission|a:0:{}DX_parent_permissions|a:0:{}DX_logged_in|b:1;'),('b89dfea1843c97f222a68ee799ae22802b492268','95.93.77.177',1438684803,'__ci_last_regenerate|i:1438684741;DX_user_id|s:2:\"34\";DX_username|s:5:\"gero4\";DX_role_id|s:1:\"1\";DX_role_name|s:4:\"User\";DX_parent_roles_id|a:0:{}DX_parent_roles_name|a:0:{}DX_permission|a:0:{}DX_parent_permissions|a:0:{}DX_logged_in|b:1;'),('b8ce16bdc8106d7692d80946f4477ee93dba1ecb','10.101.148.167',1432303062,'__ci_last_regenerate|i:1432302794;DX_user_id|s:1:\"9\";DX_username|s:10:\"roguelinkz\";DX_role_id|s:1:\"1\";DX_role_name|s:4:\"User\";DX_parent_roles_id|a:0:{}DX_parent_roles_name|a:0:{}DX_permission|a:0:{}DX_parent_permissions|a:0:{}DX_logged_in|b:1;'),('bbadf79b08a6fdd7c176676d0bc38cf95b7da6c4','95.93.77.177',1439887904,'__ci_last_regenerate|i:1439887874;DX_user_id|s:2:\"35\";DX_username|s:5:\"gero5\";DX_role_id|s:1:\"1\";DX_role_name|s:4:\"User\";DX_parent_roles_id|a:0:{}DX_parent_roles_name|a:0:{}DX_permission|a:0:{}DX_parent_permissions|a:0:{}DX_logged_in|b:1;'),('bf911ee6375fb416f511ae321024a869a9e972b4','10.101.85.137',1432234422,'__ci_last_regenerate|i:1432234184;DX_user_id|s:1:\"9\";DX_username|s:10:\"roguelinkz\";DX_role_id|s:1:\"1\";DX_role_name|s:4:\"User\";DX_parent_roles_id|a:0:{}DX_parent_roles_name|a:0:{}DX_permission|a:0:{}DX_parent_permissions|a:0:{}DX_logged_in|b:1;'),('c01468b797f7d5b067db2ddab4b989a0c0d7bc73','10.101.166.193',1432301085,'__ci_last_regenerate|i:1432300914;DX_user_id|s:2:\"10\";DX_username|s:5:\"Decio\";DX_role_id|s:1:\"1\";DX_role_name|s:4:\"User\";DX_parent_roles_id|a:0:{}DX_parent_roles_name|a:0:{}DX_permission|a:0:{}DX_parent_permissions|a:0:{}DX_logged_in|b:1;'),('c08a0c6e3abbe8532bc61929e2088459f61e7273','10.101.231.176',1439473079,'__ci_last_regenerate|i:1439473017;DX_user_id|s:2:\"35\";DX_username|s:5:\"gero5\";DX_role_id|s:1:\"1\";DX_role_name|s:4:\"User\";DX_parent_roles_id|a:0:{}DX_parent_roles_name|a:0:{}DX_permission|a:0:{}DX_parent_permissions|a:0:{}DX_logged_in|b:1;'),('c0c1764b24584de4633568fa27487c744aba2231','10.101.85.137',1432236589,'__ci_last_regenerate|i:1432236342;DX_user_id|s:1:\"9\";DX_username|s:10:\"roguelinkz\";DX_role_id|s:1:\"1\";DX_role_name|s:4:\"User\";DX_parent_roles_id|a:0:{}DX_parent_roles_name|a:0:{}DX_permission|a:0:{}DX_parent_permissions|a:0:{}DX_logged_in|b:1;'),('c15452da78eee4f2a6eebc30630728417793d8b6','10.101.85.137',1432227774,'__ci_last_regenerate|i:1432227498;DX_user_id|s:1:\"4\";DX_username|s:4:\"Joao\";DX_role_id|s:1:\"1\";DX_role_name|s:4:\"User\";DX_parent_roles_id|a:0:{}DX_parent_roles_name|a:0:{}DX_permission|a:0:{}DX_parent_permissions|a:0:{}DX_logged_in|b:1;'),('c65b87cba2c95f96437667f17b93891313e6aa41','95.93.77.177',1439888459,'__ci_last_regenerate|i:1439888317;DX_user_id|s:2:\"33\";DX_username|s:5:\"gero3\";DX_role_id|s:1:\"1\";DX_role_name|s:4:\"User\";DX_parent_roles_id|a:0:{}DX_parent_roles_name|a:0:{}DX_permission|a:0:{}DX_parent_permissions|a:0:{}DX_logged_in|b:1;'),('c764ddb8cd17d29573964c2b1d6554dda2e62c7b','10.101.85.137',1432226888,'__ci_last_regenerate|i:1432226643;DX_user_id|s:1:\"9\";DX_username|s:10:\"roguelinkz\";DX_role_id|s:1:\"1\";DX_role_name|s:4:\"User\";DX_parent_roles_id|a:0:{}DX_parent_roles_name|a:0:{}DX_permission|a:0:{}DX_parent_permissions|a:0:{}DX_logged_in|b:1;'),('c7ebcf14432b81370fadc85ab7cf598835767a7a','10.101.148.167',1432302248,'__ci_last_regenerate|i:1432301992;DX_user_id|s:1:\"9\";DX_username|s:10:\"roguelinkz\";DX_role_id|s:1:\"1\";DX_role_name|s:4:\"User\";DX_parent_roles_id|a:0:{}DX_parent_roles_name|a:0:{}DX_permission|a:0:{}DX_parent_permissions|a:0:{}DX_logged_in|b:1;'),('c85f4fbcb74e3832f60e06d62a82372712d53e08','10.101.148.167',1432303395,'__ci_last_regenerate|i:1432303111;DX_user_id|s:1:\"9\";DX_username|s:10:\"roguelinkz\";DX_role_id|s:1:\"1\";DX_role_name|s:4:\"User\";DX_parent_roles_id|a:0:{}DX_parent_roles_name|a:0:{}DX_permission|a:0:{}DX_parent_permissions|a:0:{}DX_logged_in|b:1;'),('c889bb51135288321c8f37797f7c25a59cb32d8d','10.101.85.137',1432232813,'__ci_last_regenerate|i:1432232638;DX_user_id|s:1:\"9\";DX_username|s:10:\"roguelinkz\";DX_role_id|s:1:\"1\";DX_role_name|s:4:\"User\";DX_parent_roles_id|a:0:{}DX_parent_roles_name|a:0:{}DX_permission|a:0:{}DX_parent_permissions|a:0:{}DX_logged_in|b:1;'),('c9953eabc55411be8a6c5bd987fdd37f4119acdc','95.93.77.177',1438683228,'__ci_last_regenerate|i:1438683160;DX_user_id|s:2:\"34\";DX_username|s:5:\"gero4\";DX_role_id|s:1:\"1\";DX_role_name|s:4:\"User\";DX_parent_roles_id|a:0:{}DX_parent_roles_name|a:0:{}DX_permission|a:0:{}DX_parent_permissions|a:0:{}DX_logged_in|b:1;'),('ca33ab9109dd611313541066e561b09bdcd13c59','10.101.229.169',1433161139,'__ci_last_regenerate|i:1433160906;'),('caa4a1c13b4881460088fcd98b981664341cdf9a','95.93.77.177',1439891112,'__ci_last_regenerate|i:1439890857;DX_user_id|s:2:\"33\";DX_username|s:5:\"gero3\";DX_role_id|s:1:\"1\";DX_role_name|s:4:\"User\";DX_parent_roles_id|a:0:{}DX_parent_roles_name|a:0:{}DX_permission|a:0:{}DX_parent_permissions|a:0:{}DX_logged_in|b:1;'),('cb99b8a1c6e126a9c78c343b764f0a7cb8db33b0','95.93.77.177',1439892260,'__ci_last_regenerate|i:1439892047;DX_user_id|s:2:\"33\";DX_username|s:5:\"gero3\";DX_role_id|s:1:\"1\";DX_role_name|s:4:\"User\";DX_parent_roles_id|a:0:{}DX_parent_roles_name|a:0:{}DX_permission|a:0:{}DX_parent_permissions|a:0:{}DX_logged_in|b:1;'),('cbc6e98fc7846e1ffed025d9f2c3de54ff0e579b','10.101.85.136',1432232532,'__ci_last_regenerate|i:1432232515;DX_user_id|s:2:\"10\";DX_username|s:5:\"Decio\";DX_role_id|s:1:\"1\";DX_role_name|s:4:\"User\";DX_parent_roles_id|a:0:{}DX_parent_roles_name|a:0:{}DX_permission|a:0:{}DX_parent_permissions|a:0:{}DX_logged_in|b:1;'),('cc58e52ed7208d7bfae994e52323fe43cd2e7406','10.101.85.137',1432233790,'__ci_last_regenerate|i:1432233542;DX_user_id|s:1:\"9\";DX_username|s:10:\"roguelinkz\";DX_role_id|s:1:\"1\";DX_role_name|s:4:\"User\";DX_parent_roles_id|a:0:{}DX_parent_roles_name|a:0:{}DX_permission|a:0:{}DX_parent_permissions|a:0:{}DX_logged_in|b:1;'),('cca62000e29d85b537dfce44af7a670c130fb6bd','10.101.231.238',1432644776,'__ci_last_regenerate|i:1432644728;DX_user_id|s:2:\"24\";DX_username|s:9:\"lmcarrico\";DX_role_id|s:1:\"1\";DX_role_name|s:4:\"User\";DX_parent_roles_id|a:0:{}DX_parent_roles_name|a:0:{}DX_permission|a:0:{}DX_parent_permissions|a:0:{}DX_logged_in|b:1;'),('cd2247e6bf090408a9d4ed52f5227cf5f4e24dab','10.101.86.99',1432314211,'__ci_last_regenerate|i:1432314211;DX_user_id|s:2:\"24\";DX_username|s:9:\"lmcarrico\";DX_role_id|s:1:\"1\";DX_role_name|s:4:\"User\";DX_parent_roles_id|a:0:{}DX_parent_roles_name|a:0:{}DX_permission|a:0:{}DX_parent_permissions|a:0:{}DX_logged_in|b:1;'),('cd43a737be9956d130374b84965b247e72ee96cd','10.101.231.176',1439480734,'__ci_last_regenerate|i:1439480678;'),('d26871f199af4d70012683c1ef8772281c1e8721','10.101.166.197',1433672703,'__ci_last_regenerate|i:1433672569;DX_user_id|s:1:\"9\";DX_username|s:10:\"roguelinkz\";DX_role_id|s:1:\"1\";DX_role_name|s:4:\"User\";DX_parent_roles_id|a:0:{}DX_parent_roles_name|a:0:{}DX_permission|a:0:{}DX_parent_permissions|a:0:{}DX_logged_in|b:1;'),('d3158d3be03fec7a28fcc839b2a79666140e502f','10.101.85.137',1432238388,'__ci_last_regenerate|i:1432238242;DX_user_id|s:1:\"9\";DX_username|s:10:\"roguelinkz\";DX_role_id|s:1:\"1\";DX_role_name|s:4:\"User\";DX_parent_roles_id|a:0:{}DX_parent_roles_name|a:0:{}DX_permission|a:0:{}DX_parent_permissions|a:0:{}DX_logged_in|b:1;'),('d32fb2b8f6b693a88c7f55f92acd0fe54659cade','10.101.85.136',1432239765,'__ci_last_regenerate|i:1432239479;DX_user_id|s:2:\"10\";DX_username|s:5:\"Decio\";DX_role_id|s:1:\"1\";DX_role_name|s:4:\"User\";DX_parent_roles_id|a:0:{}DX_parent_roles_name|a:0:{}DX_permission|a:0:{}DX_parent_permissions|a:0:{}DX_logged_in|b:1;'),('d43e63ff73efceb525bd17a816bae4ae81f4b410','10.101.85.137',1432233764,'__ci_last_regenerate|i:1432233711;DX_user_id|s:1:\"4\";DX_username|s:4:\"Joao\";DX_role_id|s:1:\"1\";DX_role_name|s:4:\"User\";DX_parent_roles_id|a:0:{}DX_parent_roles_name|a:0:{}DX_permission|a:0:{}DX_parent_permissions|a:0:{}DX_logged_in|b:1;'),('d48578c0618bc5dd9da2fbed378cfb8494e8b40b','10.101.229.169',1433165506,'__ci_last_regenerate|i:1433165506;'),('d603d3c128272e9350bcba729d75fcb92574c16e','10.101.229.169',1433166765,'__ci_last_regenerate|i:1433166467;DX_user_id|s:2:\"30\";DX_username|s:6:\"OLAOLA\";DX_role_id|s:1:\"1\";DX_role_name|s:4:\"User\";DX_parent_roles_id|a:0:{}DX_parent_roles_name|a:0:{}DX_permission|a:0:{}DX_parent_permissions|a:0:{}DX_logged_in|b:1;'),('d6bc6b037bbfe02efc5b5b06a8e66fd9a005024e','10.97.101.223',1432236923,'__ci_last_regenerate|i:1432236922;DX_user_id|s:2:\"20\";DX_username|s:6:\"martaa\";DX_role_id|s:1:\"1\";DX_role_name|s:4:\"User\";DX_parent_roles_id|a:0:{}DX_parent_roles_name|a:0:{}DX_permission|a:0:{}DX_parent_permissions|a:0:{}DX_logged_in|b:1;'),('d6e53fa55168946ff67461e41903e1f73bf84c00','10.101.166.122',1433840189,'__ci_last_regenerate|i:1433840185;'),('d77e4a8b440279a74951d8d3118f9c9c09d32085','95.93.77.177',1439894810,'__ci_last_regenerate|i:1439894610;DX_user_id|s:2:\"33\";DX_username|s:5:\"gero3\";DX_role_id|s:1:\"1\";DX_role_name|s:4:\"User\";DX_parent_roles_id|a:0:{}DX_parent_roles_name|a:0:{}DX_permission|a:0:{}DX_parent_permissions|a:0:{}DX_logged_in|b:1;'),('d81d02faea7c5081972e4d5c787fb05387415b27','10.101.85.137',1432238140,'__ci_last_regenerate|i:1432237930;DX_user_id|s:1:\"4\";DX_username|s:4:\"Joao\";DX_role_id|s:1:\"1\";DX_role_name|s:4:\"User\";DX_parent_roles_id|a:0:{}DX_parent_roles_name|a:0:{}DX_permission|a:0:{}DX_parent_permissions|a:0:{}DX_logged_in|b:1;'),('da6fe7b2ccb3f9f04f42d0849b6e839c3c2c3c3d','95.93.77.177',1439887501,'__ci_last_regenerate|i:1439887436;DX_user_id|s:2:\"33\";DX_username|s:5:\"gero3\";DX_role_id|s:1:\"1\";DX_role_name|s:4:\"User\";DX_parent_roles_id|a:0:{}DX_parent_roles_name|a:0:{}DX_permission|a:0:{}DX_parent_permissions|a:0:{}DX_logged_in|b:1;'),('db94a3e70bba5ca14a5ab8b5ced297e212c8fc32','95.93.77.177',1439896288,'__ci_last_regenerate|i:1439896162;DX_user_id|s:2:\"33\";DX_username|s:5:\"gero3\";DX_role_id|s:1:\"1\";DX_role_name|s:4:\"User\";DX_parent_roles_id|a:0:{}DX_parent_roles_name|a:0:{}DX_permission|a:0:{}DX_parent_permissions|a:0:{}DX_logged_in|b:1;'),('dd6dd441ca47a0d9c1c852e15c66f2e091a918c4','10.101.85.137',1432229905,'__ci_last_regenerate|i:1432229809;DX_user_id|s:1:\"9\";DX_username|s:10:\"roguelinkz\";DX_role_id|s:1:\"1\";DX_role_name|s:4:\"User\";DX_parent_roles_id|a:0:{}DX_parent_roles_name|a:0:{}DX_permission|a:0:{}DX_parent_permissions|a:0:{}DX_logged_in|b:1;'),('de9fc4a23e298298b490dd47a6d4ea10b976f13a','194.117.22.70',1432381789,'__ci_last_regenerate|i:1432381789;'),('dec23a2aff8beed8568714d904c852ab2c71494f','10.101.85.136',1432233209,'__ci_last_regenerate|i:1432233179;DX_user_id|s:2:\"10\";DX_username|s:5:\"Decio\";DX_role_id|s:1:\"1\";DX_role_name|s:4:\"User\";DX_parent_roles_id|a:0:{}DX_parent_roles_name|a:0:{}DX_permission|a:0:{}DX_parent_permissions|a:0:{}DX_logged_in|b:1;'),('e05e5456f69a19f95372581c56e33275e6b582bd','10.101.231.43',1432822212,'__ci_last_regenerate|i:1432822096;DX_user_id|s:2:\"24\";DX_username|s:9:\"lmcarrico\";DX_role_id|s:1:\"1\";DX_role_name|s:4:\"User\";DX_parent_roles_id|a:0:{}DX_parent_roles_name|a:0:{}DX_permission|a:0:{}DX_parent_permissions|a:0:{}DX_logged_in|b:1;'),('e1e79d5f8f9bfcbd81b8a15e127da0d7ab35fe43','10.101.85.137',1432232453,'__ci_last_regenerate|i:1432232273;DX_user_id|s:1:\"4\";DX_username|s:4:\"Joao\";DX_role_id|s:1:\"1\";DX_role_name|s:4:\"User\";DX_parent_roles_id|a:0:{}DX_parent_roles_name|a:0:{}DX_permission|a:0:{}DX_parent_permissions|a:0:{}DX_logged_in|b:1;'),('e41b3eec817282f2b7f5261db4b5820a20e8bcb2','10.101.85.137',1432232670,'__ci_last_regenerate|i:1432232615;DX_user_id|s:1:\"4\";DX_username|s:4:\"Joao\";DX_role_id|s:1:\"1\";DX_role_name|s:4:\"User\";DX_parent_roles_id|a:0:{}DX_parent_roles_name|a:0:{}DX_permission|a:0:{}DX_parent_permissions|a:0:{}DX_logged_in|b:1;'),('e462536fbebf0d7017179c4b978256df4743833d','10.101.229.169',1433166953,'__ci_last_regenerate|i:1433166932;DX_user_id|s:2:\"30\";DX_username|s:6:\"OLAOLA\";DX_role_id|s:1:\"1\";DX_role_name|s:4:\"User\";DX_parent_roles_id|a:0:{}DX_parent_roles_name|a:0:{}DX_permission|a:0:{}DX_parent_permissions|a:0:{}DX_logged_in|b:1;'),('e4669b9511eeb79f10a242a5998e6f3edbfb0a5e','194.117.40.166',1436834107,'__ci_last_regenerate|i:1436834107;DX_user_id|s:2:\"31\";DX_username|s:4:\"gero\";DX_role_id|s:1:\"1\";DX_role_name|s:4:\"User\";DX_parent_roles_id|a:0:{}DX_parent_roles_name|a:0:{}DX_permission|a:0:{}DX_parent_permissions|a:0:{}DX_logged_in|b:1;'),('e5b4cf074d79c621ad14b94456109d2b4c960593','10.101.166.34',1433802278,'__ci_last_regenerate|i:1433802222;'),('e6b3acbe775e7fbc4c92e19e90db3c4aa26d432c','10.101.85.136',1432235413,'__ci_last_regenerate|i:1432235413;DX_user_id|s:2:\"10\";DX_username|s:5:\"Decio\";DX_role_id|s:1:\"1\";DX_role_name|s:4:\"User\";DX_parent_roles_id|a:0:{}DX_parent_roles_name|a:0:{}DX_permission|a:0:{}DX_parent_permissions|a:0:{}DX_logged_in|b:1;'),('e786d4edab1e84548507d5b4c604e76d6853567f','10.101.229.118',1432645003,'__ci_last_regenerate|i:1432645002;DX_user_id|s:2:\"24\";DX_username|s:9:\"lmcarrico\";DX_role_id|s:1:\"1\";DX_role_name|s:4:\"User\";DX_parent_roles_id|a:0:{}DX_parent_roles_name|a:0:{}DX_permission|a:0:{}DX_parent_permissions|a:0:{}DX_logged_in|b:1;'),('e80506c46f36dc3973db7d6172f5f0a6a2e5d9e2','10.101.85.137',1432239535,'__ci_last_regenerate|i:1432239244;DX_user_id|s:1:\"9\";DX_username|s:10:\"roguelinkz\";DX_role_id|s:1:\"1\";DX_role_name|s:4:\"User\";DX_parent_roles_id|a:0:{}DX_parent_roles_name|a:0:{}DX_permission|a:0:{}DX_parent_permissions|a:0:{}DX_logged_in|b:1;'),('e966261eae5bce41247f22131d0c7ee32aba3c64','10.97.101.223',1432226627,'__ci_last_regenerate|i:1432226468;DX_user_id|s:2:\"20\";DX_username|s:6:\"martaa\";DX_role_id|s:1:\"1\";DX_role_name|s:4:\"User\";DX_parent_roles_id|a:0:{}DX_parent_roles_name|a:0:{}DX_permission|a:0:{}DX_parent_permissions|a:0:{}DX_logged_in|b:1;'),('eadb5f2f5e84c7624f50517794cfa0b612c2fcd0','10.101.85.137',1432221590,'__ci_last_regenerate|i:1432221349;DX_user_id|s:1:\"9\";DX_username|s:10:\"roguelinkz\";DX_role_id|s:1:\"1\";DX_role_name|s:4:\"User\";DX_parent_roles_id|a:0:{}DX_parent_roles_name|a:0:{}DX_permission|a:0:{}DX_parent_permissions|a:0:{}DX_logged_in|b:1;'),('eb55762b7b8026441a6e9937d852e4a1d5d89da2','194.117.22.70',1432285653,'__ci_last_regenerate|i:1432285622;'),('ed323b1d19df2f40a60ee562e69bd03b6eccfc00','10.101.85.137',1432227471,'__ci_last_regenerate|i:1432227175;DX_user_id|s:1:\"9\";DX_username|s:10:\"roguelinkz\";DX_role_id|s:1:\"1\";DX_role_name|s:4:\"User\";DX_parent_roles_id|a:0:{}DX_parent_roles_name|a:0:{}DX_permission|a:0:{}DX_parent_permissions|a:0:{}DX_logged_in|b:1;'),('ed723d2a2a8ef19b32240d570cd32be3dde92dbc','10.101.85.137',1432234227,'__ci_last_regenerate|i:1432234052;DX_user_id|s:1:\"4\";DX_username|s:4:\"Joao\";DX_role_id|s:1:\"1\";DX_role_name|s:4:\"User\";DX_parent_roles_id|a:0:{}DX_parent_roles_name|a:0:{}DX_permission|a:0:{}DX_parent_permissions|a:0:{}DX_logged_in|b:1;'),('ee0a62b139f46a91d0ceefb8e059de6763f50f70','10.101.229.169',1433166465,'__ci_last_regenerate|i:1433166166;DX_user_id|s:2:\"30\";DX_username|s:6:\"OLAOLA\";DX_role_id|s:1:\"1\";DX_role_name|s:4:\"User\";DX_parent_roles_id|a:0:{}DX_parent_roles_name|a:0:{}DX_permission|a:0:{}DX_parent_permissions|a:0:{}DX_logged_in|b:1;'),('efeeae8d5270c9c7000f26bc0645b165bac96b89','95.93.77.177',1439889177,'__ci_last_regenerate|i:1439888968;DX_user_id|s:2:\"33\";DX_username|s:5:\"gero3\";DX_role_id|s:1:\"1\";DX_role_name|s:4:\"User\";DX_parent_roles_id|a:0:{}DX_parent_roles_name|a:0:{}DX_permission|a:0:{}DX_parent_permissions|a:0:{}DX_logged_in|b:1;'),('f01258f41f15e24d18178972eb5b926e245cc5ea','194.117.40.166',1436831905,'__ci_last_regenerate|i:1436831683;'),('f0f06fdf2e39f09708aed07df862847c4c0f95c0','10.101.85.137',1432238698,'__ci_last_regenerate|i:1432238549;DX_user_id|s:1:\"9\";DX_username|s:10:\"roguelinkz\";DX_role_id|s:1:\"1\";DX_role_name|s:4:\"User\";DX_parent_roles_id|a:0:{}DX_parent_roles_name|a:0:{}DX_permission|a:0:{}DX_parent_permissions|a:0:{}DX_logged_in|b:1;'),('f195187fd6cf1c32effdef9cb4902ce2b58f2d97','10.101.85.137',1432234483,'__ci_last_regenerate|i:1432234372;DX_user_id|s:1:\"4\";DX_username|s:4:\"Joao\";DX_role_id|s:1:\"1\";DX_role_name|s:4:\"User\";DX_parent_roles_id|a:0:{}DX_parent_roles_name|a:0:{}DX_permission|a:0:{}DX_parent_permissions|a:0:{}DX_logged_in|b:1;'),('f1b03529d5954fe3ea4771745523b95faa2a583a','10.97.101.223',1432236817,'__ci_last_regenerate|i:1432236549;DX_user_id|s:2:\"20\";DX_username|s:6:\"martaa\";DX_role_id|s:1:\"1\";DX_role_name|s:4:\"User\";DX_parent_roles_id|a:0:{}DX_parent_roles_name|a:0:{}DX_permission|a:0:{}DX_parent_permissions|a:0:{}DX_logged_in|b:1;'),('f2c1febd12002553d0880305d9c17b99cb899783','10.101.148.60',1432554940,'__ci_last_regenerate|i:1432554781;DX_user_id|s:2:\"10\";DX_username|s:5:\"Decio\";DX_role_id|s:1:\"1\";DX_role_name|s:4:\"User\";DX_parent_roles_id|a:0:{}DX_parent_roles_name|a:0:{}DX_permission|a:0:{}DX_parent_permissions|a:0:{}DX_logged_in|b:1;'),('f595f0301b163dccea9f9eb13a0e103d1f55228c','194.117.22.70',1436517030,'__ci_last_regenerate|i:1436516906;'),('f65be42e141ffb9439e3700525c51a401ac3d64a','10.101.148.99',1434710863,'__ci_last_regenerate|i:1434710824;'),('f6abc1ff9ba59d1d029f6beb9b4510222b1f503b','10.101.85.137',1432295372,'__ci_last_regenerate|i:1432295280;DX_user_id|s:1:\"9\";DX_username|s:10:\"roguelinkz\";DX_role_id|s:1:\"1\";DX_role_name|s:4:\"User\";DX_parent_roles_id|a:0:{}DX_parent_roles_name|a:0:{}DX_permission|a:0:{}DX_parent_permissions|a:0:{}DX_logged_in|b:1;'),('f6eddc021d9355d270ee4eb95d6d6a020e6a84e0','10.101.85.137',1432231311,'__ci_last_regenerate|i:1432231104;DX_user_id|s:1:\"4\";DX_username|s:4:\"Joao\";DX_role_id|s:1:\"1\";DX_role_name|s:4:\"User\";DX_parent_roles_id|a:0:{}DX_parent_roles_name|a:0:{}DX_permission|a:0:{}DX_parent_permissions|a:0:{}DX_logged_in|b:1;'),('f80865bcf66626d09ee6638d36e5f4849812bfbc','10.101.85.137',1432238225,'__ci_last_regenerate|i:1432237932;DX_user_id|s:1:\"9\";DX_username|s:10:\"roguelinkz\";DX_role_id|s:1:\"1\";DX_role_name|s:4:\"User\";DX_parent_roles_id|a:0:{}DX_parent_roles_name|a:0:{}DX_permission|a:0:{}DX_parent_permissions|a:0:{}DX_logged_in|b:1;'),('f9fac312d5c93d64b3d5846f28055ab880439896','10.101.231.238',1432656941,'__ci_last_regenerate|i:1432656939;'),('fb3a290573f474485d569c5469a337029b8e9288','10.101.85.137',1432222687,'__ci_last_regenerate|i:1432222489;DX_user_id|s:1:\"9\";DX_username|s:10:\"roguelinkz\";DX_role_id|s:1:\"1\";DX_role_name|s:4:\"User\";DX_parent_roles_id|a:0:{}DX_parent_roles_name|a:0:{}DX_permission|a:0:{}DX_parent_permissions|a:0:{}DX_logged_in|b:1;'),('fc6ea2709bd9e59c491491de8720ef96288a93ed','10.101.228.87',1432299239,'__ci_last_regenerate|i:1432299130;DX_user_id|s:2:\"10\";DX_username|s:5:\"Decio\";DX_role_id|s:1:\"1\";DX_role_name|s:4:\"User\";DX_parent_roles_id|a:0:{}DX_parent_roles_name|a:0:{}DX_permission|a:0:{}DX_parent_permissions|a:0:{}DX_logged_in|b:1;');
/*!40000 ALTER TABLE `ci_sessions` ENABLE KEYS */;
UNLOCK TABLES;

--
-- Table structure for table `collection`
--

DROP TABLE IF EXISTS `collection`;
/*!40101 SET @saved_cs_client     = @@character_set_client */;
/*!40101 SET character_set_client = utf8 */;
CREATE TABLE `collection` (
  `id_route` int(11) NOT NULL,
  `id_section` int(11) NOT NULL,
  PRIMARY KEY (`id_route`,`id_section`),
  KEY `id_section` (`id_section`),
  CONSTRAINT `collection_ibfk_1` FOREIGN KEY (`id_route`) REFERENCES `route` (`id`),
  CONSTRAINT `collection_ibfk_2` FOREIGN KEY (`id_section`) REFERENCES `section` (`id`)
) ENGINE=InnoDB DEFAULT CHARSET=latin1;
/*!40101 SET character_set_client = @saved_cs_client */;

--
-- Dumping data for table `collection`
--

LOCK TABLES `collection` WRITE;
/*!40000 ALTER TABLE `collection` DISABLE KEYS */;
INSERT INTO `collection` VALUES (2,4),(1,5),(2,5);
/*!40000 ALTER TABLE `collection` ENABLE KEYS */;
UNLOCK TABLES;

--
-- Table structure for table `dados`
--

DROP TABLE IF EXISTS `dados`;
/*!40101 SET @saved_cs_client     = @@character_set_client */;
/*!40101 SET character_set_client = utf8 */;
CREATE TABLE `dados` (
  `sender_id` varchar(17) COLLATE utf8_unicode_ci NOT NULL DEFAULT '',
  `tempo_geracao` datetime NOT NULL DEFAULT '0000-00-00 00:00:00',
  `nome_oco` varchar(30) COLLATE utf8_unicode_ci NOT NULL DEFAULT '',
  `valor` varchar(200) COLLATE utf8_unicode_ci NOT NULL,
  `tipo` varchar(30) COLLATE utf8_unicode_ci NOT NULL DEFAULT '',
  PRIMARY KEY (`sender_id`,`tempo_geracao`,`tipo`,`nome_oco`),
  KEY `fk_dados_ui` (`sender_id`,`tempo_geracao`,`nome_oco`),
  KEY `fk_tipo` (`tipo`),
  CONSTRAINT `fk_dados_ui` FOREIGN KEY (`sender_id`, `tempo_geracao`, `nome_oco`) REFERENCES `unidade_info_deprecated` (`sender_id`, `tempo_geracao`, `nome_oco`) ON DELETE CASCADE,
  CONSTRAINT `fk_tipo` FOREIGN KEY (`tipo`) REFERENCES `type` (`nome_tipo`)
) ENGINE=InnoDB DEFAULT CHARSET=utf8 COLLATE=utf8_unicode_ci;
/*!40101 SET character_set_client = @saved_cs_client */;

--
-- Dumping data for table `dados`
--

LOCK TABLES `dados` WRITE;
/*!40000 ALTER TABLE `dados` DISABLE KEYS */;
INSERT INTO `dados` VALUES ('11:34:be:fd:dd:ff','2015-05-21 19:17:36','+20_SIMULATION','65','Battery'),('11:34:be:fd:dd:ff','2015-05-21 19:17:36','+20_SIMULATION','169','Heartbeat'),('11:34:be:fd:dd:ff','2015-05-21 19:17:36','+20_SIMULATION','I\'m injured','Message'),('11:34:be:fd:dd:ff','2015-05-21 19:17:36','+20_SIMULATION','2','Screen'),('11:34:be:fd:dd:ff','2015-05-21 20:47:36','+20_SIMULATION','56','Battery'),('11:34:be:fd:dd:ff','2015-05-21 20:47:36','+20_SIMULATION','185','Heartbeat'),('11:34:be:fd:dd:ff','2015-05-21 20:47:36','+20_SIMULATION','0','Movements'),('12:34:be:fd:dd:ff','2015-05-21 19:17:36','+20_SIMULATION','36','Battery'),('12:34:be:fd:dd:ff','2015-05-21 19:17:36','+20_SIMULATION','125','Heartbeat'),('12:34:be:fd:dd:ff','2015-05-21 19:17:36','+20_SIMULATION','Route 1 is safe','Message'),('12:34:be:fd:dd:ff','2015-05-21 19:17:36','+20_SIMULATION','1','Movements'),('12:34:be:fd:dd:ff','2015-05-21 21:17:36','+20_SIMULATION','29','Battery'),('12:34:be:fd:dd:ff','2015-05-21 21:17:36','+20_SIMULATION','155','Heartbeat'),('12:34:be:fd:dd:ff','2015-05-21 21:17:36','+20_SIMULATION','This road is blocked.','Message'),('12:34:be:fd:dd:ff','2015-05-21 21:17:36','+20_SIMULATION','4','Movements'),('13:34:be:fd:dd:ff','2015-05-21 19:17:36','+20_SIMULATION','81','Battery'),('13:34:be:fd:dd:ff','2015-05-21 19:17:36','+20_SIMULATION','215','Heartbeat'),('13:34:be:fd:dd:ff','2015-05-21 19:17:36','+20_SIMULATION','Route 1 is safe','Message'),('13:34:be:fd:dd:ff','2015-05-22 00:17:36','+20_SIMULATION','64','Battery'),('13:34:be:fd:dd:ff','2015-05-22 00:17:36','+20_SIMULATION','90','Heartbeat'),('13:34:be:fd:dd:ff','2015-05-22 00:17:36','+20_SIMULATION','2','Movements'),('13:34:be:fd:dd:ff','2015-05-22 00:17:36','+20_SIMULATION','9','Screen'),('14:34:be:fd:dd:ff','2015-05-21 19:17:36','+20_SIMULATION','97','Battery'),('14:34:be:fd:dd:ff','2015-05-21 19:17:36','+20_SIMULATION','119','Heartbeat'),('14:34:be:fd:dd:ff','2015-05-21 19:17:36','+20_SIMULATION','4','Movements'),('14:34:be:fd:dd:ff','2015-05-21 20:17:36','+20_SIMULATION','86','Battery'),('14:34:be:fd:dd:ff','2015-05-21 20:17:36','+20_SIMULATION','132','Heartbeat'),('14:34:be:fd:dd:ff','2015-05-21 20:17:36','+20_SIMULATION','3','Movements'),('14:34:be:fd:dd:ff','2015-05-21 20:17:36','+20_SIMULATION','6','Screen'),('15:34:be:fd:dd:ff','2015-05-21 19:17:36','+20_SIMULATION','41','Battery'),('15:34:be:fd:dd:ff','2015-05-21 19:17:36','+20_SIMULATION','148','Heartbeat'),('15:34:be:fd:dd:ff','2015-05-21 19:17:36','+20_SIMULATION','This area is not affected.','Message'),('15:34:be:fd:dd:ff','2015-05-21 23:47:36','+20_SIMULATION','29','Battery'),('15:34:be:fd:dd:ff','2015-05-21 23:47:36','+20_SIMULATION','70','Heartbeat'),('15:34:be:fd:dd:ff','2015-05-21 23:47:36','+20_SIMULATION','1','Screen'),('16:34:be:fd:dd:ff','2015-05-21 19:17:36','+20_SIMULATION','65','Battery'),('16:34:be:fd:dd:ff','2015-05-21 19:17:36','+20_SIMULATION','168','Heartbeat'),('16:34:be:fd:dd:ff','2015-05-21 19:17:36','+20_SIMULATION','9','Screen'),('16:aa:14:fd:dd:ff','2015-05-21 19:17:36','+20_SIMULATION','40','Battery'),('16:aa:14:fd:dd:ff','2015-05-21 19:17:36','+20_SIMULATION','103','Heartbeat'),('16:aa:14:fd:dd:ff','2015-05-21 19:17:36','+20_SIMULATION','help!','Message'),('16:aa:14:fd:dd:ff','2015-05-21 19:17:36','+20_SIMULATION','1','Movements'),('16:aa:14:fd:dd:ff','2015-05-21 19:17:36','+20_SIMULATION','2','Screen'),('16:aa:14:fd:dd:ff','2015-05-21 23:17:36','+20_SIMULATION','29','Battery'),('16:aa:14:fd:dd:ff','2015-05-21 23:17:36','+20_SIMULATION','82','Heartbeat'),('16:aa:14:fd:dd:ff','2015-05-21 23:17:36','+20_SIMULATION','0','Movements'),('16:ab:14:fd:dd:ff','2015-05-21 19:17:36','+20_SIMULATION','7','Battery'),('16:ab:14:fd:dd:ff','2015-05-21 19:17:36','+20_SIMULATION','80','Heartbeat'),('16:ab:14:fd:dd:ff','2015-05-21 19:17:36','+20_SIMULATION','Route 1 is safe','Message'),('16:ab:14:fd:dd:ff','2015-05-21 19:17:36','+20_SIMULATION','4','Movements'),('16:ab:14:fd:dd:ff','2015-05-21 19:17:36','+20_SIMULATION','4','Screen'),('16:ac:14:fd:dd:ff','2015-05-21 19:17:36','+20_SIMULATION','78','Battery'),('16:ac:14:fd:dd:ff','2015-05-21 19:17:36','+20_SIMULATION','59','Heartbeat'),('16:ac:14:fd:dd:ff','2015-05-21 19:17:36','+20_SIMULATION','4','Movements'),('16:ac:14:fd:dd:ff','2015-05-21 19:17:36','+20_SIMULATION','4','Screen'),('16:ac:14:fd:dd:ff','2015-05-21 22:47:36','+20_SIMULATION','64','Battery'),('16:ac:14:fd:dd:ff','2015-05-21 22:47:36','+20_SIMULATION','106','Heartbeat'),('16:ac:14:fd:dd:ff','2015-05-21 22:47:36','+20_SIMULATION','5','Movements'),('16:ac:14:fd:dd:ff','2015-05-21 22:47:36','+20_SIMULATION','3','Screen'),('16:ad:14:fd:dd:ff','2015-05-21 19:17:36','+20_SIMULATION','90','Battery'),('16:ad:14:fd:dd:ff','2015-05-21 19:17:36','+20_SIMULATION','67','Heartbeat'),('16:ad:14:fd:dd:ff','2015-05-21 19:17:36','+20_SIMULATION','1','Movements'),('16:ad:14:fd:dd:ff','2015-05-21 19:17:36','+20_SIMULATION','3','Screen'),('16:ae:14:fd:dd:ff','2015-05-21 19:17:36','+20_SIMULATION','83','Battery'),('16:ae:14:fd:dd:ff','2015-05-21 19:17:36','+20_SIMULATION','24','Heartbeat'),('16:ae:14:fd:dd:ff','2015-05-21 19:17:36','+20_SIMULATION','2','Movements'),('16:af:14:fd:aa:ff','2015-05-21 19:17:36','+20_SIMULATION','100','Battery'),('16:af:14:fd:aa:ff','2015-05-21 19:17:36','+20_SIMULATION','13','Heartbeat'),('16:af:14:fd:aa:ff','2015-05-21 19:17:36','+20_SIMULATION','4','Movements'),('16:af:14:fd:aa:ff','2015-05-21 22:17:36','+20_SIMULATION','85','Battery'),('16:af:14:fd:aa:ff','2015-05-21 22:17:36','+20_SIMULATION','209','Heartbeat'),('16:af:14:fd:aa:ff','2015-05-21 22:17:36','+20_SIMULATION','I\'m injured','Message'),('16:af:14:fd:aa:ff','2015-05-21 22:17:36','+20_SIMULATION','4','Movements'),('16:af:14:fd:aa:ff','2015-05-21 22:17:36','+20_SIMULATION','3','Screen'),('16:af:14:fd:ab:ff','2015-05-21 19:17:36','+20_SIMULATION','11','Battery'),('16:af:14:fd:ab:ff','2015-05-21 19:17:36','+20_SIMULATION','104','Heartbeat'),('16:af:14:fd:ab:ff','2015-05-21 19:17:36','+20_SIMULATION','0','Movements'),('16:af:14:fd:ab:ff','2015-05-21 19:17:36','+20_SIMULATION','1','Screen'),('16:af:14:fd:ab:ff','2015-05-21 23:17:36','+20_SIMULATION','3','Battery'),('16:af:14:fd:ab:ff','2015-05-21 23:17:36','+20_SIMULATION','195','Heartbeat'),('16:af:14:fd:ab:ff','2015-05-21 23:17:36','+20_SIMULATION','Route 1 is safe','Message'),('16:af:14:fd:ab:ff','2015-05-21 23:17:36','+20_SIMULATION','0','Movements'),('16:af:14:fd:ac:ff','2015-05-21 19:17:36','+20_SIMULATION','15','Battery'),('16:af:14:fd:ac:ff','2015-05-21 19:17:36','+20_SIMULATION','39','Heartbeat'),('16:af:14:fd:ac:ff','2015-05-21 19:17:36','+20_SIMULATION','9','Screen'),('16:af:14:fd:ad:ff','2015-05-21 19:17:36','+20_SIMULATION','9','Battery'),('16:af:14:fd:ad:ff','2015-05-21 19:17:36','+20_SIMULATION','55','Heartbeat'),('16:af:14:fd:ad:ff','2015-05-21 19:17:36','+20_SIMULATION','help!','Message'),('16:af:14:fd:ad:ff','2015-05-21 19:17:36','+20_SIMULATION','5','Screen'),('16:af:14:fd:ad:ff','2015-05-21 22:47:36','+20_SIMULATION','2','Battery'),('16:af:14:fd:ad:ff','2015-05-21 22:47:36','+20_SIMULATION','206','Heartbeat'),('16:af:14:fd:ad:ff','2015-05-21 22:47:36','+20_SIMULATION','4','Movements'),('16:af:14:fd:ad:ff','2015-05-21 22:47:36','+20_SIMULATION','5','Screen'),('16:af:14:fd:ae:ff','2015-05-21 19:17:36','+20_SIMULATION','41','Battery'),('16:af:14:fd:ae:ff','2015-05-21 19:17:36','+20_SIMULATION','153','Heartbeat'),('16:af:14:fd:ae:ff','2015-05-21 19:17:36','+20_SIMULATION','Route 1 is safe','Message'),('16:af:14:fd:ae:ff','2015-05-21 19:17:36','+20_SIMULATION','1','Movements'),('16:af:14:fd:ae:ff','2015-05-21 20:17:36','+20_SIMULATION','35','Battery'),('16:af:14:fd:ae:ff','2015-05-21 20:17:36','+20_SIMULATION','179','Heartbeat'),('16:af:14:fd:af:ff','2015-05-21 19:17:36','+20_SIMULATION','91','Battery'),('16:af:14:fd:af:ff','2015-05-21 19:17:36','+20_SIMULATION','38','Heartbeat'),('16:af:14:fd:af:ff','2015-05-21 19:17:36','+20_SIMULATION','help!','Message'),('16:af:14:fd:af:ff','2015-05-22 00:17:36','+20_SIMULATION','73','Battery'),('16:af:14:fd:af:ff','2015-05-22 00:17:36','+20_SIMULATION','46','Heartbeat'),('16:af:14:fd:af:ff','2015-05-22 00:17:36','+20_SIMULATION','help!','Message'),('16:af:14:fd:af:ff','2015-05-22 00:17:36','+20_SIMULATION','4','Movements'),('16:af:14:fd:af:ff','2015-05-22 00:17:36','+20_SIMULATION','3','Screen'),('16:af:14:fd:dd:ff','2015-05-21 19:17:36','+20_SIMULATION','21','Battery'),('16:af:14:fd:dd:ff','2015-05-21 19:17:36','+20_SIMULATION','137','Heartbeat'),('16:af:14:fd:dd:ff','2015-05-21 19:17:36','+20_SIMULATION','Route 1 is safe','Message'),('16:af:14:fd:dd:ff','2015-05-21 19:17:36','+20_SIMULATION','0','Screen'),('16:af:14:fd:dd:ff','2015-05-21 20:17:36','+20_SIMULATION','17','Battery'),('16:af:14:fd:dd:ff','2015-05-21 20:17:36','+20_SIMULATION','173','Heartbeat'),('16:af:14:fd:dd:ff','2015-05-21 20:17:36','+20_SIMULATION','This area is not affected.','Message'),('16:af:14:fd:dd:ff','2015-05-21 20:17:36','+20_SIMULATION','9','Screen'),('17:34:be:fd:dd:ff','2015-05-21 19:17:36','+20_SIMULATION','58','Battery'),('17:34:be:fd:dd:ff','2015-05-21 19:17:36','+20_SIMULATION','179','Heartbeat'),('17:34:be:fd:dd:ff','2015-05-21 19:17:36','+20_SIMULATION','1','Movements'),('17:34:be:fd:dd:ff','2015-05-21 23:17:36','+20_SIMULATION','45','Battery'),('17:34:be:fd:dd:ff','2015-05-21 23:17:36','+20_SIMULATION','213','Heartbeat'),('17:34:be:fd:dd:ff','2015-05-21 23:17:36','+20_SIMULATION','I\'m injured','Message'),('18:34:be:fd:dd:ff','2015-05-21 19:17:36','+20_SIMULATION','32','Battery'),('18:34:be:fd:dd:ff','2015-05-21 19:17:36','+20_SIMULATION','79','Heartbeat'),('18:34:be:fd:dd:ff','2015-05-21 19:17:36','+20_SIMULATION','3','Movements'),('19:34:be:fd:dd:ff','2015-05-21 19:17:36','+20_SIMULATION','80','Battery'),('19:34:be:fd:dd:ff','2015-05-21 19:17:36','+20_SIMULATION','168','Heartbeat'),('19:34:be:fd:dd:ff','2015-05-21 19:17:36','+20_SIMULATION','This road is blocked.','Message'),('19:34:be:fd:dd:ff','2015-05-21 19:17:36','+20_SIMULATION','1','Movements'),('19:34:be:fd:dd:ff','2015-05-21 20:17:36','+20_SIMULATION','70','Battery'),('19:34:be:fd:dd:ff','2015-05-21 20:17:36','+20_SIMULATION','156','Heartbeat'),('19:34:be:fd:dd:ff','2015-05-21 20:17:36','+20_SIMULATION','I\'m injured','Message'),('19:34:be:fd:dd:ff','2015-05-21 20:17:36','+20_SIMULATION','5','Movements'),('1F:83:2A:22:D9:86','2015-05-21 19:17:36','+20_SIMULATION','52','Battery'),('1F:83:2A:22:D9:86','2015-05-21 19:17:36','+20_SIMULATION','35','Heartbeat'),('1F:83:2A:22:D9:86','2015-05-21 19:17:36','+20_SIMULATION','1','Movements'),('1F:83:2A:22:D9:86','2015-05-21 19:17:36','+20_SIMULATION','4','Screen'),('1F:83:2A:22:D9:86','2015-05-21 23:47:36','+20_SIMULATION','39','Battery'),('1F:83:2A:22:D9:86','2015-05-21 23:47:36','+20_SIMULATION','183','Heartbeat'),('1F:83:2A:22:D9:86','2015-05-21 23:47:36','+20_SIMULATION','9','Screen'),('21:34:be:fd:dd:ff','2015-05-21 19:17:36','+20_SIMULATION','78','Battery'),('21:34:be:fd:dd:ff','2015-05-21 19:17:36','+20_SIMULATION','145','Heartbeat'),('21:34:be:fd:dd:ff','2015-05-21 19:17:36','+20_SIMULATION','2','Screen'),('22:34:be:fd:dd:ff','2015-05-21 19:17:36','+20_SIMULATION','12','Battery'),('22:34:be:fd:dd:ff','2015-05-21 19:17:36','+20_SIMULATION','177','Heartbeat'),('22:34:be:fd:dd:ff','2015-05-21 19:17:36','+20_SIMULATION','1','Movements'),('22:ba:22:fd:dd:ff','2015-05-21 19:17:36','+20_SIMULATION','85','Battery'),('22:ba:22:fd:dd:ff','2015-05-21 19:17:36','+20_SIMULATION','53','Heartbeat'),('22:ba:22:fd:dd:ff','2015-05-21 19:17:36','+20_SIMULATION','10','Screen'),('22:bb:22:fd:dd:ff','2015-05-21 19:17:36','+20_SIMULATION','24','Battery'),('22:bb:22:fd:dd:ff','2015-05-21 19:17:36','+20_SIMULATION','108','Heartbeat'),('22:bb:22:fd:dd:ff','2015-05-21 19:17:36','+20_SIMULATION','I\'m OK.','Message'),('22:bc:22:fd:dd:ff','2015-05-21 19:17:36','+20_SIMULATION','96','Battery'),('22:bc:22:fd:dd:ff','2015-05-21 19:17:36','+20_SIMULATION','122','Heartbeat'),('22:bc:22:fd:dd:ff','2015-05-21 19:17:36','+20_SIMULATION','1','Movements'),('22:bc:22:fd:dd:ff','2015-05-21 19:17:36','+20_SIMULATION','3','Screen'),('22:bd:22:fd:dd:ff','2015-05-21 19:17:36','+20_SIMULATION','66','Battery'),('22:bd:22:fd:dd:ff','2015-05-21 19:17:36','+20_SIMULATION','189','Heartbeat'),('22:bd:22:fd:dd:ff','2015-05-21 19:17:36','+20_SIMULATION','3','Movements'),('22:bd:22:fd:dd:ff','2015-05-21 19:17:36','+20_SIMULATION','3','Screen'),('22:bd:22:fd:dd:ff','2015-05-21 20:47:36','+20_SIMULATION','57','Battery'),('22:bd:22:fd:dd:ff','2015-05-21 20:47:36','+20_SIMULATION','71','Heartbeat'),('22:bf:22:fd:dd:ff','2015-05-21 19:17:36','+20_SIMULATION','36','Battery'),('22:bf:22:fd:dd:ff','2015-05-21 19:17:36','+20_SIMULATION','33','Heartbeat'),('22:bf:22:fd:dd:ff','2015-05-21 19:17:36','+20_SIMULATION','This area is not affected.','Message'),('22:bf:22:fd:dd:ff','2015-05-21 19:17:36','+20_SIMULATION','2','Movements'),('22:bf:22:fd:dd:ff','2015-05-21 20:17:36','+20_SIMULATION','31','Battery'),('22:bf:22:fd:dd:ff','2015-05-21 20:17:36','+20_SIMULATION','71','Heartbeat'),('22:bf:22:fd:dd:ff','2015-05-21 20:17:36','+20_SIMULATION','Route 1 is safe','Message'),('22:bf:22:fd:dd:ff','2015-05-21 20:17:36','+20_SIMULATION','4','Movements'),('22:bf:22:fd:dd:ff','2015-05-21 20:17:36','+20_SIMULATION','0','Screen'),('23:34:be:fd:dd:ff','2015-05-21 19:17:36','+20_SIMULATION','78','Battery'),('23:34:be:fd:dd:ff','2015-05-21 19:17:36','+20_SIMULATION','27','Heartbeat'),('23:34:be:fd:dd:ff','2015-05-21 19:17:36','+20_SIMULATION','Route 1 is safe','Message'),('23:34:be:fd:dd:ff','2015-05-21 19:17:36','+20_SIMULATION','3','Screen'),('23:34:be:fd:dd:ff','2015-05-21 22:17:36','+20_SIMULATION','65','Battery'),('23:34:be:fd:dd:ff','2015-05-21 22:17:36','+20_SIMULATION','9','Heartbeat'),('23:34:be:fd:dd:ff','2015-05-21 22:17:36','+20_SIMULATION','5','Movements'),('23:34:be:fd:dd:ff','2015-05-21 22:17:36','+20_SIMULATION','10','Screen'),('23:91:22:36:F4:23','2015-05-21 19:17:36','+20_SIMULATION','55','Battery'),('23:91:22:36:F4:23','2015-05-21 19:17:36','+20_SIMULATION','81','Heartbeat'),('23:91:22:36:F4:23','2015-05-21 19:17:36','+20_SIMULATION','I\'m OK.','Message'),('23:91:22:36:F4:23','2015-05-21 19:17:36','+20_SIMULATION','2','Screen'),('23:ca:de:fd:ba:ff','2015-05-21 19:17:36','+20_SIMULATION','14','Battery'),('23:ca:de:fd:ba:ff','2015-05-21 19:17:36','+20_SIMULATION','179','Heartbeat'),('23:ca:de:fd:ba:ff','2015-05-21 19:17:36','+20_SIMULATION','This road is blocked.','Message'),('23:ca:de:fd:bb:ff','2015-05-21 19:17:36','+20_SIMULATION','22','Battery'),('23:ca:de:fd:bb:ff','2015-05-21 19:17:36','+20_SIMULATION','82','Heartbeat'),('23:ca:de:fd:bb:ff','2015-05-21 19:17:36','+20_SIMULATION','This area is not affected.','Message'),('23:ca:de:fd:bb:ff','2015-05-22 00:17:36','+20_SIMULATION','11','Battery'),('23:ca:de:fd:bb:ff','2015-05-22 00:17:36','+20_SIMULATION','105','Heartbeat'),('23:ca:de:fd:bb:ff','2015-05-22 00:17:36','+20_SIMULATION','This road is blocked.','Message'),('23:ca:de:fd:bb:ff','2015-05-22 00:17:36','+20_SIMULATION','5','Movements'),('23:ca:de:fd:bb:ff','2015-05-22 00:17:36','+20_SIMULATION','8','Screen'),('23:ca:de:fd:bc:ff','2015-05-21 19:17:36','+20_SIMULATION','65','Battery'),('23:ca:de:fd:bc:ff','2015-05-21 19:17:36','+20_SIMULATION','79','Heartbeat'),('23:ca:de:fd:bc:ff','2015-05-21 19:17:36','+20_SIMULATION','3','Screen'),('23:ca:de:fd:bd:ff','2015-05-21 19:17:36','+20_SIMULATION','86','Battery'),('23:ca:de:fd:bd:ff','2015-05-21 19:17:36','+20_SIMULATION','151','Heartbeat'),('23:ca:de:fd:bd:ff','2015-05-21 19:17:36','+20_SIMULATION','Route 1 is safe','Message'),('23:ca:de:fd:bd:ff','2015-05-21 19:17:36','+20_SIMULATION','4','Movements'),('23:ca:de:fd:bd:ff','2015-05-21 22:17:36','+20_SIMULATION','72','Battery'),('23:ca:de:fd:bd:ff','2015-05-21 22:17:36','+20_SIMULATION','195','Heartbeat'),('23:ca:de:fd:be:ff','2015-05-21 19:17:36','+20_SIMULATION','69','Battery'),('23:ca:de:fd:be:ff','2015-05-21 19:17:36','+20_SIMULATION','97','Heartbeat'),('23:ca:de:fd:be:ff','2015-05-21 19:47:36','+20_SIMULATION','61','Battery'),('23:ca:de:fd:be:ff','2015-05-21 19:47:36','+20_SIMULATION','4','Heartbeat'),('23:ca:de:fd:be:ff','2015-05-21 19:47:36','+20_SIMULATION','I\'m injured','Message'),('23:ca:de:fd:be:ff','2015-05-21 19:47:36','+20_SIMULATION','4','Movements'),('23:ca:de:fd:bf:ff','2015-05-21 19:17:36','+20_SIMULATION','55','Battery'),('23:ca:de:fd:bf:ff','2015-05-21 19:17:36','+20_SIMULATION','214','Heartbeat'),('23:ca:de:fd:bf:ff','2015-05-21 19:17:36','+20_SIMULATION','9','Screen'),('24:34:be:fd:dd:ff','2015-05-21 19:17:36','+20_SIMULATION','25','Battery'),('24:34:be:fd:dd:ff','2015-05-21 19:17:36','+20_SIMULATION','74','Heartbeat'),('24:34:be:fd:dd:ff','2015-05-21 19:17:36','+20_SIMULATION','I\'m injured','Message'),('24:34:be:fd:dd:ff','2015-05-21 19:47:36','+20_SIMULATION','22','Battery'),('24:34:be:fd:dd:ff','2015-05-21 19:47:36','+20_SIMULATION','49','Heartbeat'),('24:ca:24:fd:dd:ff','2015-05-21 19:17:36','+20_SIMULATION','84','Battery'),('24:ca:24:fd:dd:ff','2015-05-21 19:17:36','+20_SIMULATION','155','Heartbeat'),('24:ca:24:fd:dd:ff','2015-05-21 19:17:36','+20_SIMULATION','Route 1 is safe','Message'),('24:ca:24:fd:dd:ff','2015-05-21 19:17:36','+20_SIMULATION','3','Screen'),('24:cb:24:fd:dd:ff','2015-05-21 19:17:36','+20_SIMULATION','38','Battery'),('24:cb:24:fd:dd:ff','2015-05-21 19:17:36','+20_SIMULATION','148','Heartbeat'),('24:cb:24:fd:dd:ff','2015-05-21 19:17:36','+20_SIMULATION','I\'m injured','Message'),('24:cb:24:fd:dd:ff','2015-05-21 21:47:36','+20_SIMULATION','30','Battery'),('24:cb:24:fd:dd:ff','2015-05-21 21:47:36','+20_SIMULATION','44','Heartbeat'),('24:cb:24:fd:dd:ff','2015-05-21 21:47:36','+20_SIMULATION','Route 1 is safe','Message'),('24:cb:24:fd:dd:ff','2015-05-21 21:47:36','+20_SIMULATION','3','Movements'),('24:cb:24:fd:dd:ff','2015-05-21 21:47:36','+20_SIMULATION','7','Screen'),('25:34:be:fd:dd:ff','2015-05-21 19:17:36','+20_SIMULATION','15','Battery'),('25:34:be:fd:dd:ff','2015-05-21 19:17:36','+20_SIMULATION','138','Heartbeat'),('25:34:be:fd:dd:ff','2015-05-21 19:17:36','+20_SIMULATION','3','Screen'),('25:34:be:fd:dd:ff','2015-05-21 22:17:36','+20_SIMULATION','8','Battery'),('25:34:be:fd:dd:ff','2015-05-21 22:17:36','+20_SIMULATION','125','Heartbeat'),('25:34:be:fd:dd:ff','2015-05-21 22:17:36','+20_SIMULATION','1','Movements'),('26:34:be:fd:dd:ff','2015-05-21 19:17:36','+20_SIMULATION','67','Battery'),('26:34:be:fd:dd:ff','2015-05-21 19:17:36','+20_SIMULATION','1','Heartbeat'),('26:34:be:fd:dd:ff','2015-05-21 19:17:36','+20_SIMULATION','help!','Message'),('26:34:be:fd:dd:ff','2015-05-21 19:17:36','+20_SIMULATION','10','Screen'),('27:34:be:fd:dd:ff','2015-05-21 19:17:36','+20_SIMULATION','85','Battery'),('27:34:be:fd:dd:ff','2015-05-21 19:17:36','+20_SIMULATION','120','Heartbeat'),('28:34:be:fd:dd:ff','2015-05-21 19:17:36','+20_SIMULATION','1','Battery'),('28:34:be:fd:dd:ff','2015-05-21 19:17:36','+20_SIMULATION','29','Heartbeat'),('28:34:be:fd:dd:ff','2015-05-21 19:17:36','+20_SIMULATION','2','Movements'),('28:34:be:fd:dd:ff','2015-05-21 19:17:36','+20_SIMULATION','4','Screen'),('28:da:bb:fd:ca:ff','2015-05-21 19:17:36','+20_SIMULATION','27','Battery'),('28:da:bb:fd:ca:ff','2015-05-21 19:17:36','+20_SIMULATION','89','Heartbeat'),('28:da:bb:fd:ca:ff','2015-05-21 19:17:36','+20_SIMULATION','I\'m OK.','Message'),('28:da:bb:fd:ca:ff','2015-05-21 19:17:36','+20_SIMULATION','1','Screen'),('28:da:bb:fd:ca:ff','2015-05-21 23:47:36','+20_SIMULATION','16','Battery'),('28:da:bb:fd:ca:ff','2015-05-21 23:47:36','+20_SIMULATION','182','Heartbeat'),('28:da:bb:fd:ca:ff','2015-05-21 23:47:36','+20_SIMULATION','help!','Message'),('28:da:bb:fd:ca:ff','2015-05-21 23:47:36','+20_SIMULATION','0','Movements'),('28:da:bb:fd:cb:ff','2015-05-21 19:17:36','+20_SIMULATION','50','Battery'),('28:da:bb:fd:cb:ff','2015-05-21 19:17:36','+20_SIMULATION','146','Heartbeat'),('28:da:bb:fd:cb:ff','2015-05-21 19:17:36','+20_SIMULATION','Route 1 is safe','Message'),('28:da:bb:fd:cb:ff','2015-05-21 19:17:36','+20_SIMULATION','1','Movements'),('28:da:bb:fd:cb:ff','2015-05-21 21:17:36','+20_SIMULATION','41','Battery'),('28:da:bb:fd:cb:ff','2015-05-21 21:17:36','+20_SIMULATION','131','Heartbeat'),('28:da:bb:fd:cb:ff','2015-05-21 21:17:36','+20_SIMULATION','Route 1 is safe','Message'),('28:da:bb:fd:cb:ff','2015-05-21 21:17:36','+20_SIMULATION','1','Movements'),('28:da:bb:fd:cc:ff','2015-05-21 19:17:36','+20_SIMULATION','24','Battery'),('28:da:bb:fd:cc:ff','2015-05-21 19:17:36','+20_SIMULATION','31','Heartbeat'),('28:da:bb:fd:cc:ff','2015-05-21 19:17:36','+20_SIMULATION','help!','Message'),('28:da:bb:fd:cc:ff','2015-05-21 19:17:36','+20_SIMULATION','3','Screen'),('28:da:bb:fd:cc:ff','2015-05-21 23:17:36','+20_SIMULATION','14','Battery'),('28:da:bb:fd:cc:ff','2015-05-21 23:17:36','+20_SIMULATION','11','Heartbeat'),('28:da:bb:fd:cc:ff','2015-05-21 23:17:36','+20_SIMULATION','This area is not affected.','Message'),('28:da:bb:fd:cc:ff','2015-05-21 23:17:36','+20_SIMULATION','0','Screen'),('28:da:bb:fd:cd:ff','2015-05-21 19:17:36','+20_SIMULATION','9','Battery'),('28:da:bb:fd:cd:ff','2015-05-21 19:17:36','+20_SIMULATION','101','Heartbeat'),('28:da:bb:fd:cd:ff','2015-05-21 19:17:36','+20_SIMULATION','This road is blocked.','Message'),('28:da:bb:fd:cd:ff','2015-05-21 19:17:36','+20_SIMULATION','6','Screen'),('28:da:bb:fd:ce:aa','2015-05-21 19:17:36','+20_SIMULATION','34','Battery'),('28:da:bb:fd:ce:aa','2015-05-21 19:17:36','+20_SIMULATION','75','Heartbeat'),('28:da:bb:fd:ce:aa','2015-05-21 19:17:36','+20_SIMULATION','Route 1 is safe','Message'),('28:da:bb:fd:ce:aa','2015-05-21 23:17:36','+20_SIMULATION','23','Battery'),('28:da:bb:fd:ce:aa','2015-05-21 23:17:36','+20_SIMULATION','143','Heartbeat'),('28:da:bb:fd:ce:aa','2015-05-21 23:17:36','+20_SIMULATION','2','Movements'),('28:da:bb:fd:ce:aa','2015-05-21 23:17:36','+20_SIMULATION','1','Screen'),('28:da:bb:fd:ce:ab','2015-05-21 19:17:36','+20_SIMULATION','7','Battery'),('28:da:bb:fd:ce:ab','2015-05-21 19:17:36','+20_SIMULATION','183','Heartbeat'),('28:da:bb:fd:ce:ab','2015-05-21 19:17:36','+20_SIMULATION','help!','Message'),('28:da:bb:fd:ce:ab','2015-05-21 19:17:36','+20_SIMULATION','2','Movements'),('28:da:bb:fd:ce:ab','2015-05-21 19:47:36','+20_SIMULATION','5','Battery'),('28:da:bb:fd:ce:ab','2015-05-21 19:47:36','+20_SIMULATION','158','Heartbeat'),('28:da:bb:fd:ce:ab','2015-05-21 19:47:36','+20_SIMULATION','9','Screen'),('28:da:bb:fd:ce:ac','2015-05-21 19:17:36','+20_SIMULATION','91','Battery'),('28:da:bb:fd:ce:ac','2015-05-21 19:17:36','+20_SIMULATION','123','Heartbeat'),('28:da:bb:fd:ce:ac','2015-05-21 19:17:36','+20_SIMULATION','1','Movements'),('28:da:bb:fd:ce:ac','2015-05-21 19:17:36','+20_SIMULATION','6','Screen'),('28:da:bb:fd:ce:ac','2015-05-21 23:47:36','+20_SIMULATION','74','Battery'),('28:da:bb:fd:ce:ac','2015-05-21 23:47:36','+20_SIMULATION','137','Heartbeat'),('28:da:bb:fd:ce:ac','2015-05-21 23:47:36','+20_SIMULATION','Route 1 is safe','Message'),('28:da:bb:fd:ce:ac','2015-05-21 23:47:36','+20_SIMULATION','1','Movements'),('28:da:bb:fd:ce:ad','2015-05-21 19:17:36','+20_SIMULATION','67','Battery'),('28:da:bb:fd:ce:ad','2015-05-21 19:17:36','+20_SIMULATION','56','Heartbeat'),('28:da:bb:fd:ce:ad','2015-05-21 19:17:36','+20_SIMULATION','1','Movements'),('28:da:bb:fd:ce:ae','2015-05-21 19:17:36','+20_SIMULATION','26','Battery'),('28:da:bb:fd:ce:ae','2015-05-21 19:17:36','+20_SIMULATION','135','Heartbeat'),('28:da:bb:fd:ce:ae','2015-05-21 19:17:36','+20_SIMULATION','This area is not affected.','Message'),('28:da:bb:fd:ce:ae','2015-05-21 19:17:36','+20_SIMULATION','0','Movements'),('28:da:bb:fd:ce:ae','2015-05-21 19:17:36','+20_SIMULATION','3','Screen'),('28:da:bb:fd:ce:ae','2015-05-21 20:47:36','+20_SIMULATION','21','Battery'),('28:da:bb:fd:ce:ae','2015-05-21 20:47:36','+20_SIMULATION','123','Heartbeat'),('28:da:bb:fd:ce:ae','2015-05-21 20:47:36','+20_SIMULATION','2','Screen'),('28:da:bb:fd:ce:af','2015-05-21 19:17:36','+20_SIMULATION','64','Battery'),('28:da:bb:fd:ce:af','2015-05-21 19:17:36','+20_SIMULATION','112','Heartbeat'),('28:da:bb:fd:ce:af','2015-05-21 19:17:36','+20_SIMULATION','Route 1 is safe','Message'),('28:da:bb:fd:ce:af','2015-05-21 19:17:36','+20_SIMULATION','1','Movements'),('28:da:bb:fd:ce:ba','2015-05-21 19:17:36','+20_SIMULATION','69','Battery'),('28:da:bb:fd:ce:ba','2015-05-21 19:17:36','+20_SIMULATION','145','Heartbeat'),('28:da:bb:fd:ce:ba','2015-05-21 19:17:36','+20_SIMULATION','Route 1 is safe','Message'),('28:da:bb:fd:ce:ba','2015-05-21 19:17:36','+20_SIMULATION','4','Movements'),('28:da:bb:fd:ce:bc','2015-05-21 19:17:36','+20_SIMULATION','53','Battery'),('28:da:bb:fd:ce:bc','2015-05-21 19:17:36','+20_SIMULATION','19','Heartbeat'),('28:da:bb:fd:ce:bc','2015-05-21 19:17:36','+20_SIMULATION','3','Movements'),('28:da:bb:fd:ce:bc','2015-05-21 19:17:36','+20_SIMULATION','5','Screen'),('28:da:bb:fd:ce:bc','2015-05-21 19:47:36','+20_SIMULATION','47','Battery'),('28:da:bb:fd:ce:bc','2015-05-21 19:47:36','+20_SIMULATION','160','Heartbeat'),('28:da:bb:fd:ce:bc','2015-05-21 19:47:36','+20_SIMULATION','help!','Message'),('28:da:bb:fd:ce:bd','2015-05-21 19:17:36','+20_SIMULATION','33','Battery'),('28:da:bb:fd:ce:bd','2015-05-21 19:17:36','+20_SIMULATION','51','Heartbeat'),('28:da:bb:fd:ce:bd','2015-05-21 19:17:36','+20_SIMULATION','2','Movements'),('28:da:bb:fd:ce:be','2015-05-21 19:17:36','+20_SIMULATION','54','Battery'),('28:da:bb:fd:ce:be','2015-05-21 19:17:36','+20_SIMULATION','127','Heartbeat'),('28:da:bb:fd:ce:be','2015-05-21 23:17:36','+20_SIMULATION','41','Battery'),('28:da:bb:fd:ce:be','2015-05-21 23:17:36','+20_SIMULATION','112','Heartbeat'),('28:da:bb:fd:ce:bf','2015-05-21 19:17:36','+20_SIMULATION','12','Battery'),('28:da:bb:fd:ce:bf','2015-05-21 19:17:36','+20_SIMULATION','168','Heartbeat'),('28:da:bb:fd:ce:ca','2015-05-21 19:17:36','+20_SIMULATION','58','Battery'),('28:da:bb:fd:ce:ca','2015-05-21 19:17:36','+20_SIMULATION','55','Heartbeat'),('28:da:bb:fd:ce:ca','2015-05-21 19:17:36','+20_SIMULATION','1','Movements'),('28:da:bb:fd:ce:ca','2015-05-21 19:17:36','+20_SIMULATION','8','Screen'),('28:da:bb:fd:ce:cb','2015-05-21 19:17:36','+20_SIMULATION','60','Battery'),('28:da:bb:fd:ce:cb','2015-05-21 19:17:36','+20_SIMULATION','147','Heartbeat'),('28:da:bb:fd:ce:cb','2015-05-21 19:17:36','+20_SIMULATION','2','Movements'),('28:da:bb:fd:ce:cb','2015-05-21 19:17:36','+20_SIMULATION','3','Screen'),('28:da:bb:fd:ce:cb','2015-05-21 19:47:36','+20_SIMULATION','53','Battery'),('28:da:bb:fd:ce:cb','2015-05-21 19:47:36','+20_SIMULATION','7','Heartbeat'),('28:da:bb:fd:ce:cb','2015-05-21 19:47:36','+20_SIMULATION','1','Screen'),('28:da:bb:fd:ce:cc','2015-05-21 19:17:36','+20_SIMULATION','76','Battery'),('28:da:bb:fd:ce:cc','2015-05-21 19:17:36','+20_SIMULATION','7','Heartbeat'),('28:da:bb:fd:ce:cc','2015-05-21 19:17:36','+20_SIMULATION','I\'m injured','Message'),('28:da:bb:fd:ce:cc','2015-05-21 19:17:36','+20_SIMULATION','3','Screen'),('28:da:bb:fd:ce:cd','2015-05-21 19:17:36','+20_SIMULATION','20','Battery'),('28:da:bb:fd:ce:cd','2015-05-21 19:17:36','+20_SIMULATION','79','Heartbeat'),('28:da:bb:fd:ce:cd','2015-05-21 19:17:36','+20_SIMULATION','1','Movements'),('28:da:bb:fd:ce:ce','2015-05-21 19:17:36','+20_SIMULATION','66','Battery'),('28:da:bb:fd:ce:ce','2015-05-21 19:17:36','+20_SIMULATION','130','Heartbeat'),('28:da:bb:fd:ce:ce','2015-05-21 19:17:36','+20_SIMULATION','help!','Message'),('28:da:bb:fd:ce:ce','2015-05-21 19:17:36','+20_SIMULATION','2','Movements'),('28:da:bb:fd:ce:ce','2015-05-21 19:17:36','+20_SIMULATION','5','Screen'),('28:da:bb:fd:ce:ce','2015-05-21 22:47:36','+20_SIMULATION','53','Battery'),('28:da:bb:fd:ce:ce','2015-05-21 22:47:36','+20_SIMULATION','111','Heartbeat'),('28:da:bb:fd:ce:ce','2015-05-21 22:47:36','+20_SIMULATION','Route 1 is safe','Message'),('28:da:bb:fd:ce:ce','2015-05-21 22:47:36','+20_SIMULATION','4','Movements'),('28:da:bb:fd:ce:ce','2015-05-21 22:47:36','+20_SIMULATION','2','Screen'),('28:da:bb:fd:ce:ff','2015-05-21 19:17:36','+20_SIMULATION','97','Battery'),('28:da:bb:fd:ce:ff','2015-05-21 19:17:36','+20_SIMULATION','104','Heartbeat'),('28:da:bb:fd:ce:ff','2015-05-21 19:17:36','+20_SIMULATION','help!','Message'),('28:da:bb:fd:ce:ff','2015-05-21 19:17:36','+20_SIMULATION','2','Screen'),('29:34:be:fd:dd:ff','2015-05-21 19:17:36','+20_SIMULATION','16','Battery'),('29:34:be:fd:dd:ff','2015-05-21 19:17:36','+20_SIMULATION','97','Heartbeat'),('29:34:be:fd:dd:ff','2015-05-21 19:17:36','+20_SIMULATION','4','Movements'),('29:34:be:fd:dd:ff','2015-05-21 19:17:36','+20_SIMULATION','4','Screen'),('29:34:be:fd:dd:ff','2015-05-21 22:17:36','+20_SIMULATION','9','Battery'),('29:34:be:fd:dd:ff','2015-05-21 22:17:36','+20_SIMULATION','33','Heartbeat'),('29:34:be:fd:dd:ff','2015-05-21 22:17:36','+20_SIMULATION','I\'m injured','Message'),('29:34:be:fd:dd:ff','2015-05-21 22:17:36','+20_SIMULATION','5','Movements'),('29:34:be:fd:dd:ff','2015-05-21 22:17:36','+20_SIMULATION','6','Screen'),('31:34:be:fd:dd:ff','2015-05-21 19:17:36','+20_SIMULATION','29','Battery'),('31:34:be:fd:dd:ff','2015-05-21 19:17:36','+20_SIMULATION','121','Heartbeat'),('31:34:be:fd:dd:ff','2015-05-21 19:17:36','+20_SIMULATION','Route 1 is safe','Message'),('31:34:be:fd:dd:ff','2015-05-21 19:17:36','+20_SIMULATION','4','Movements'),('32:34:be:fd:dd:ff','2015-05-21 19:17:36','+20_SIMULATION','45','Battery'),('32:34:be:fd:dd:ff','2015-05-21 19:17:36','+20_SIMULATION','120','Heartbeat'),('32:34:be:fd:dd:ff','2015-05-21 19:17:36','+20_SIMULATION','3','Movements'),('32:34:be:fd:dd:ff','2015-05-21 19:17:36','+20_SIMULATION','5','Screen'),('32:34:be:fd:dd:ff','2015-05-21 23:47:36','+20_SIMULATION','32','Battery'),('32:34:be:fd:dd:ff','2015-05-21 23:47:36','+20_SIMULATION','117','Heartbeat'),('32:cc:be:fd:dd:ff','2015-05-21 19:17:36','+20_SIMULATION','37','Battery'),('32:cc:be:fd:dd:ff','2015-05-21 19:17:36','+20_SIMULATION','49','Heartbeat'),('32:cc:be:fd:dd:ff','2015-05-21 19:17:36','+20_SIMULATION','Route 1 is safe','Message'),('32:cc:be:fd:dd:ff','2015-05-21 19:17:36','+20_SIMULATION','0','Movements'),('32:cd:be:fd:dd:ff','2015-05-21 19:17:36','+20_SIMULATION','59','Battery'),('32:cd:be:fd:dd:ff','2015-05-21 19:17:36','+20_SIMULATION','49','Heartbeat'),('32:cd:be:fd:dd:ff','2015-05-21 19:47:36','+20_SIMULATION','52','Battery'),('32:cd:be:fd:dd:ff','2015-05-21 19:47:36','+20_SIMULATION','197','Heartbeat'),('32:cd:be:fd:dd:ff','2015-05-21 19:47:36','+20_SIMULATION','I\'m OK.','Message'),('32:cd:be:fd:dd:ff','2015-05-21 19:47:36','+20_SIMULATION','8','Screen'),('32:cf:be:fd:dd:ff','2015-05-21 19:17:36','+20_SIMULATION','98','Battery'),('32:cf:be:fd:dd:ff','2015-05-21 19:17:36','+20_SIMULATION','32','Heartbeat'),('32:cf:be:fd:dd:ff','2015-05-21 19:17:36','+20_SIMULATION','I\'m OK.','Message'),('32:cf:be:fd:dd:ff','2015-05-21 19:17:36','+20_SIMULATION','8','Screen'),('32:da:be:fd:dd:ff','2015-05-21 19:17:36','+20_SIMULATION','70','Battery'),('32:da:be:fd:dd:ff','2015-05-21 19:17:36','+20_SIMULATION','191','Heartbeat'),('32:da:be:fd:dd:ff','2015-05-21 19:17:36','+20_SIMULATION','Route 1 is safe','Message'),('32:da:be:fd:dd:ff','2015-05-21 19:17:36','+20_SIMULATION','0','Screen'),('32:da:be:fd:dd:ff','2015-05-21 19:47:36','+20_SIMULATION','62','Battery'),('32:da:be:fd:dd:ff','2015-05-21 19:47:36','+20_SIMULATION','163','Heartbeat'),('32:da:be:fd:dd:ff','2015-05-21 19:47:36','+20_SIMULATION','I\'m injured','Message'),('32:da:be:fd:dd:ff','2015-05-21 19:47:36','+20_SIMULATION','0','Movements'),('32:db:be:fd:dd:ff','2015-05-21 19:17:36','+20_SIMULATION','93','Battery'),('32:db:be:fd:dd:ff','2015-05-21 19:17:36','+20_SIMULATION','103','Heartbeat'),('32:db:be:fd:dd:ff','2015-05-21 19:17:36','+20_SIMULATION','This road is blocked.','Message'),('32:db:be:fd:dd:ff','2015-05-21 19:17:36','+20_SIMULATION','9','Screen'),('32:db:be:fd:dd:ff','2015-05-21 23:47:36','+20_SIMULATION','76','Battery'),('32:db:be:fd:dd:ff','2015-05-21 23:47:36','+20_SIMULATION','35','Heartbeat'),('32:db:be:fd:dd:ff','2015-05-21 23:47:36','+20_SIMULATION','7','Screen'),('32:dc:be:fd:dd:ff','2015-05-21 19:17:36','+20_SIMULATION','93','Battery'),('32:dc:be:fd:dd:ff','2015-05-21 19:17:36','+20_SIMULATION','98','Heartbeat'),('32:dc:be:fd:dd:ff','2015-05-21 19:17:36','+20_SIMULATION','I\'m OK.','Message'),('32:dc:be:fd:dd:ff','2015-05-21 19:17:36','+20_SIMULATION','1','Movements'),('32:df:be:fd:cf:ff','2015-05-21 19:17:36','+20_SIMULATION','51','Battery'),('32:df:be:fd:cf:ff','2015-05-21 19:17:36','+20_SIMULATION','56','Heartbeat'),('32:df:be:fd:cf:ff','2015-05-21 19:17:36','+20_SIMULATION','I\'m injured','Message'),('32:df:be:fd:da:ff','2015-05-21 19:17:36','+20_SIMULATION','87','Battery'),('32:df:be:fd:da:ff','2015-05-21 19:17:36','+20_SIMULATION','143','Heartbeat'),('32:df:be:fd:da:ff','2015-05-21 19:17:36','+20_SIMULATION','0','Screen'),('32:df:be:fd:db:cf','2015-05-21 19:17:36','+20_SIMULATION','87','Battery'),('32:df:be:fd:db:cf','2015-05-21 19:17:36','+20_SIMULATION','47','Heartbeat'),('32:df:be:fd:db:cf','2015-05-21 19:17:36','+20_SIMULATION','0','Movements'),('32:df:be:fd:db:cf','2015-05-21 19:17:36','+20_SIMULATION','1','Screen'),('32:df:be:fd:db:da','2015-05-21 19:17:36','+20_SIMULATION','10','Battery'),('32:df:be:fd:db:da','2015-05-21 19:17:36','+20_SIMULATION','123','Heartbeat'),('32:df:be:fd:db:da','2015-05-21 19:17:36','+20_SIMULATION','I\'m injured','Message'),('32:df:be:fd:db:da','2015-05-22 00:17:36','+20_SIMULATION','0','Battery'),('32:df:be:fd:db:da','2015-05-22 00:17:36','+20_SIMULATION','124','Heartbeat'),('32:df:be:fd:db:da','2015-05-22 00:17:36','+20_SIMULATION','Route 1 is safe','Message'),('32:df:be:fd:db:da','2015-05-22 00:17:36','+20_SIMULATION','2','Movements'),('32:df:be:fd:db:db','2015-05-21 19:17:36','+20_SIMULATION','55','Battery'),('32:df:be:fd:db:db','2015-05-21 19:17:36','+20_SIMULATION','180','Heartbeat'),('32:df:be:fd:db:db','2015-05-21 19:17:36','+20_SIMULATION','I\'m injured','Message'),('32:df:be:fd:db:db','2015-05-21 19:17:36','+20_SIMULATION','0','Movements'),('32:df:be:fd:db:db','2015-05-21 19:17:36','+20_SIMULATION','7','Screen'),('32:df:be:fd:db:db','2015-05-21 22:17:36','+20_SIMULATION','44','Battery'),('32:df:be:fd:db:db','2015-05-21 22:17:36','+20_SIMULATION','36','Heartbeat'),('32:df:be:fd:db:db','2015-05-21 22:17:36','+20_SIMULATION','help!','Message'),('32:df:be:fd:db:db','2015-05-21 22:17:36','+20_SIMULATION','10','Screen'),('32:df:be:fd:db:ff','2015-05-21 19:17:36','+20_SIMULATION','70','Battery'),('32:df:be:fd:db:ff','2015-05-21 19:17:36','+20_SIMULATION','3','Heartbeat'),('32:df:be:fd:db:ff','2015-05-21 19:17:36','+20_SIMULATION','help!','Message'),('32:df:be:fd:db:ff','2015-05-21 19:17:36','+20_SIMULATION','2','Movements'),('32:df:be:fd:dd:ff','2015-05-21 19:17:36','+20_SIMULATION','76','Battery'),('32:df:be:fd:dd:ff','2015-05-21 19:17:36','+20_SIMULATION','206','Heartbeat'),('32:df:be:fd:dd:ff','2015-05-21 19:17:36','+20_SIMULATION','This road is blocked.','Message'),('32:df:be:fd:dd:ff','2015-05-21 19:17:36','+20_SIMULATION','2','Movements'),('32:df:be:fd:dd:ff','2015-05-21 19:17:36','+20_SIMULATION','7','Screen'),('35:0E:39:12:1A:6C','2015-05-21 19:17:36','+20_SIMULATION','58','Battery'),('35:0E:39:12:1A:6C','2015-05-21 19:17:36','+20_SIMULATION','134','Heartbeat'),('35:0E:39:12:1A:6C','2015-05-21 19:17:36','+20_SIMULATION','This road is blocked.','Message'),('35:0E:39:12:1A:6C','2015-05-21 19:17:36','+20_SIMULATION','1','Screen'),('3A:91:2F:A5:AF:37','2015-05-21 19:17:36','+20_SIMULATION','2','Battery'),('3A:91:2F:A5:AF:37','2015-05-21 19:17:36','+20_SIMULATION','61','Heartbeat'),('3A:91:2F:A5:AF:37','2015-05-21 19:17:36','+20_SIMULATION','4','Movements'),('3A:91:2F:A5:AF:37','2015-05-21 19:17:36','+20_SIMULATION','7','Screen'),('44:11:4E:19:2F:19','2015-05-21 19:17:36','+20_SIMULATION','5','Battery'),('44:11:4E:19:2F:19','2015-05-21 19:17:36','+20_SIMULATION','127','Heartbeat'),('44:11:4E:19:2F:19','2015-05-21 19:17:36','+20_SIMULATION','This road is blocked.','Message'),('44:11:4E:19:2F:19','2015-05-21 19:17:36','+20_SIMULATION','0','Movements'),('4A:AA:78:AD:83:46','2015-05-21 19:17:36','+20_SIMULATION','51','Battery'),('4A:AA:78:AD:83:46','2015-05-21 19:17:36','+20_SIMULATION','95','Heartbeat'),('4A:AA:78:AD:83:46','2015-05-21 19:17:36','+20_SIMULATION','I\'m OK.','Message'),('4D:97:C7:4F:B4:C6','2015-05-21 19:17:36','+20_SIMULATION','58','Battery'),('4D:97:C7:4F:B4:C6','2015-05-21 19:17:36','+20_SIMULATION','136','Heartbeat'),('4D:97:C7:4F:B4:C6','2015-05-21 19:17:36','+20_SIMULATION','I\'m OK.','Message'),('4D:97:C7:4F:B4:C6','2015-05-21 19:17:36','+20_SIMULATION','4','Movements'),('4D:97:C7:4F:B4:C6','2015-05-21 19:47:36','+20_SIMULATION','51','Battery'),('4D:97:C7:4F:B4:C6','2015-05-21 19:47:36','+20_SIMULATION','152','Heartbeat'),('4D:97:C7:4F:B4:C6','2015-05-21 19:47:36','+20_SIMULATION','This area is not affected.','Message'),('4D:97:C7:4F:B4:C6','2015-05-21 19:47:36','+20_SIMULATION','4','Screen'),('55:81:DA:77:E2:CB','2015-05-21 19:17:36','+20_SIMULATION','17','Battery'),('55:81:DA:77:E2:CB','2015-05-21 19:17:36','+20_SIMULATION','178','Heartbeat'),('55:81:DA:77:E2:CB','2015-05-21 19:17:36','+20_SIMULATION','This road is blocked.','Message'),('63:15:7B:89:2F:A5','2015-05-21 19:17:36','+20_SIMULATION','69','Battery'),('63:15:7B:89:2F:A5','2015-05-21 19:17:36','+20_SIMULATION','118','Heartbeat'),('63:15:7B:89:2F:A5','2015-05-21 19:17:36','+20_SIMULATION','4','Movements'),('63:15:7B:89:2F:A5','2015-05-21 19:17:36','+20_SIMULATION','1','Screen'),('63:15:7B:89:2F:A5','2015-05-21 22:47:36','+20_SIMULATION','56','Battery'),('63:15:7B:89:2F:A5','2015-05-21 22:47:36','+20_SIMULATION','83','Heartbeat'),('63:15:7B:89:2F:A5','2015-05-21 22:47:36','+20_SIMULATION','This area is not affected.','Message'),('63:15:7B:89:2F:A5','2015-05-21 22:47:36','+20_SIMULATION','2','Screen'),('63:63:22:C4:7B:07','2015-05-21 19:17:36','+20_SIMULATION','72','Battery'),('63:63:22:C4:7B:07','2015-05-21 19:17:36','+20_SIMULATION','201','Heartbeat'),('63:63:22:C4:7B:07','2015-05-21 19:17:36','+20_SIMULATION','2','Movements'),('6E:6C:56:AF:A9:0F','2015-05-21 19:17:36','+20_SIMULATION','79','Battery'),('6E:6C:56:AF:A9:0F','2015-05-21 19:17:36','+20_SIMULATION','204','Heartbeat'),('6E:6C:56:AF:A9:0F','2015-05-21 19:17:36','+20_SIMULATION','help!','Message'),('6E:6C:56:AF:A9:0F','2015-05-21 21:17:36','+20_SIMULATION','68','Battery'),('6E:6C:56:AF:A9:0F','2015-05-21 21:17:36','+20_SIMULATION','135','Heartbeat'),('6E:6C:56:AF:A9:0F','2015-05-21 21:17:36','+20_SIMULATION','3','Movements'),('70:BB:70:99:CD:0D','2015-05-21 19:17:36','+20_SIMULATION','32','Battery'),('70:BB:70:99:CD:0D','2015-05-21 19:17:36','+20_SIMULATION','12','Heartbeat'),('70:BB:70:99:CD:0D','2015-05-21 19:17:36','+20_SIMULATION','I\'m OK.','Message'),('70:BB:70:99:CD:0D','2015-05-21 21:47:36','+20_SIMULATION','24','Battery'),('70:BB:70:99:CD:0D','2015-05-21 21:47:36','+20_SIMULATION','213','Heartbeat'),('70:BB:70:99:CD:0D','2015-05-21 21:47:36','+20_SIMULATION','9','Screen'),('96:A6:C9:CD:CF:5A','2015-05-21 19:17:36','+20_SIMULATION','76','Battery'),('96:A6:C9:CD:CF:5A','2015-05-21 19:17:36','+20_SIMULATION','45','Heartbeat'),('96:A6:C9:CD:CF:5A','2015-05-21 19:17:36','+20_SIMULATION','Route 1 is safe','Message'),('96:A6:C9:CD:CF:5A','2015-05-21 19:17:36','+20_SIMULATION','3','Movements'),('96:A6:C9:CD:CF:5A','2015-05-21 19:17:36','+20_SIMULATION','0','Screen'),('96:A6:C9:CD:CF:5A','2015-05-21 19:47:36','+20_SIMULATION','68','Battery'),('96:A6:C9:CD:CF:5A','2015-05-21 19:47:36','+20_SIMULATION','208','Heartbeat'),('96:A6:C9:CD:CF:5A','2015-05-21 19:47:36','+20_SIMULATION','1','Movements'),('9D:BE:04:1D:4B:C8','2015-05-21 19:17:36','+20_SIMULATION','23','Battery'),('9D:BE:04:1D:4B:C8','2015-05-21 19:17:36','+20_SIMULATION','182','Heartbeat'),('9D:BE:04:1D:4B:C8','2015-05-21 19:17:36','+20_SIMULATION','3','Screen'),('A0:9A:F5:F9:5B:DA','2015-05-21 19:17:36','+20_SIMULATION','10','Battery'),('A0:9A:F5:F9:5B:DA','2015-05-21 19:17:36','+20_SIMULATION','65','Heartbeat'),('A0:9A:F5:F9:5B:DA','2015-05-21 19:17:36','+20_SIMULATION','This road is blocked.','Message'),('A0:9A:F5:F9:5B:DA','2015-05-21 19:17:36','+20_SIMULATION','3','Screen'),('aa:23:de:fd:dd:ff','2015-05-21 19:17:36','+20_SIMULATION','55','Battery'),('aa:23:de:fd:dd:ff','2015-05-21 19:17:36','+20_SIMULATION','48','Heartbeat'),('aa:23:de:fd:dd:ff','2015-05-21 19:17:36','+20_SIMULATION','This area is not affected.','Message'),('aa:23:de:fd:dd:ff','2015-05-21 19:17:36','+20_SIMULATION','3','Movements'),('aa:34:11:fd:dd:ff','2015-05-21 19:17:36','+20_SIMULATION','49','Battery'),('aa:34:11:fd:dd:ff','2015-05-21 19:17:36','+20_SIMULATION','198','Heartbeat'),('aa:34:11:fd:dd:ff','2015-05-21 19:17:36','+20_SIMULATION','2','Movements'),('aa:34:11:fd:dd:ff','2015-05-21 19:17:36','+20_SIMULATION','4','Screen'),('aa:34:12:fd:dd:ff','2015-05-21 19:17:36','+20_SIMULATION','28','Battery'),('aa:34:12:fd:dd:ff','2015-05-21 19:17:36','+20_SIMULATION','14','Heartbeat'),('aa:34:12:fd:dd:ff','2015-05-21 19:17:36','+20_SIMULATION','Route 1 is safe','Message'),('aa:34:12:fd:dd:ff','2015-05-21 19:17:36','+20_SIMULATION','1','Screen'),('aa:34:12:fd:dd:ff','2015-05-21 20:47:36','+20_SIMULATION','23','Battery'),('aa:34:12:fd:dd:ff','2015-05-21 20:47:36','+20_SIMULATION','28','Heartbeat'),('aa:34:12:fd:dd:ff','2015-05-21 20:47:36','+20_SIMULATION','2','Screen'),('aa:34:13:fd:dd:ff','2015-05-21 19:17:36','+20_SIMULATION','8','Battery'),('aa:34:13:fd:dd:ff','2015-05-21 19:17:36','+20_SIMULATION','92','Heartbeat'),('aa:34:13:fd:dd:ff','2015-05-21 19:17:36','+20_SIMULATION','1','Movements'),('aa:34:14:fd:dd:ff','2015-05-21 19:17:36','+20_SIMULATION','29','Battery'),('aa:34:14:fd:dd:ff','2015-05-21 19:17:36','+20_SIMULATION','67','Heartbeat'),('aa:34:14:fd:dd:ff','2015-05-21 19:17:36','+20_SIMULATION','This road is blocked.','Message'),('aa:34:15:fd:dd:ff','2015-05-21 19:17:36','+20_SIMULATION','56','Battery'),('aa:34:15:fd:dd:ff','2015-05-21 19:17:36','+20_SIMULATION','38','Heartbeat'),('aa:34:15:fd:dd:ff','2015-05-21 19:17:36','+20_SIMULATION','This area is not affected.','Message'),('aa:34:15:fd:dd:ff','2015-05-21 19:17:36','+20_SIMULATION','2','Screen'),('aa:34:16:fd:dd:ff','2015-05-21 19:17:36','+20_SIMULATION','52','Battery'),('aa:34:16:fd:dd:ff','2015-05-21 19:17:36','+20_SIMULATION','104','Heartbeat'),('aa:34:16:fd:dd:ff','2015-05-21 19:17:36','+20_SIMULATION','Route 1 is safe','Message'),('aa:34:16:fd:dd:ff','2015-05-21 19:17:36','+20_SIMULATION','0','Movements'),('aa:34:17:fd:dd:ff','2015-05-21 19:17:36','+20_SIMULATION','73','Battery'),('aa:34:17:fd:dd:ff','2015-05-21 19:17:36','+20_SIMULATION','59','Heartbeat'),('aa:34:17:fd:dd:ff','2015-05-21 19:17:36','+20_SIMULATION','4','Movements'),('aa:34:17:fd:dd:ff','2015-05-21 19:17:36','+20_SIMULATION','10','Screen'),('aa:34:17:fd:dd:ff','2015-05-21 22:47:36','+20_SIMULATION','59','Battery'),('aa:34:17:fd:dd:ff','2015-05-21 22:47:36','+20_SIMULATION','209','Heartbeat'),('aa:34:17:fd:dd:ff','2015-05-21 22:47:36','+20_SIMULATION','9','Screen'),('aa:34:21:fd:dd:ff','2015-05-21 19:17:36','+20_SIMULATION','7','Battery'),('aa:34:21:fd:dd:ff','2015-05-21 19:17:36','+20_SIMULATION','83','Heartbeat'),('aa:34:21:fd:dd:ff','2015-05-21 19:17:36','+20_SIMULATION','2','Movements'),('aa:34:21:fd:dd:ff','2015-05-21 19:17:36','+20_SIMULATION','7','Screen'),('aa:34:21:fd:dd:ff','2015-05-21 21:47:36','+20_SIMULATION','2','Battery'),('aa:34:21:fd:dd:ff','2015-05-21 21:47:36','+20_SIMULATION','150','Heartbeat'),('aa:34:21:fd:dd:ff','2015-05-21 21:47:36','+20_SIMULATION','5','Movements'),('aa:34:22:fd:dd:ff','2015-05-21 19:17:36','+20_SIMULATION','95','Battery'),('aa:34:22:fd:dd:ff','2015-05-21 19:17:36','+20_SIMULATION','59','Heartbeat'),('aa:34:22:fd:dd:ff','2015-05-21 19:17:36','+20_SIMULATION','help!','Message'),('aa:34:24:fd:dd:ff','2015-05-21 19:17:36','+20_SIMULATION','41','Battery'),('aa:34:24:fd:dd:ff','2015-05-21 19:17:36','+20_SIMULATION','79','Heartbeat'),('aa:34:24:fd:dd:ff','2015-05-21 19:17:36','+20_SIMULATION','This area is not affected.','Message'),('aa:34:24:fd:dd:ff','2015-05-21 19:17:36','+20_SIMULATION','2','Movements'),('aa:34:24:fd:dd:ff','2015-05-21 19:47:36','+20_SIMULATION','36','Battery'),('aa:34:24:fd:dd:ff','2015-05-21 19:47:36','+20_SIMULATION','206','Heartbeat'),('aa:34:24:fd:dd:ff','2015-05-21 19:47:36','+20_SIMULATION','This road is blocked.','Message'),('aa:34:24:fd:dd:ff','2015-05-21 19:47:36','+20_SIMULATION','2','Screen'),('aa:34:25:fd:dd:ff','2015-05-21 19:17:36','+20_SIMULATION','87','Battery'),('aa:34:25:fd:dd:ff','2015-05-21 19:17:36','+20_SIMULATION','50','Heartbeat'),('aa:34:25:fd:dd:ff','2015-05-21 19:17:36','+20_SIMULATION','1','Movements'),('aa:34:26:fd:dd:ff','2015-05-21 19:17:36','+20_SIMULATION','21','Battery'),('aa:34:26:fd:dd:ff','2015-05-21 19:17:36','+20_SIMULATION','50','Heartbeat'),('aa:34:26:fd:dd:ff','2015-05-21 19:17:36','+20_SIMULATION','2','Movements'),('aa:34:26:fd:dd:ff','2015-05-21 19:17:36','+20_SIMULATION','5','Screen'),('aa:34:26:fd:dd:ff','2015-05-21 22:47:36','+20_SIMULATION','13','Battery'),('aa:34:26:fd:dd:ff','2015-05-21 22:47:36','+20_SIMULATION','60','Heartbeat'),('aa:34:26:fd:dd:ff','2015-05-21 22:47:36','+20_SIMULATION','0','Movements'),('aa:34:27:fd:dd:ff','2015-05-21 19:17:36','+20_SIMULATION','57','Battery'),('aa:34:27:fd:dd:ff','2015-05-21 19:17:36','+20_SIMULATION','184','Heartbeat'),('aa:34:27:fd:dd:ff','2015-05-21 19:17:36','+20_SIMULATION','10','Screen'),('aa:34:27:fd:dd:ff','2015-05-21 21:47:36','+20_SIMULATION','47','Battery'),('aa:34:27:fd:dd:ff','2015-05-21 21:47:36','+20_SIMULATION','159','Heartbeat'),('aa:34:27:fd:dd:ff','2015-05-21 21:47:36','+20_SIMULATION','5','Screen'),('aa:34:bb:fd:dd:ff','2015-05-21 19:17:36','+20_SIMULATION','95','Battery'),('aa:34:bb:fd:dd:ff','2015-05-21 19:17:36','+20_SIMULATION','122','Heartbeat'),('aa:34:bb:fd:dd:ff','2015-05-21 19:17:36','+20_SIMULATION','1','Movements'),('aa:34:bb:fd:dd:ff','2015-05-21 19:17:36','+20_SIMULATION','8','Screen'),('aa:34:bc:fd:dd:ff','2015-05-21 19:17:36','+20_SIMULATION','59','Battery'),('aa:34:bc:fd:dd:ff','2015-05-21 19:17:36','+20_SIMULATION','216','Heartbeat'),('aa:34:bc:fd:dd:ff','2015-05-21 19:17:36','+20_SIMULATION','4','Movements'),('aa:34:bc:fd:dd:ff','2015-05-21 19:17:36','+20_SIMULATION','0','Screen'),('aa:34:bc:fd:dd:ff','2015-05-21 22:47:36','+20_SIMULATION','47','Battery'),('aa:34:bc:fd:dd:ff','2015-05-21 22:47:36','+20_SIMULATION','21','Heartbeat'),('aa:34:bc:fd:dd:ff','2015-05-21 22:47:36','+20_SIMULATION','0','Movements'),('aa:34:bd:fd:dd:ff','2015-05-21 19:17:36','+20_SIMULATION','46','Battery'),('aa:34:bd:fd:dd:ff','2015-05-21 19:17:36','+20_SIMULATION','92','Heartbeat'),('aa:34:bd:fd:dd:ff','2015-05-21 19:17:36','+20_SIMULATION','6','Screen'),('aa:34:bd:fd:dd:ff','2015-05-21 23:17:36','+20_SIMULATION','34','Battery'),('aa:34:bd:fd:dd:ff','2015-05-21 23:17:36','+20_SIMULATION','220','Heartbeat'),('aa:34:bd:fd:dd:ff','2015-05-21 23:17:36','+20_SIMULATION','This road is blocked.','Message'),('aa:34:bd:fd:dd:ff','2015-05-21 23:17:36','+20_SIMULATION','2','Movements'),('aa:34:bd:fd:dd:ff','2015-05-21 23:17:36','+20_SIMULATION','3','Screen'),('aa:34:be:fd:dd:ff','2015-05-21 19:17:36','+20_SIMULATION','53','Battery'),('aa:34:be:fd:dd:ff','2015-05-21 19:17:36','+20_SIMULATION','180','Heartbeat'),('aa:34:be:fd:dd:ff','2015-05-21 19:17:36','+20_SIMULATION','1','Movements'),('aa:34:be:fd:dd:ff','2015-05-21 19:17:36','+20_SIMULATION','7','Screen'),('aa:34:be:fd:dd:ff','2015-05-21 22:17:36','+20_SIMULATION','42','Battery'),('aa:34:be:fd:dd:ff','2015-05-21 22:17:36','+20_SIMULATION','94','Heartbeat'),('aa:34:be:fd:dd:ff','2015-05-21 22:17:36','+20_SIMULATION','This area is not affected.','Message'),('aa:34:de:fd:dd:ff','2015-05-21 19:17:36','+20_SIMULATION','71','Battery'),('aa:34:de:fd:dd:ff','2015-05-21 19:17:36','+20_SIMULATION','32','Heartbeat'),('aa:34:de:fd:dd:ff','2015-05-21 21:47:36','+20_SIMULATION','59','Battery'),('aa:34:de:fd:dd:ff','2015-05-21 21:47:36','+20_SIMULATION','128','Heartbeat'),('aa:34:de:fd:dd:ff','2015-05-21 21:47:36','+20_SIMULATION','I\'m injured','Message'),('aa:34:de:fd:dd:ff','2015-05-21 21:47:36','+20_SIMULATION','7','Screen'),('AB:89:32:1D:E4:17','2015-05-21 19:17:36','+20_SIMULATION','66','Battery'),('AB:89:32:1D:E4:17','2015-05-21 19:17:36','+20_SIMULATION','96','Heartbeat'),('AB:89:32:1D:E4:17','2015-05-21 19:17:36','+20_SIMULATION','Route 1 is safe','Message'),('AB:89:32:1D:E4:17','2015-05-21 21:47:36','+20_SIMULATION','55','Battery'),('AB:89:32:1D:E4:17','2015-05-21 21:47:36','+20_SIMULATION','168','Heartbeat'),('AB:89:32:1D:E4:17','2015-05-21 21:47:36','+20_SIMULATION','This area is not affected.','Message'),('AB:89:32:1D:E4:17','2015-05-21 21:47:36','+20_SIMULATION','5','Movements'),('AB:89:32:1D:E4:17','2015-05-21 21:47:36','+20_SIMULATION','5','Screen'),('bb:34:de:fd:33:ff','2015-05-21 19:17:36','+20_SIMULATION','38','Battery'),('bb:34:de:fd:33:ff','2015-05-21 19:17:36','+20_SIMULATION','99','Heartbeat'),('bb:34:de:fd:33:ff','2015-05-21 19:17:36','+20_SIMULATION','Route 1 is safe','Message'),('bb:34:de:fd:33:ff','2015-05-21 19:17:36','+20_SIMULATION','0','Movements'),('bb:34:de:fd:33:ff','2015-05-21 19:17:36','+20_SIMULATION','1','Screen'),('bb:34:de:fd:33:ff','2015-05-21 23:47:36','+20_SIMULATION','26','Battery'),('bb:34:de:fd:33:ff','2015-05-21 23:47:36','+20_SIMULATION','162','Heartbeat'),('C2:07:E4:AA:6D:97','2015-05-21 19:17:36','+20_SIMULATION','80','Battery'),('C2:07:E4:AA:6D:97','2015-05-21 19:17:36','+20_SIMULATION','100','Heartbeat'),('C2:07:E4:AA:6D:97','2015-05-21 19:17:36','+20_SIMULATION','0','Movements'),('C2:07:E4:AA:6D:97','2015-05-21 19:17:36','+20_SIMULATION','6','Screen'),('C2:29:EC:44:D5:1A','2015-05-21 19:17:36','+20_SIMULATION','17','Battery'),('C2:29:EC:44:D5:1A','2015-05-21 19:17:36','+20_SIMULATION','116','Heartbeat'),('C2:29:EC:44:D5:1A','2015-05-21 19:17:36','+20_SIMULATION','1','Movements'),('C2:29:EC:44:D5:1A','2015-05-21 19:17:36','+20_SIMULATION','4','Screen'),('CA:D9:D6:67:F5:CA','2015-05-21 19:17:36','+20_SIMULATION','34','Battery'),('CA:D9:D6:67:F5:CA','2015-05-21 19:17:36','+20_SIMULATION','21','Heartbeat'),('CA:D9:D6:67:F5:CA','2015-05-21 19:17:36','+20_SIMULATION','4','Screen'),('CE:04:82:8D:0C:C0','2015-05-21 19:17:36','+20_SIMULATION','3','Battery'),('CE:04:82:8D:0C:C0','2015-05-21 19:17:36','+20_SIMULATION','51','Heartbeat'),('CE:04:82:8D:0C:C0','2015-05-21 19:17:36','+20_SIMULATION','4','Movements'),('CE:04:82:8D:0C:C0','2015-05-21 19:17:36','+20_SIMULATION','3','Screen'),('CE:04:82:8D:0C:C0','2015-05-21 21:17:36','+20_SIMULATION','0','Battery'),('CE:04:82:8D:0C:C0','2015-05-21 21:17:36','+20_SIMULATION','187','Heartbeat'),('CE:04:82:8D:0C:C0','2015-05-21 21:17:36','+20_SIMULATION','Route 1 is safe','Message'),('CE:04:82:8D:0C:C0','2015-05-21 21:17:36','+20_SIMULATION','1','Movements'),('CE:04:82:8D:0C:C0','2015-05-21 21:17:36','+20_SIMULATION','8','Screen');
/*!40000 ALTER TABLE `dados` ENABLE KEYS */;
UNLOCK TABLES;

--
-- Table structure for table `devices`
--

DROP TABLE IF EXISTS `devices`;
/*!40101 SET @saved_cs_client     = @@character_set_client */;
/*!40101 SET character_set_client = utf8 */;
CREATE TABLE `devices` (
  `mac_address` varchar(100) NOT NULL,
  `user_id` int(11) NOT NULL,
  `gcm_regid` text,
  `mode` varchar(50) DEFAULT NULL,
  PRIMARY KEY (`mac_address`),
  KEY `user_id` (`user_id`),
  CONSTRAINT `devices_ibfk_1` FOREIGN KEY (`user_id`) REFERENCES `users` (`id`)
) ENGINE=InnoDB DEFAULT CHARSET=latin1;
/*!40101 SET character_set_client = @saved_cs_client */;

--
-- Dumping data for table `devices`
--

LOCK TABLES `devices` WRITE;
/*!40000 ALTER TABLE `devices` DISABLE KEYS */;
INSERT INTO `devices` VALUES ('84:51:81:A7:B2:43',37,'APA91bHVT3cyxMKxIFoGru-rxcyXRCxSBmXOk-p22pZZU_1zZTRW3j6WlSVclSNqOTeGL-W9hdyDWUPB6REhNLwgnCfaQ4tyRSifvdyoWS-z0_CACj0rMg0','INTERNET'),('84:51:81:A7:B2:43_0',999,'ABC','INTERNET'),('84:51:81:A7:B2:43_1',999,'ABC','INTERNET'),('84:51:81:A7:B2:43_10',999,'ABC','INTERNET'),('84:51:81:A7:B2:43_11',999,'ABC','INTERNET'),('84:51:81:A7:B2:43_12',999,'ABC','INTERNET'),('84:51:81:A7:B2:43_13',999,'ABC','INTERNET'),('84:51:81:A7:B2:43_14',999,'ABC','INTERNET'),('84:51:81:A7:B2:43_15',999,'ABC','INTERNET'),('84:51:81:A7:B2:43_16',999,'ABC','INTERNET'),('84:51:81:A7:B2:43_17',999,'ABC','INTERNET'),('84:51:81:A7:B2:43_18',999,'ABC','INTERNET'),('84:51:81:A7:B2:43_19',999,'ABC','INTERNET'),('84:51:81:A7:B2:43_2',999,'ABC','INTERNET'),('84:51:81:A7:B2:43_20',999,'ABC','INTERNET'),('84:51:81:A7:B2:43_21',999,'ABC','INTERNET'),('84:51:81:A7:B2:43_22',999,'ABC','INTERNET'),('84:51:81:A7:B2:43_23',999,'ABC','INTERNET'),('84:51:81:A7:B2:43_24',999,'ABC','INTERNET'),('84:51:81:A7:B2:43_25',999,'ABC','INTERNET'),('84:51:81:A7:B2:43_26',999,'ABC','INTERNET'),('84:51:81:A7:B2:43_27',999,'ABC','INTERNET'),('84:51:81:A7:B2:43_28',999,'ABC','INTERNET'),('84:51:81:A7:B2:43_29',999,'ABC','INTERNET'),('84:51:81:A7:B2:43_3',999,'ABC','INTERNET'),('84:51:81:A7:B2:43_4',999,'ABC','INTERNET'),('84:51:81:A7:B2:43_5',999,'ABC','INTERNET'),('84:51:81:A7:B2:43_6',999,'ABC','INTERNET'),('84:51:81:A7:B2:43_7',999,'ABC','INTERNET'),('84:51:81:A7:B2:43_8',999,'ABC','INTERNET'),('84:51:81:A7:B2:43_9',999,'ABC','INTERNET'),('abcd',35,'blabla','internet'),('qwerty',34,'blabla','internet');
/*!40000 ALTER TABLE `devices` ENABLE KEYS */;
UNLOCK TABLES;

--
-- Table structure for table `history`
--

DROP TABLE IF EXISTS `history`;
/*!40101 SET @saved_cs_client     = @@character_set_client */;
/*!40101 SET character_set_client = utf8 */;
CREATE TABLE `history` (
  `id` int(11) NOT NULL AUTO_INCREMENT,
  `id_section` int(11) NOT NULL,
  `state` tinyint(1) DEFAULT NULL,
  `id_occurrence` int(11) DEFAULT NULL,
  `level` int(11) DEFAULT NULL,
  `ts` timestamp NOT NULL DEFAULT CURRENT_TIMESTAMP ON UPDATE CURRENT_TIMESTAMP,
  PRIMARY KEY (`id`),
  KEY `id_section` (`id_section`),
  KEY `id_occurrence` (`id_occurrence`),
  CONSTRAINT `history_ibfk_1` FOREIGN KEY (`id_section`) REFERENCES `section` (`id`),
  CONSTRAINT `history_ibfk_2` FOREIGN KEY (`id_occurrence`) REFERENCES `occurrence` (`id`)
) ENGINE=InnoDB AUTO_INCREMENT=41 DEFAULT CHARSET=latin1;
/*!40101 SET character_set_client = @saved_cs_client */;

--
-- Dumping data for table `history`
--

LOCK TABLES `history` WRITE;
/*!40000 ALTER TABLE `history` DISABLE KEYS */;
INSERT INTO `history` VALUES (1,1,1,NULL,NULL,'2015-07-13 18:11:01'),(2,1,NULL,1,0,'2015-07-13 18:11:01'),(3,1,NULL,2,0,'2015-07-13 18:11:01'),(4,1,NULL,3,0,'2015-07-13 18:11:01'),(5,1,NULL,4,0,'2015-07-13 18:11:01'),(6,1,NULL,1,89,'2015-07-13 18:12:16'),(7,1,NULL,2,71,'2015-07-13 18:12:16'),(8,1,NULL,3,43,'2015-07-13 18:12:16'),(9,1,NULL,4,29,'2015-07-13 18:12:16'),(10,2,1,NULL,NULL,'2015-07-13 18:19:27'),(11,2,NULL,1,17,'2015-07-13 18:19:27'),(12,2,NULL,2,78,'2015-07-13 18:19:27'),(13,2,NULL,3,22,'2015-07-13 18:19:27'),(14,2,NULL,4,29,'2015-07-13 18:19:27'),(15,3,1,NULL,NULL,'2015-07-13 18:19:42'),(16,3,NULL,1,47,'2015-07-13 18:19:42'),(17,3,NULL,2,30,'2015-07-13 18:19:42'),(18,3,NULL,3,57,'2015-07-13 18:19:42'),(19,3,NULL,4,84,'2015-07-13 18:19:42'),(20,4,1,NULL,NULL,'2015-07-13 18:20:03'),(21,4,NULL,1,79,'2015-07-13 18:20:03'),(22,4,NULL,2,0,'2015-07-13 18:20:03'),(23,4,NULL,3,2,'2015-07-13 18:20:03'),(24,4,NULL,4,68,'2015-07-13 18:20:03'),(25,5,1,NULL,NULL,'2015-07-13 18:20:38'),(26,5,NULL,1,24,'2015-07-13 18:20:38'),(27,5,NULL,2,35,'2015-07-13 18:20:38'),(28,5,NULL,3,89,'2015-07-13 18:20:38'),(29,5,NULL,4,58,'2015-07-13 18:20:38'),(30,6,1,NULL,NULL,'2015-07-13 18:20:59'),(31,6,NULL,1,95,'2015-07-13 18:20:59'),(32,6,NULL,2,98,'2015-07-13 18:20:59'),(33,6,NULL,3,89,'2015-07-13 18:20:59'),(34,6,NULL,4,95,'2015-07-13 18:20:59'),(35,2,0,NULL,NULL,'2015-07-13 18:21:41'),(36,7,1,NULL,NULL,'2015-07-13 19:59:55'),(37,7,NULL,1,100,'2015-07-13 19:59:55'),(38,7,NULL,2,100,'2015-07-13 19:59:55'),(39,7,NULL,3,100,'2015-07-13 19:59:55'),(40,7,NULL,4,100,'2015-07-13 19:59:55');
/*!40000 ALTER TABLE `history` ENABLE KEYS */;
UNLOCK TABLES;

--
-- Table structure for table `legacy_points`
--

DROP TABLE IF EXISTS `legacy_points`;
/*!40101 SET @saved_cs_client     = @@character_set_client */;
/*!40101 SET character_set_client = utf8 */;
CREATE TABLE `legacy_points` (
  `nodeid` varchar(100) NOT NULL,
  `timestamp` bigint(20) unsigned NOT NULL,
  `msg` text,
  `latitude` float DEFAULT NULL,
  `longitude` float DEFAULT NULL,
  `accuracy` int(11) DEFAULT NULL,
  `battery` int(11) DEFAULT NULL,
  `steps` int(11) DEFAULT NULL,
  `screen` int(11) DEFAULT NULL,
  `safe` int(11) DEFAULT NULL,
  `added` bigint(20) unsigned NOT NULL,
  `locationTimestamp` bigint(20) unsigned DEFAULT NULL,
  `status` varchar(50) DEFAULT NULL,
  `statusTimestamp` bigint(20) unsigned DEFAULT NULL,
  PRIMARY KEY (`nodeid`,`timestamp`)
) ENGINE=InnoDB DEFAULT CHARSET=latin1;
/*!40101 SET character_set_client = @saved_cs_client */;

--
-- Dumping data for table `legacy_points`
--

LOCK TABLES `legacy_points` WRITE;
/*!40000 ALTER TABLE `legacy_points` DISABLE KEYS */;
INSERT INTO `legacy_points` VALUES ('207B04',1427799692595,'',0,0,0,75,0,0,0,0,0,'receivedControlCentre',1427800294914),('207B04',1427799877496,'',38.7559,-9.15801,22,75,0,0,0,0,1427799695323,'receivedControlCentre',1427800294927),('207B04',1427800273550,'',38.7559,-9.15804,20,75,0,0,0,0,1427799878371,'receivedControlCentre',1427800294937),('207B04',1427800400377,'',38.7559,-9.15804,20,75,0,0,0,0,1427799878371,'created',1427800400377),('207B04',1427800581402,'',38.7559,-9.15804,20,75,0,0,0,0,1427799878371,'created',1427800581402),('207B04',1427800733359,'',38.7559,-9.15804,20,75,19,1,0,0,1427799878371,'created',1427800733359),('207B04',1427800765207,'',38.7559,-9.15804,20,75,63,2,0,0,1427799878371,'created',1427800765207),('207B04',1427800881277,'',38.7559,-9.15804,20,75,103,2,0,0,1427799878371,'created',1427800881277),('207B04',1427800918917,'',38.7559,-9.15804,20,75,178,5,0,0,1427799878371,'created',1427800918917),('207B04',1427800953448,'',38.7559,-9.15804,20,75,238,7,0,0,1427799878371,'created',1427800953448),('207B04',1427800995384,'',38.7559,-9.15804,20,75,275,7,0,0,1427799878371,'created',1427800995384),('207B04',1427801093265,'',38.7559,-9.15804,20,74,401,7,0,0,1427799878371,'created',1427801093265),('207B04',1427801153548,'',38.7559,-9.15804,20,74,416,8,0,0,1427799878371,'created',1427801153548),('207B04',1427801201443,'',38.7559,-9.15804,20,74,417,8,0,0,1427799878371,'created',1427801201443),('207B04',1427801241248,'',38.7559,-9.15804,20,74,447,8,0,0,1427799878371,'created',1427801241248),('207B04',1427801288246,'',38.7559,-9.15804,20,74,568,8,0,0,1427799878371,'created',1427801288246),('207B04',1427801337745,'',38.7555,-9.15631,6,74,617,8,0,0,1427797718000,'created',1427801337745),('207B04',1427801407706,'',38.7555,-9.15631,6,74,701,8,0,0,1427797718000,'created',1427801407706),('207B04',1427801530244,'',38.7555,-9.15631,6,74,733,8,0,0,1427797718000,'created',1427801530244),('207B04',1427801710719,'',38.7555,-9.15631,6,74,735,8,0,0,1427797718000,'created',1427801710719),('207B04',1427801917527,'',38.7555,-9.15631,6,74,735,8,0,0,1427797718000,'created',1427801917527),('207B04',1427802080392,'',38.7555,-9.15631,6,74,735,8,0,0,1427797718000,'created',1427802080392),('207B04',1427802134379,'',38.7555,-9.15631,6,74,735,8,0,0,1427797718000,'created',1427802134379),('207B04',1427802264241,'',38.7555,-9.15631,6,74,745,9,0,0,1427797718000,'created',1427802264241),('207B04',1427802313182,'',38.7555,-9.15631,6,74,745,9,0,0,1427797718000,'created',1427802313182),('207B04',1427802445241,'',38.7555,-9.15631,6,74,745,9,0,0,1427797718000,'created',1427802445241),('207B04',1427802497441,'',38.7555,-9.15631,6,74,745,9,0,0,1427797718000,'created',1427802497441),('207B04',1427802549244,'',38.7555,-9.15631,6,74,745,9,0,0,1427797718000,'created',1427802549244),('207B04',1427802601246,'',38.7555,-9.15631,6,74,745,9,0,0,1427797718000,'created',1427802601246),('207B04',1427802653366,'',38.7555,-9.15631,6,74,745,9,0,0,1427797718000,'created',1427802653366),('207B04',1427802704244,'',38.7555,-9.15631,6,74,745,9,0,0,1427797718000,'created',1427802704244),('207B04',1427802751241,'',38.7555,-9.15631,6,74,767,10,0,0,1427797718000,'created',1427802751241),('207B04',1427802799608,'',38.7555,-9.15631,6,74,812,10,0,0,1427797718000,'created',1427802799608),('207B04',1427802978990,'',38.7557,-9.1559,6,74,863,10,0,0,1427799221000,'created',1427802978990),('207B04',1427803044932,'',38.7557,-9.1559,6,74,865,10,0,0,1427799221000,'created',1427803044932),('207B04',1427803161241,'',38.7557,-9.1559,6,73,868,10,0,0,1427799221000,'created',1427803161241),('207B04',1427803273252,'',0,0,0,-1,-1,-1,0,0,0,'created',1427803273252),('2F794B',1427799646066,'',0,0,0,42,0,0,0,0,0,'receivedControlCentre',1427802915806),('2F794B',1427800127415,'',0,0,0,42,0,0,0,0,0,'receivedControlCentre',1427802915813),('2F794B',1427800484850,'',0,0,0,42,0,0,0,0,0,'receivedControlCentre',1427802915831),('2F794B',1427801102033,'',0,0,0,42,0,0,0,0,0,'receivedControlCentre',1427802915859),('2F794B',1427801227103,'',0,0,0,42,0,0,0,0,0,'receivedControlCentre',1427802915870),('2F794B',1427801568083,'',0,0,0,42,0,0,0,0,0,'receivedControlCentre',1427802915878),('2F794B',1427801970564,'',0,0,0,42,0,0,0,0,0,'receivedControlCentre',1427802915886),('2F794B',1427802187409,'',0,0,0,42,0,0,0,0,0,'receivedControlCentre',1427802915897),('2F794B',1427802217482,'',0,0,0,42,0,0,0,0,0,'receivedControlCentre',1427802915921),('2F794B',1427802247538,'',0,0,0,41,0,0,0,0,0,'receivedControlCentre',1427802915941),('2F794B',1427802279443,'',0,0,0,41,11,1,0,0,0,'receivedControlCentre',1427802915949),('2F794B',1427802309486,'',0,0,0,41,11,1,0,0,0,'receivedControlCentre',1427802915962),('2F794B',1427802337346,'Help!',0,0,0,41,11,1,0,0,0,'receivedControlCentre',1427802915984),('2F794B',1427802340137,'',0,0,0,41,11,1,0,0,0,'receivedControlCentre',1427802915993),('2F794B',1427802370172,'',0,0,0,41,18,1,0,0,0,'receivedControlCentre',1427802916037),('2F794B',1427802400213,'',0,0,0,41,18,1,0,0,0,'receivedControlCentre',1427802916052),('2F794B',1427802430256,'',0,0,0,41,18,1,0,0,0,'receivedControlCentre',1427802916175),('2F794B',1427802533638,'',0,0,0,41,18,1,0,0,0,'receivedControlCentre',1427802916343),('2F794B',1427802563675,'',0,0,0,41,18,1,0,0,0,'receivedControlCentre',1427802916460),('2F794B',1427802593732,'',0,0,0,41,18,1,0,0,0,'receivedControlCentre',1427802916641),('2F794B',1427802623777,'',0,0,0,40,18,1,0,0,0,'receivedControlCentre',1427802916860),('2F794B',1427802730627,'',0,0,0,40,18,1,0,0,0,'receivedControlCentre',1427802919638),('2F794B',1427802894053,'',0,0,0,40,18,1,0,0,0,'receivedControlCentre',1427802920064),('2F794B',1427802924600,'',0,0,0,40,18,1,0,0,0,'created',1427802924600),('2F794B',1427803091405,'',0,0,0,40,22,1,0,0,0,'created',1427803091405),('300655',1427799631809,'',0,0,0,73,0,0,0,0,0,'receivedControlCentre',1427801490186),('300655',1427799842788,'',38.7559,-9.15799,34,73,0,0,0,0,1427799632781,'receivedControlCentre',1427801490247),('300655',1427800248651,'',38.7559,-9.15799,34,73,0,0,0,0,1427799843091,'receivedControlCentre',1427801490263),('300655',1427800563269,'',38.7559,-9.15799,34,73,0,0,0,0,1427799843091,'receivedControlCentre',1427801490277),('300655',1427800681649,'',38.7559,-9.15799,34,73,2,0,0,0,1427799843091,'receivedControlCentre',1427801490309),('300655',1427800754475,'',38.7559,-9.15799,34,73,30,1,0,0,1427799843091,'receivedControlCentre',1427801490351),('300655',1427800803714,'',38.7557,-9.15798,25,73,128,1,0,0,1427800803488,'receivedControlCentre',1427801490418),('300655',1427800837769,'',38.7557,-9.15798,25,73,184,1,0,0,1427800803488,'receivedControlCentre',1427801490601),('300655',1427800867787,'',38.7557,-9.15798,25,73,188,2,0,0,1427800803488,'receivedControlCentre',1427801490679),('300655',1427800897802,'',38.7557,-9.15798,25,73,197,2,0,0,1427800803488,'receivedControlCentre',1427801490760),('300655',1427800927827,'',38.7557,-9.15798,25,73,214,2,0,0,1427800803488,'receivedControlCentre',1427801490953),('300655',1427800957855,'',38.7557,-9.15798,25,73,216,2,0,0,1427800803488,'receivedControlCentre',1427801491210),('300655',1427800987975,'',38.7557,-9.15798,25,72,216,2,0,0,1427800803488,'receivedControlCentre',1427801491406),('300655',1427801018022,'',38.7557,-9.15798,25,72,226,4,0,0,1427800803488,'receivedControlCentre',1427801491571),('300655',1427801052202,'',38.7557,-9.15798,25,72,309,4,0,0,1427800803488,'receivedControlCentre',1427801491794),('300655',1427801082223,'',38.7557,-9.15798,25,72,396,4,0,0,1427800803488,'receivedControlCentre',1427801491967),('300655',1427801118655,'',38.7557,-9.15798,25,72,475,4,0,0,1427800803488,'receivedControlCentre',1427801491979),('300655',1427801166764,'',38.7557,-9.15798,25,71,605,4,0,0,1427800803488,'receivedControlCentre',1427801491998),('300655',1427801197109,'',38.7557,-9.15798,25,71,686,4,0,0,1427800803488,'receivedControlCentre',1427801492069),('300655',1427801237592,'',38.7557,-9.15798,25,71,727,4,0,0,1427800803488,'receivedControlCentre',1427801492079),('300655',1427801268424,'',38.7557,-9.15798,25,71,734,5,0,0,1427800803488,'receivedControlCentre',1427801492099),('300655',1427801298503,'',38.7545,-9.15863,36,71,737,6,0,0,1427801295909,'receivedControlCentre',1427801492111),('300655',1427801328837,'',38.7545,-9.15863,36,70,741,7,0,0,1427801295909,'receivedControlCentre',1427801492122),('300655',1427801358892,'',38.7545,-9.15863,36,70,741,7,0,0,1427801295909,'receivedControlCentre',1427801492133),('300655',1427801420245,'',38.7545,-9.15863,20,70,746,7,0,0,1427801416049,'receivedControlCentre',1427801492154),('300655',1427801506887,'',38.7545,-9.15863,20,70,761,7,0,0,1427801416049,'created',1427801506887),('300655',1427801536932,'',38.7545,-9.15863,20,70,761,7,0,0,1427801416049,'created',1427801536932),('300655',1427801590047,'',38.7545,-9.15863,20,69,761,7,0,0,1427801416049,'created',1427801590047),('300655',1427801716333,'',38.7545,-9.15863,20,69,764,7,0,0,1427801416049,'created',1427801716333),('300655',1427802065338,'',38.7545,-9.15863,20,69,764,7,0,0,1427801416049,'created',1427802065338),('300655',1427802406110,'',38.7545,-9.15863,20,68,764,7,0,0,1427801416049,'created',1427802406110),('300655',1427802770564,'',38.7545,-9.15863,20,68,772,7,0,0,1427801416049,'created',1427802770564),('300655',1427803136339,'',38.7545,-9.15863,20,67,772,7,0,0,1427801416049,'created',1427803136339),('300655',1427803307851,'',0,0,0,-1,-1,-1,0,0,0,'created',1427803307851),('9EF5B2',1427799710870,'',0,0,0,65,0,0,0,0,0,'created',1427799710870),('9EF5B2',1427799804145,'',38.7554,-9.15794,27,64,0,0,0,0,1427799715875,'created',1427799804145),('9EF5B2',1427799923631,'',38.7555,-9.1579,24,64,0,0,0,0,1427799805756,'created',1427799923631),('9EF5B2',1427800039273,'',38.7554,-9.15797,26,64,0,0,0,0,1427799928185,'created',1427800039273),('9EF5B2',1427800165495,'',38.7555,-9.1579,24,64,0,0,0,0,1427800048294,'created',1427800165495),('9EF5B2',1427800195529,'',38.7555,-9.1579,24,64,0,0,0,0,1427800048294,'created',1427800195529),('9EF5B2',1427800225982,'',38.7555,-9.1579,24,64,0,0,0,0,1427800048294,'created',1427800225982),('9EF5B2',1427800966519,'',38.7555,-9.1579,24,63,0,0,0,0,1427800048294,'created',1427800966519),('9EF5B2',1427801379234,'',38.7555,-9.1579,24,63,0,0,0,0,1427800048294,'created',1427801379234),('9EF5B2',1427802093538,'',38.7555,-9.1579,24,62,0,0,0,0,1427800048294,'created',1427802093538),('9EF5B2',1427803200520,'',0,0,0,-1,-1,-1,0,0,0,'created',1427803200520),('BB254B',1427803231749,'',0,0,0,51,0,0,0,0,0,'receivedControlCentre',1427803317259),('BB254B',1427803293082,'',38.7567,-9.1566,34,51,0,0,0,0,1427803291863,'receivedControlCentre',1427803317280),('BB254B',1427803356396,'',38.7567,-9.1566,34,51,0,0,0,0,1427803291863,'created',1427803356396),('BB254B',1427803417058,'',38.7567,-9.1566,34,51,9,1,0,0,1427803291863,'created',1427803417058),('BB254B',1427803448882,'',38.7567,-9.1566,34,51,19,2,0,0,1427803291863,'created',1427803448882),('BB254B',1427803461962,'O C3 est a arder!!!',38.7567,-9.1566,34,51,19,2,0,0,1427803291863,'created',1427803461962),('BB254B',1427803498788,'',38.7567,-9.1566,34,51,35,2,0,0,1427803291863,'created',1427803498788),('BB254B',1427803528857,'',38.7567,-9.1566,34,51,48,2,0,0,1427803291863,'created',1427803528857),('BB254B',1427803558922,'',38.7567,-9.1566,34,50,53,2,0,0,1427803291863,'created',1427803558922),('BB254B',1427803589022,'',38.7567,-9.1566,34,50,68,2,0,0,1427803291863,'created',1427803589022),('BB254B',1427803622753,'',38.7567,-9.1566,34,50,70,2,0,0,1427803291863,'created',1427803622753),('BB254B',1427803786140,'',38.7567,-9.1566,34,50,74,2,0,0,1427803291863,'created',1427803786140),('BB254B',1427803876488,'',38.7567,-9.1566,34,50,113,2,0,0,1427803291863,'created',1427803876488),('BB254B',1427804034765,'',38.7567,-9.1566,34,50,165,2,0,0,1427803291863,'created',1427804034765),('BB254B',1427804158754,'',38.7567,-9.1566,34,50,195,2,0,0,1427803291863,'created',1427804158754),('BB254B',1427804395845,'',38.7567,-9.1566,34,50,223,2,0,0,1427803291863,'created',1427804395845),('BB254B',1427804543142,'',38.7567,-9.1566,34,50,227,2,0,0,1427803291863,'created',1427804543142),('BB254B',1427804660935,'',38.7567,-9.1566,34,50,231,2,0,0,1427803291863,'created',1427804660935),('BB254B',1427804766175,'',38.7567,-9.1566,34,50,231,2,0,0,1427803291863,'created',1427804766175),('BB254B',1427804874235,'',38.7511,-9.16028,48,50,231,2,0,0,1427804555271,'created',1427804874235),('BB254B',1427804911293,'',38.7513,-9.15986,24,50,231,2,0,0,1427804685609,'created',1427804911293),('BB254B',1427805022371,'',38.7513,-9.15986,24,50,241,2,0,0,1427804685609,'created',1427805022371),('BB254B',1427805117436,'',38.7517,-9.16063,32,50,255,2,0,0,1427804817993,'created',1427805117436),('BB254B',1427805167043,'',38.7513,-9.15986,32,50,255,2,0,0,1427804942464,'created',1427805167043),('BB254B',1427805289846,'',38.7513,-9.15986,32,49,255,2,0,0,1427804942464,'created',1427805289846),('BB254B',1427805405702,'',38.7513,-9.16007,32,49,255,2,0,0,1427805191237,'created',1427805405702),('BB254B',1427805528281,'',38.7513,-9.16007,32,49,255,2,0,0,1427805191237,'created',1427805528281),('BB254B',1427805649564,'',38.7513,-9.16007,32,49,255,2,0,0,1427805191237,'created',1427805649564),('BB254B',1427805772895,'',38.7513,-9.16007,32,49,255,2,0,0,1427805191237,'created',1427805772895),('BB254B',1427805899983,'',38.7515,-9.16001,32,49,255,2,0,0,1427805564350,'created',1427805899983),('BB254B',1427806026066,'',38.7512,-9.15974,32,49,255,2,0,0,1427805688758,'created',1427806026066),('BB254B',1427806150150,'',38.7514,-9.15927,32,49,265,2,0,0,1427805937531,'created',1427806150150),('BB254B',1427806265509,'',38.7514,-9.15927,32,49,301,2,0,0,1427805937531,'created',1427806265509),('BB254B',1427806384645,'',38.7521,-9.1587,32,49,327,2,0,0,1427806059919,'created',1427806384645),('BB254B',1427806515473,'',38.7532,-9.15719,32,49,360,2,0,0,1427806182520,'created',1427806515473),('BB254B',1427806572382,'',38.7544,-9.1571,32,49,395,2,0,0,1427806307863,'created',1427806572382),('BB254B',1427806662677,'',38.7544,-9.1571,32,49,414,2,0,0,1427806307863,'created',1427806662677),('BB254B',1427806692764,'',38.7544,-9.1571,32,49,414,2,0,0,1427806307863,'created',1427806692764),('BB254B',1427806781918,'',38.7544,-9.1571,32,49,428,2,0,0,1427806307863,'created',1427806781918),('BB254B',1427806887833,'',0,0,0,-1,-1,-1,0,0,0,'created',1427806887833),('BB254B',1435762736126,'',38.7848,-9.18801,75,73,3,0,0,0,1435762688092,'created',1435762736126),('BB254B',1435762789134,'',38.7848,-9.18798,38,73,4,0,0,0,1435762737108,'created',1435762789134),('BB254B',1435762856918,'',38.7848,-9.18798,38,73,20,0,0,0,1435762737108,'created',1435762856918),('BB254B',1435762930236,'',38.7846,-9.18757,20,73,20,0,0,0,1435762857213,'created',1435762930236),('BB254B',1435762985214,'',38.7846,-9.18757,20,73,20,0,0,0,1435762857213,'created',1435762985214),('BB254B',1435763108130,'',38.7846,-9.18757,20,73,20,0,0,0,1435762857213,'created',1435763108130),('BB254B',1435763340604,'',38.7846,-9.18757,20,73,20,0,0,0,1435762857213,'created',1435763340604),('BB254B',1435763697692,'',38.7846,-9.18757,20,73,20,0,0,0,1435762857213,'created',1435763697692),('BB254B',1435763913756,'',38.7846,-9.18757,20,72,20,0,0,0,1435762857213,'created',1435763913756),('BB254B',1435764119822,'',38.7846,-9.18757,20,72,20,0,0,0,1435762857213,'created',1435764119822),('BB254B',1435764363888,'',38.7846,-9.18757,20,72,20,0,0,0,1435762857213,'created',1435764363888),('BB254B',1435764663679,'',38.7846,-9.18757,20,72,20,0,0,0,1435762857213,'created',1435764663679),('BB254B',1435764969006,'',38.7846,-9.18757,20,72,20,0,0,0,1435762857213,'created',1435764969006),('BB254B',1435765858095,'',38.7846,-9.18757,20,72,20,0,0,0,1435762857213,'created',1435765858095),('BB254B',1435766707156,'',38.7846,-9.18757,20,72,20,0,0,0,1435762857213,'created',1435766707156),('BB254B',1435767420660,'',38.7846,-9.18757,20,72,21,0,0,0,1435762857213,'created',1435767420660),('BB254B',1435767722252,'',38.7846,-9.18757,20,72,21,0,0,0,1435762857213,'created',1435767722252),('BB254B',1435768084068,'',38.7846,-9.18757,20,72,21,0,0,0,1435762857213,'created',1435768084068),('BB254B',1435768412669,'',38.7846,-9.18757,20,72,24,1,0,0,1435762857213,'created',1435768412669),('BB254B',1435768442724,'',38.7846,-9.18757,20,72,34,1,0,0,1435762857213,'created',1435768442724),('BB254B',1435768472779,'',38.7846,-9.18757,20,72,34,1,0,0,1435762857213,'created',1435768472779),('BB254B',1435768502988,'',38.7846,-9.18757,20,72,34,1,0,0,1435762857213,'created',1435768502988),('BB254B',1435768533033,'',38.7846,-9.18757,20,72,34,1,0,0,1435762857213,'created',1435768533033),('E014F2',1427800628708,'',0,0,0,97,4,0,0,0,0,'receivedControlCentre',1427801228089),('E014F2',1427800658749,'',0,0,0,97,91,0,0,0,0,'receivedControlCentre',1427801228100),('E014F2',1427800731208,'',0,0,0,97,148,0,0,0,0,'receivedControlCentre',1427801228106),('E014F2',1427800761328,'',0,0,0,97,168,1,0,0,0,'receivedControlCentre',1427801228112),('E014F2',1427800820153,'',0,0,0,97,210,1,0,0,0,'receivedControlCentre',1427801228118),('E014F2',1427800850361,'',0,0,0,97,223,1,0,0,0,'receivedControlCentre',1427801228125),('E014F2',1427800908360,'',0,0,0,97,295,1,0,0,0,'receivedControlCentre',1427801228131),('E014F2',1427800938409,'',0,0,0,96,351,2,0,0,0,'receivedControlCentre',1427801228137),('E014F2',1427800968870,'',0,0,0,96,361,2,0,0,0,'receivedControlCentre',1427801228144),('E014F2',1427801000254,'',0,0,0,96,375,2,0,0,0,'receivedControlCentre',1427801228150),('E014F2',1427801065180,'',0,0,0,96,444,2,0,0,0,'receivedControlCentre',1427801228156),('E014F2',1427801100047,'',0,0,0,96,493,2,0,0,0,'receivedControlCentre',1427801228162),('E014F2',1427801130080,'',0,0,0,96,526,2,0,0,0,'receivedControlCentre',1427801228168),('E014F2',1427801160114,'',0,0,0,95,645,2,0,0,0,'receivedControlCentre',1427801228174),('E014F2',1427801205583,'',0,0,0,95,736,2,0,0,0,'receivedControlCentre',1427801228180),('E014F2',1427801242163,'',0,0,0,95,744,2,0,0,0,'created',1427801242163),('E014F2',1427801272185,'',0,0,0,95,753,2,0,0,0,'created',1427801272185),('E014F2',1427801302839,'',0,0,0,95,763,2,0,0,0,'created',1427801302839),('E014F2',1427801334362,'',0,0,0,95,763,2,0,0,0,'created',1427801334362),('E014F2',1427801364488,'',0,0,0,94,763,2,0,0,0,'created',1427801364488),('E014F2',1427801396617,'',0,0,0,94,769,2,0,0,0,'created',1427801396617),('E014F2',1427801453540,'',0,0,0,94,769,2,0,0,0,'created',1427801453540),('E014F2',1427801488056,'',0,0,0,94,769,2,0,0,0,'created',1427801488056),('E014F2',1427801518334,'',0,0,0,94,769,2,0,0,0,'created',1427801518334),('E014F2',1427801548368,'',0,0,0,93,769,2,0,0,0,'created',1427801548368),('E014F2',1427801578440,'',0,0,0,93,769,2,0,0,0,'created',1427801578440),('E014F2',1427801610051,'',0,0,0,93,770,2,0,0,0,'created',1427801610051),('E014F2',1427801640068,'',0,0,0,93,770,2,0,0,0,'created',1427801640068),('E014F2',1427801694895,'',0,0,0,93,770,2,0,0,0,'created',1427801694895),('E014F2',1427801730113,'',0,0,0,92,770,2,0,0,0,'created',1427801730113),('E014F2',1427801760126,'',0,0,0,92,770,2,0,0,0,'created',1427801760126),('E014F2',1427801790158,'',0,0,0,92,770,2,0,0,0,'created',1427801790158),('E014F2',1427801850498,'',0,0,0,92,770,2,0,0,0,'created',1427801850498),('E014F2',1427801889608,'',0,0,0,91,770,2,0,0,0,'created',1427801889608),('E014F2',1427801919633,'',0,0,0,91,770,2,0,0,0,'created',1427801919633),('E014F2',1427801965871,'',0,0,0,91,770,2,0,0,0,'created',1427801965871),('E014F2',1427802000014,'',0,0,0,91,770,2,0,0,0,'created',1427802000014),('E014F2',1427802070366,'',0,0,0,91,770,2,0,0,0,'created',1427802070366),('E014F2',1427802212506,'',0,0,0,90,770,2,0,0,0,'created',1427802212506),('E014F2',1427802273530,'',0,0,0,90,770,2,0,0,0,'created',1427802273530),('E014F2',1427802303848,'',0,0,0,89,770,2,0,0,0,'created',1427802303848),('E014F2',1427802334061,'',0,0,0,89,770,2,0,0,0,'created',1427802334061),('E014F2',1427802367989,'',0,0,0,89,770,2,0,0,0,'created',1427802367989),('E014F2',1427802398085,'',0,0,0,89,770,2,0,0,0,'created',1427802398085),('E014F2',1427802458546,'',0,0,0,88,770,2,0,0,0,'created',1427802458546),('E014F2',1427802518297,'',0,0,0,88,770,2,0,0,0,'created',1427802518297),('E014F2',1427802549964,'',0,0,0,88,770,2,0,0,0,'created',1427802549964),('E014F2',1427802579995,'',0,0,0,88,770,2,0,0,0,'created',1427802579995),('E014F2',1427802640655,'',0,0,0,87,781,2,0,0,0,'created',1427802640655),('E014F2',1427802680583,'',0,0,0,87,785,3,0,0,0,'created',1427802680583),('E014F2',1427802720047,'',0,0,0,87,789,3,0,0,0,'created',1427802720047),('E014F2',1427802756582,'',0,0,0,87,789,3,0,0,0,'created',1427802756582),('E014F2',1427802833521,'',0,0,0,86,789,3,0,0,0,'created',1427802833521),('E014F2',1427802880581,'',0,0,0,86,789,3,0,0,0,'created',1427802880581),('E014F2',1427802920640,'',0,0,0,86,789,3,0,0,0,'created',1427802920640),('E014F2',1427802980213,'',0,0,0,85,789,3,0,0,0,'created',1427802980213),('E014F2',1427803048541,'',0,0,0,85,789,3,0,0,0,'created',1427803048541),('E014F2',1427803078571,'',0,0,0,85,789,3,0,0,0,'created',1427803078571),('E014F2',1427803113734,'',0,0,0,85,789,3,0,0,0,'created',1427803113734),('E014F2',1427803165487,'',38.7545,-9.15905,27,84,789,3,0,0,1427803143303,'created',1427803165487),('E014F2',1427803229564,'',0,0,0,-1,-1,-1,0,0,0,'created',1427803229564),('E86C59',1427799759519,'',38.7562,-9.15779,48,94,0,0,0,0,1427799723312,'receivedControlCentre',1427802917036),('E86C59',1427800214053,'',38.7565,-9.15711,30,94,0,0,0,0,1427800202060,'receivedControlCentre',1427802917187),('E86C59',1427801866531,'',38.7565,-9.15703,30,93,0,0,0,0,1427801866426,'receivedControlCentre',1427802917324),('E86C59',1427802228773,'',38.7565,-9.15703,30,93,0,0,0,0,1427801866426,'receivedControlCentre',1427802917562),('E86C59',1427802259185,'',38.7565,-9.15703,30,93,0,0,0,0,1427801866426,'receivedControlCentre',1427802917692),('E86C59',1427802289221,'',38.7565,-9.15703,30,93,0,0,0,0,1427801866426,'receivedControlCentre',1427802917811),('E86C59',1427802319296,'',38.7565,-9.15755,32,93,0,0,0,0,1427802301321,'receivedControlCentre',1427802917950),('E86C59',1427802349323,'',38.7565,-9.15755,32,93,0,0,0,0,1427802301321,'receivedControlCentre',1427802918196),('E86C59',1427802379579,'',38.7565,-9.15755,32,92,0,0,0,0,1427802301321,'receivedControlCentre',1427802918371),('E86C59',1427802410760,'',38.7565,-9.15755,32,92,0,0,0,0,1427802301321,'receivedControlCentre',1427802918442),('E86C59',1427802440803,'',38.7565,-9.15755,32,92,0,0,0,0,1427802301321,'receivedControlCentre',1427802918514),('E86C59',1427802546573,'',38.7565,-9.15755,32,92,0,0,0,0,1427802301321,'receivedControlCentre',1427802918719),('E86C59',1427802577003,'',38.7565,-9.15755,32,92,0,0,0,0,1427802301321,'receivedControlCentre',1427802919022),('E86C59',1427802607032,'',38.7565,-9.15755,32,92,0,0,0,0,1427802301321,'receivedControlCentre',1427802919326),('E86C59',1427802709824,'',38.7565,-9.15755,32,92,0,0,0,0,1427802301321,'receivedControlCentre',1427802919537),('E86C59',1427802739856,'',38.7565,-9.15755,32,92,0,0,0,0,1427802301321,'receivedControlCentre',1427802919847),('E86C59',1427802895742,'',38.7565,-9.15758,24,92,0,0,0,0,1427802743048,'created',1427802895742),('E86C59',1427802925771,'',38.7565,-9.15758,24,92,0,0,0,0,1427802743048,'created',1427802925771),('E86C59',1427802989933,'',38.7565,-9.15758,24,92,3,1,0,0,1427802743048,'created',1427802989933),('E86C59',1427803019972,'',38.7565,-9.15758,24,92,3,1,0,0,1427802743048,'created',1427803019972),('E86C59',1427803094296,'',38.7565,-9.15758,24,92,10,1,0,0,1427802743048,'created',1427803094296),('E86C59',1427804830501,'',0,0,0,-1,-1,-1,0,0,0,'created',1427804830501),('E86C59',1435721053800,'',0,0,0,5,0,0,0,0,0,'created',1435721053800),('E86C59',1435721083833,'',0,0,0,5,0,0,0,0,0,'created',1435721083833),('E86C59',1435721113876,'',0,0,0,5,0,0,0,0,0,'created',1435721113876),('E86C59',1435725002397,'',38.7109,-9.16851,24,6,0,0,0,0,1435724978547,'created',1435725002397),('E86C59',1435725032488,'',38.7109,-9.16851,24,6,0,0,0,0,1435724978547,'created',1435725032488),('E86C59',1435725062517,'',38.7109,-9.16851,24,6,0,0,0,0,1435724978547,'created',1435725062517),('E86C59',1435725092571,'',38.7109,-9.16851,24,6,0,0,0,0,1435724978547,'created',1435725092571),('E86C59',1435725704047,'',38.7114,-9.16875,48,4,0,0,0,0,1435725681288,'created',1435725704047),('E86C59',1435725944473,'',38.7113,-9.16858,16,3,0,0,0,0,1435725923999,'receivedControlCentre',1435726282126),('E86C59',1435725974510,'',38.7113,-9.16858,16,3,0,0,0,0,1435725923999,'receivedControlCentre',1435726282160),('E86C59',1435726004557,'',38.7113,-9.16858,16,3,0,0,0,0,1435725923999,'receivedControlCentre',1435726282191),('E86C59',1435726034589,'',38.7113,-9.16858,16,3,0,0,0,0,1435725923999,'receivedControlCentre',1435726282202),('E86C59',1435726064671,'',38.7113,-9.16858,16,3,0,0,0,0,1435725923999,'receivedControlCentre',1435726282215),('E86C59',1435726094749,'',38.711,-9.16861,12,3,0,0,0,0,1435726072756,'receivedControlCentre',1435726282221),('E86C59',1435726124779,'',38.711,-9.16861,12,3,0,0,0,0,1435726072756,'receivedControlCentre',1435726282231),('E86C59',1435726154867,'',38.711,-9.16861,12,3,0,0,0,0,1435726072756,'receivedControlCentre',1435726282239),('E86C59',1435726184922,'',38.711,-9.16861,12,3,0,0,0,0,1435726072756,'receivedControlCentre',1435726282243),('E86C59',1435726214958,'',38.711,-9.16861,12,3,0,0,0,0,1435726072756,'receivedControlCentre',1435726282248),('E86C59',1435726245020,'',38.711,-9.16861,12,3,3,0,0,0,1435726072756,'receivedControlCentre',1435726282251),('E86C59',1435726275051,'',38.711,-9.16861,12,3,3,0,0,0,1435726072756,'receivedControlCentre',1435726282255),('E86C59',1435726305087,'',38.711,-9.16861,12,2,3,0,0,0,1435726072756,'created',1435726305087),('E86C59',1435726335111,'',38.711,-9.16861,12,2,3,0,0,0,1435726072756,'created',1435726335111),('E86C59',1435726365137,'',38.711,-9.16861,12,2,4,0,0,0,1435726072756,'created',1435726365137),('E86C59',1435726395174,'',38.711,-9.16861,12,2,4,0,0,0,1435726072756,'created',1435726395174),('E86C59',1435726425229,'',38.711,-9.16861,12,2,4,0,0,0,1435726072756,'created',1435726425229),('E86C59',1435726455285,'',38.7108,-9.16841,32,2,4,0,0,0,1435726431843,'created',1435726455285),('E86C59',1435726485317,'',38.7108,-9.16841,32,2,4,0,0,0,1435726431843,'created',1435726485317),('E86C59',1435726515369,'',38.7108,-9.16841,32,2,4,0,0,0,1435726431843,'created',1435726515369),('E86C59',1435726545386,'',38.7108,-9.16841,32,2,4,0,0,0,1435726431843,'created',1435726545386),('E86C59',1435726575446,'',38.7108,-9.16841,32,2,4,0,0,0,1435726431843,'created',1435726575446),('E86C59',1435726605479,'',38.7108,-9.16841,32,2,4,0,0,0,1435726431843,'created',1435726605479),('E86C59',1435726635503,'',38.7108,-9.16841,32,2,4,0,0,0,1435726431843,'created',1435726635503),('E86C59',1435726665558,'',38.7108,-9.16841,32,2,4,0,0,0,1435726431843,'created',1435726665558),('E86C59',1435726695589,'',38.7108,-9.16841,32,2,4,0,0,0,1435726431843,'created',1435726695589),('E86C59',1435726725627,'',38.7108,-9.16841,32,3,4,0,0,0,1435726431843,'created',1435726725627),('E86C59',1435726755654,'',38.7108,-9.16841,32,3,4,0,0,0,1435726431843,'created',1435726755654),('E86C59',1435726785708,'',38.7108,-9.16841,32,3,4,0,0,0,1435726431843,'created',1435726785708),('E86C59',1435747825645,'',38.7112,-9.16849,16,100,0,0,0,0,1435747813650,'created',1435747825645),('E86C59',1435747855679,'',38.7112,-9.16849,16,100,0,0,0,0,1435747813650,'created',1435747855679),('E86C59',1435747885705,'',38.7112,-9.16849,16,100,0,0,0,0,1435747813650,'created',1435747885705);
/*!40000 ALTER TABLE `legacy_points` ENABLE KEYS */;
UNLOCK TABLES;

--
-- Table structure for table `login_attempts`
--

DROP TABLE IF EXISTS `login_attempts`;
/*!40101 SET @saved_cs_client     = @@character_set_client */;
/*!40101 SET character_set_client = utf8 */;
CREATE TABLE `login_attempts` (
  `id` int(11) NOT NULL AUTO_INCREMENT,
  `ip_address` varchar(40) COLLATE utf8_bin NOT NULL,
  `time` timestamp NOT NULL DEFAULT CURRENT_TIMESTAMP ON UPDATE CURRENT_TIMESTAMP,
  PRIMARY KEY (`id`)
) ENGINE=InnoDB DEFAULT CHARSET=utf8 COLLATE=utf8_bin;
/*!40101 SET character_set_client = @saved_cs_client */;

--
-- Dumping data for table `login_attempts`
--

LOCK TABLES `login_attempts` WRITE;
/*!40000 ALTER TABLE `login_attempts` DISABLE KEYS */;
/*!40000 ALTER TABLE `login_attempts` ENABLE KEYS */;
UNLOCK TABLES;

--
-- Table structure for table `markers`
--

DROP TABLE IF EXISTS `markers`;
/*!40101 SET @saved_cs_client     = @@character_set_client */;
/*!40101 SET character_set_client = utf8 */;
CREATE TABLE `markers` (
  `id` int(11) NOT NULL AUTO_INCREMENT,
  `name` varchar(60) COLLATE utf8_unicode_ci NOT NULL,
  `address` varchar(80) COLLATE utf8_unicode_ci NOT NULL,
  `lat` float(10,6) NOT NULL,
  `lng` float(10,6) NOT NULL,
  `type` varchar(30) COLLATE utf8_unicode_ci NOT NULL,
  PRIMARY KEY (`id`)
) ENGINE=MyISAM AUTO_INCREMENT=10 DEFAULT CHARSET=utf8 COLLATE=utf8_unicode_ci;
/*!40101 SET character_set_client = @saved_cs_client */;

--
-- Dumping data for table `markers`
--

LOCK TABLES `markers` WRITE;
/*!40000 ALTER TABLE `markers` DISABLE KEYS */;
INSERT INTO `markers` VALUES (1,'Pan Africa Market','1521 1st Ave, Seattle, WA',47.608940,-122.340141,'restaurant'),(2,'Buddha Thai & Bar','2222 2nd Ave, Seattle, WA',47.613590,-122.344391,'bar'),(3,'The Melting Pot','14 Mercer St, Seattle, WA',47.624561,-122.356445,'restaurant'),(4,'Ipanema Grill','1225 1st Ave, Seattle, WA',47.606365,-122.337654,'restaurant'),(5,'Sake House','2230 1st Ave, Seattle, WA',47.612823,-122.345673,'bar'),(6,'Crab Pot','1301 Alaskan Way, Seattle, WA',47.605961,-122.340363,'restaurant'),(7,'Mama\'s Mexican Kitchen','2234 2nd Ave, Seattle, WA',47.613976,-122.345467,'bar'),(8,'Wingdome','1416 E Olive Way, Seattle, WA',47.617214,-122.326584,'bar'),(9,'Piroshky Piroshky','1908 Pike pl, Seattle, WA',47.610126,-122.342834,'restaurant');
/*!40000 ALTER TABLE `markers` ENABLE KEYS */;
UNLOCK TABLES;

--
-- Table structure for table `occurrence`
--

DROP TABLE IF EXISTS `occurrence`;
/*!40101 SET @saved_cs_client     = @@character_set_client */;
/*!40101 SET character_set_client = utf8 */;
CREATE TABLE `occurrence` (
  `id` int(11) NOT NULL AUTO_INCREMENT,
  `name` varchar(50) NOT NULL,
  PRIMARY KEY (`id`),
  UNIQUE KEY `name` (`name`)
) ENGINE=InnoDB AUTO_INCREMENT=5 DEFAULT CHARSET=latin1;
/*!40101 SET character_set_client = @saved_cs_client */;

--
-- Dumping data for table `occurrence`
--

LOCK TABLES `occurrence` WRITE;
/*!40000 ALTER TABLE `occurrence` DISABLE KEYS */;
INSERT INTO `occurrence` VALUES (1,'earthquake'),(3,'fire'),(4,'landslip'),(2,'tsunami');
/*!40000 ALTER TABLE `occurrence` ENABLE KEYS */;
UNLOCK TABLES;

--
-- Table structure for table `ocorrencia`
--

DROP TABLE IF EXISTS `ocorrencia`;
/*!40101 SET @saved_cs_client     = @@character_set_client */;
/*!40101 SET character_set_client = utf8 */;
CREATE TABLE `ocorrencia` (
  `nome` varchar(30) COLLATE utf8_unicode_ci NOT NULL DEFAULT '',
  `area_afectada` varchar(50) COLLATE utf8_unicode_ci DEFAULT NULL,
  `inicio` datetime DEFAULT NULL,
  `fim` datetime DEFAULT NULL,
  `tipo` varchar(30) COLLATE utf8_unicode_ci DEFAULT NULL,
  `estado` tinyint(4) DEFAULT NULL,
  PRIMARY KEY (`nome`)
) ENGINE=InnoDB DEFAULT CHARSET=utf8 COLLATE=utf8_unicode_ci;
/*!40101 SET character_set_client = @saved_cs_client */;

--
-- Dumping data for table `ocorrencia`
--

LOCK TABLES `ocorrencia` WRITE;
/*!40000 ALTER TABLE `ocorrencia` DISABLE KEYS */;
INSERT INTO `ocorrencia` VALUES ('+20_SIMULATION','Lis','2015-05-21 00:00:00','2015-05-28 15:08:31','Earthquake',0),('Eruption of Mount Vesuvius','Italy','0062-10-24 13:24:00','0062-10-24 20:09:20','Vulcano',0),('Galeras Vulcano','Columbia','2015-05-11 12:15:00','2015-08-04 11:39:29','Vulcano',0),('Hurricane Katrina','U.S.A. East Coast','2005-08-23 15:31:26','2005-08-31 18:02:00','Hurricane',0),('Indian Ocean Tsunami','Indonesia','2004-12-26 00:58:00','2004-12-26 01:09:20','Tsunami',0),('Lisbon Earthquake','Downtown Lisbon','1755-11-01 09:40:00','1755-11-01 12:15:00','Earthquake',0),('New Guinea Earthquake','New Guinea','2015-05-07 10:22:00',NULL,'Earthquake',1),('Pompeia','Italia','2015-05-11 13:10:29',NULL,'Vulcano',1),('The Great Spanish Landslide','Pyrenees - Spain','2015-05-11 06:20:00',NULL,'Landslide',1);
/*!40000 ALTER TABLE `ocorrencia` ENABLE KEYS */;
UNLOCK TABLES;

--
-- Table structure for table `permissions`
--

DROP TABLE IF EXISTS `permissions`;
/*!40101 SET @saved_cs_client     = @@character_set_client */;
/*!40101 SET character_set_client = utf8 */;
CREATE TABLE `permissions` (
  `id` int(11) NOT NULL AUTO_INCREMENT,
  `role_id` int(11) NOT NULL,
  `data` text COLLATE utf8_bin,
  PRIMARY KEY (`id`)
) ENGINE=InnoDB DEFAULT CHARSET=utf8 COLLATE=utf8_bin;
/*!40101 SET character_set_client = @saved_cs_client */;

--
-- Dumping data for table `permissions`
--

LOCK TABLES `permissions` WRITE;
/*!40000 ALTER TABLE `permissions` DISABLE KEYS */;
/*!40000 ALTER TABLE `permissions` ENABLE KEYS */;
UNLOCK TABLES;

--
-- Table structure for table `pointsDeprecated`
--

DROP TABLE IF EXISTS `pointsDeprecated`;
/*!40101 SET @saved_cs_client     = @@character_set_client */;
/*!40101 SET character_set_client = utf8 */;
CREATE TABLE `pointsDeprecated` (
  `nodeid` varchar(100) NOT NULL,
  `timestamp` bigint(20) unsigned NOT NULL,
  `msg` text,
  `latitude` float DEFAULT NULL,
  `longitude` float DEFAULT NULL,
  `accuracy` int(11) DEFAULT NULL,
  `battery` int(11) DEFAULT NULL,
  `steps` int(11) DEFAULT NULL,
  `screen` int(11) DEFAULT NULL,
  `safe` int(11) DEFAULT NULL,
  `added` bigint(20) unsigned NOT NULL,
  `locationTimestamp` bigint(20) unsigned DEFAULT NULL,
  `status` varchar(50) DEFAULT NULL,
  `statusTimestamp` bigint(20) unsigned DEFAULT NULL,
  PRIMARY KEY (`nodeid`,`timestamp`)
) ENGINE=InnoDB DEFAULT CHARSET=latin1;
/*!40101 SET character_set_client = @saved_cs_client */;

--
-- Dumping data for table `pointsDeprecated`
--

LOCK TABLES `pointsDeprecated` WRITE;
/*!40000 ALTER TABLE `pointsDeprecated` DISABLE KEYS */;
INSERT INTO `pointsDeprecated` VALUES ('2F794B',1435767329342,'',0,0,0,73,0,0,0,0,0,'created',1435767329342),('2F794B',1435767966280,'',0,0,0,73,3,1,0,0,0,'created',1435767966280);
/*!40000 ALTER TABLE `pointsDeprecated` ENABLE KEYS */;
UNLOCK TABLES;

--
-- Table structure for table `professional`
--

DROP TABLE IF EXISTS `professional`;
/*!40101 SET @saved_cs_client     = @@character_set_client */;
/*!40101 SET character_set_client = utf8 */;
CREATE TABLE `professional` (
  `id` int(11) NOT NULL AUTO_INCREMENT,
  `categoria` varchar(50) DEFAULT NULL,
  `tipo` varchar(50) DEFAULT NULL,
  PRIMARY KEY (`id`),
  CONSTRAINT `professional_ibfk_1` FOREIGN KEY (`id`) REFERENCES `users` (`id`)
) ENGINE=InnoDB AUTO_INCREMENT=36 DEFAULT CHARSET=latin1;
/*!40101 SET character_set_client = @saved_cs_client */;

--
-- Dumping data for table `professional`
--

LOCK TABLES `professional` WRITE;
/*!40000 ALTER TABLE `professional` DISABLE KEYS */;
INSERT INTO `professional` VALUES (34,'Firefighter','Rescuer'),(35,'Senior','Volunteer');
/*!40000 ALTER TABLE `professional` ENABLE KEYS */;
UNLOCK TABLES;

--
-- Table structure for table `profissionalDeprecated`
--

DROP TABLE IF EXISTS `profissionalDeprecated`;
/*!40101 SET @saved_cs_client     = @@character_set_client */;
/*!40101 SET character_set_client = utf8 */;
CREATE TABLE `profissionalDeprecated` (
  `id` varchar(17) COLLATE utf8_unicode_ci NOT NULL DEFAULT '',
  `categoria` varchar(50) COLLATE utf8_unicode_ci DEFAULT NULL,
  `tipo` varchar(20) COLLATE utf8_unicode_ci DEFAULT NULL,
  `email` varchar(50) COLLATE utf8_unicode_ci NOT NULL,
  `password` varchar(30) COLLATE utf8_unicode_ci NOT NULL,
  PRIMARY KEY (`id`),
  CONSTRAINT `fk_profissional_id` FOREIGN KEY (`id`) REFERENCES `dispositivo` (`id`) ON DELETE CASCADE
) ENGINE=InnoDB DEFAULT CHARSET=utf8 COLLATE=utf8_unicode_ci;
/*!40101 SET character_set_client = @saved_cs_client */;

--
-- Dumping data for table `profissionalDeprecated`
--

LOCK TABLES `profissionalDeprecated` WRITE;
/*!40000 ALTER TABLE `profissionalDeprecated` DISABLE KEYS */;
INSERT INTO `profissionalDeprecated` VALUES ('35:0E:39:12:1A:6C','Firefighter','Rescuer','ff1@find-vital.com','pass123'),('44:11:4E:19:2F:19','Junior','Volunteer','c.silva@emailprovider.com','pass123'),('4A:AA:78:AD:83:46','Command Sergeant Major','Rescuer','cms1@find-vital.com','pass123'),('63:15:7B:89:2F:A5','Junior','Volunteer','a.lopesdasilva@emailprovider.com','pass123'),('9D:BE:04:1D:4B:C8','Senior','Volunteer','j.socrates@tribunaldajustica.com','pass123'),('aa:34:de:fd:dd:ff','Junior','Volunteer','joao@findvital.pt','pass123');
/*!40000 ALTER TABLE `profissionalDeprecated` ENABLE KEYS */;
UNLOCK TABLES;

--
-- Table structure for table `public`
--

DROP TABLE IF EXISTS `public`;
/*!40101 SET @saved_cs_client     = @@character_set_client */;
/*!40101 SET character_set_client = utf8 */;
CREATE TABLE `public` (
  `id` int(11) NOT NULL AUTO_INCREMENT,
  `credibility` int(11) DEFAULT NULL,
  PRIMARY KEY (`id`),
  CONSTRAINT `public_ibfk_1` FOREIGN KEY (`id`) REFERENCES `users` (`id`)
) ENGINE=InnoDB AUTO_INCREMENT=34 DEFAULT CHARSET=latin1;
/*!40101 SET character_set_client = @saved_cs_client */;

--
-- Dumping data for table `public`
--

LOCK TABLES `public` WRITE;
/*!40000 ALTER TABLE `public` DISABLE KEYS */;
INSERT INTO `public` VALUES (33,3);
/*!40000 ALTER TABLE `public` ENABLE KEYS */;
UNLOCK TABLES;

--
-- Table structure for table `publicoDeprecated`
--

DROP TABLE IF EXISTS `publicoDeprecated`;
/*!40101 SET @saved_cs_client     = @@character_set_client */;
/*!40101 SET character_set_client = utf8 */;
CREATE TABLE `publicoDeprecated` (
  `id` varchar(17) COLLATE utf8_unicode_ci NOT NULL DEFAULT '',
  `credibilidade` int(10) DEFAULT NULL,
  `email` varchar(50) COLLATE utf8_unicode_ci DEFAULT NULL,
  `password` varchar(30) COLLATE utf8_unicode_ci DEFAULT NULL,
  PRIMARY KEY (`id`)
) ENGINE=InnoDB DEFAULT CHARSET=utf8 COLLATE=utf8_unicode_ci;
/*!40101 SET character_set_client = @saved_cs_client */;

--
-- Dumping data for table `publicoDeprecated`
--

LOCK TABLES `publicoDeprecated` WRITE;
/*!40000 ALTER TABLE `publicoDeprecated` DISABLE KEYS */;
INSERT INTO `publicoDeprecated` VALUES ('11:34:be:fd:dd:ff',1,'thisuser@userkek.lelfd',''),('12:34:be:fd:dd:ff',1,'',''),('13:34:be:fd:dd:ff',1,'',''),('14:34:be:fd:dd:ff',1,'',''),('15:34:be:fd:dd:ff',1,'',''),('16:34:be:fd:dd:ff',1,'',''),('16:aa:14:fd:dd:ff',1,'',''),('16:ab:14:fd:dd:ff',1,'',''),('16:ac:14:fd:dd:ff',1,'',''),('16:ad:14:fd:dd:ff',1,'',''),('16:ae:14:fd:dd:ff',1,'',''),('16:af:14:fd:aa:ff',1,'',''),('16:af:14:fd:ab:ff',1,'',''),('16:af:14:fd:ac:ff',1,'',''),('16:af:14:fd:ad:ff',1,'',''),('16:af:14:fd:ae:ff',1,'',''),('16:af:14:fd:af:ff',1,'',''),('16:af:14:fd:dd:ff',1,'',''),('17:34:be:fd:dd:ff',1,'',''),('18:34:be:fd:dd:ff',1,'',''),('19:34:be:fd:dd:ff',1,'',''),('1F:83:2A:22:D9:86',2,'trr@trr.trr',NULL),('21:34:be:fd:dd:ff',1,'',''),('22:34:be:fd:dd:ff',1,'',''),('22:ba:22:fd:dd:ff',1,'',''),('22:bb:22:fd:dd:ff',1,'',''),('22:bc:22:fd:dd:ff',1,'',''),('22:bd:22:fd:dd:ff',1,'',''),('22:bf:22:fd:dd:ff',1,'',''),('23:34:be:fd:dd:ff',1,'',''),('23:91:22:36:F4:23',3,'topkek@mate.memom',NULL),('23:ca:de:fd:ba:ff',1,'',''),('23:ca:de:fd:bb:ff',1,'',''),('23:ca:de:fd:bc:ff',1,'',''),('23:ca:de:fd:bd:ff',1,'',''),('23:ca:de:fd:be:ff',1,'',''),('23:ca:de:fd:bf:ff',1,'',''),('24:34:be:fd:dd:ff',1,'',''),('24:ca:24:fd:dd:ff',1,'',''),('24:cb:24:fd:dd:ff',1,'',''),('25:34:be:fd:dd:ff',1,'',''),('26:34:be:fd:dd:ff',1,'',''),('27:34:be:fd:dd:ff',1,'',''),('28:34:be:fd:dd:ff',1,'',''),('28:da:bb:fd:ca:ff',1,'',''),('28:da:bb:fd:cb:ff',1,'',''),('28:da:bb:fd:cc:ff',1,'',''),('28:da:bb:fd:cd:ff',1,'',''),('28:da:bb:fd:ce:aa',1,'',''),('28:da:bb:fd:ce:ab',1,'',''),('28:da:bb:fd:ce:ac',1,'',''),('28:da:bb:fd:ce:ad',1,'',''),('28:da:bb:fd:ce:ae',1,'',''),('28:da:bb:fd:ce:af',1,'',''),('28:da:bb:fd:ce:ba',1,'',''),('28:da:bb:fd:ce:bc',1,'',''),('28:da:bb:fd:ce:bd',1,'',''),('28:da:bb:fd:ce:be',1,'',''),('28:da:bb:fd:ce:bf',1,'',''),('28:da:bb:fd:ce:ca',1,'',''),('28:da:bb:fd:ce:cb',1,'',''),('28:da:bb:fd:ce:cc',1,'',''),('28:da:bb:fd:ce:cd',1,'',''),('28:da:bb:fd:ce:ce',1,'',''),('28:da:bb:fd:ce:ff',1,'',''),('29:34:be:fd:dd:ff',1,'',''),('31:34:be:fd:dd:ff',1,'',''),('32:34:be:fd:dd:ff',1,'',''),('32:cc:be:fd:dd:ff',1,'',''),('32:cd:be:fd:dd:ff',1,'',''),('32:cf:be:fd:dd:ff',1,'',''),('32:da:be:fd:dd:ff',1,'',''),('32:db:be:fd:dd:ff',1,'',''),('32:dc:be:fd:dd:ff',1,'',''),('32:df:be:fd:cf:ff',1,'',''),('32:df:be:fd:da:ff',1,'',''),('32:df:be:fd:db:cf',1,'',''),('32:df:be:fd:db:da',1,'',''),('32:df:be:fd:db:db',1,'',''),('32:df:be:fd:db:ff',1,'',''),('32:df:be:fd:dd:ff',1,'',''),('3A:91:2F:A5:AF:37',4,NULL,NULL),('4D:97:C7:4F:B4:C6',1,NULL,NULL),('55:81:DA:77:E2:CB',2,NULL,NULL),('63:63:22:C4:7B:07',5,NULL,NULL),('6E:6C:56:AF:A9:0F',5,NULL,NULL),('70:BB:70:99:CD:0D',3,NULL,NULL),('96:A6:C9:CD:CF:5A',3,NULL,NULL),('A0:9A:F5:F9:5B:DA',2,NULL,NULL),('aa:23:de:fd:dd:ff',3,'lara@findvital.com',''),('aa:34:11:fd:dd:ff',4,'antonio@findvital.pt',''),('aa:34:12:fd:dd:ff',2,'pedro@findvital.pt',''),('aa:34:13:fd:dd:ff',1,'jose@findvital.com',''),('aa:34:14:fd:dd:ff',4,'fabio@findvital.pt',''),('aa:34:15:fd:dd:ff',5,'maria@findvital.com',''),('aa:34:16:fd:dd:ff',3,'isabel@findvital.com',''),('aa:34:17:fd:dd:ff',3,'sofia@findvital.com',''),('aa:34:21:fd:dd:ff',3,'gustavo@findvital.com',''),('aa:34:22:fd:dd:ff',4,'julia@findvital.com',''),('aa:34:24:fd:dd:ff',4,'carlos@findvital.pt',''),('aa:34:25:fd:dd:ff',3,'mariana@findvital.pt',''),('aa:34:26:fd:dd:ff',3,'miguel@findvital.pt',''),('aa:34:27:fd:dd:ff',3,'bruno@findvital.com',''),('aa:34:bb:fd:dd:ff',3,'henrique@findvital.pt',''),('aa:34:bc:fd:dd:ff',3,'francisca@findvital.pt',''),('aa:34:bd:fd:dd:ff',3,'aj@findvital.pt',''),('aa:34:be:fd:dd:ff',3,'rgb@findvital.pt',''),('AB:89:32:1D:E4:17',3,NULL,NULL),('bb:34:de:fd:33:ff',3,'vitor@findvital.pt',''),('C2:07:E4:AA:6D:97',3,NULL,NULL),('C2:29:EC:44:D5:1A',3,NULL,NULL),('CA:D9:D6:67:F5:CA',4,NULL,NULL),('CE:04:82:8D:0C:C0',3,NULL,NULL),('E9:E6:1D:EE:BD:E7',3,NULL,NULL);
/*!40000 ALTER TABLE `publicoDeprecated` ENABLE KEYS */;
UNLOCK TABLES;

--
-- Table structure for table `risk`
--

DROP TABLE IF EXISTS `risk`;
/*!40101 SET @saved_cs_client     = @@character_set_client */;
/*!40101 SET character_set_client = utf8 */;
CREATE TABLE `risk` (
  `id_section` int(11) NOT NULL,
  `id_occurrence` int(11) NOT NULL,
  `level` int(11) NOT NULL,
  PRIMARY KEY (`id_section`,`id_occurrence`),
  KEY `id_occurrence` (`id_occurrence`),
  CONSTRAINT `risk_ibfk_1` FOREIGN KEY (`id_section`) REFERENCES `section` (`id`),
  CONSTRAINT `risk_ibfk_2` FOREIGN KEY (`id_occurrence`) REFERENCES `occurrence` (`id`)
) ENGINE=InnoDB DEFAULT CHARSET=latin1;
/*!40101 SET character_set_client = @saved_cs_client */;

--
-- Dumping data for table `risk`
--

LOCK TABLES `risk` WRITE;
/*!40000 ALTER TABLE `risk` DISABLE KEYS */;
INSERT INTO `risk` VALUES (1,1,89),(1,2,71),(1,3,43),(1,4,29),(2,1,17),(2,2,78),(2,3,22),(2,4,29),(3,1,47),(3,2,30),(3,3,57),(3,4,84),(4,1,79),(4,2,0),(4,3,2),(4,4,68),(5,1,24),(5,2,35),(5,3,89),(5,4,58),(6,1,95),(6,2,98),(6,3,89),(6,4,95),(7,1,100),(7,2,100),(7,3,100),(7,4,100);
/*!40000 ALTER TABLE `risk` ENABLE KEYS */;
UNLOCK TABLES;

--
-- Table structure for table `roles`
--

DROP TABLE IF EXISTS `roles`;
/*!40101 SET @saved_cs_client     = @@character_set_client */;
/*!40101 SET character_set_client = utf8 */;
CREATE TABLE `roles` (
  `id` int(11) NOT NULL AUTO_INCREMENT,
  `parent_id` int(11) NOT NULL DEFAULT '0',
  `name` varchar(30) COLLATE utf8_bin NOT NULL,
  PRIMARY KEY (`id`)
) ENGINE=InnoDB AUTO_INCREMENT=3 DEFAULT CHARSET=utf8 COLLATE=utf8_bin;
/*!40101 SET character_set_client = @saved_cs_client */;

--
-- Dumping data for table `roles`
--

LOCK TABLES `roles` WRITE;
/*!40000 ALTER TABLE `roles` DISABLE KEYS */;
INSERT INTO `roles` VALUES (1,0,'User'),(2,0,'Admin');
/*!40000 ALTER TABLE `roles` ENABLE KEYS */;
UNLOCK TABLES;

--
-- Table structure for table `route`
--

DROP TABLE IF EXISTS `route`;
/*!40101 SET @saved_cs_client     = @@character_set_client */;
/*!40101 SET character_set_client = utf8 */;
CREATE TABLE `route` (
  `id` int(11) NOT NULL AUTO_INCREMENT,
  `name` varchar(50) NOT NULL,
  `description` varchar(500) DEFAULT NULL,
  PRIMARY KEY (`id`),
  UNIQUE KEY `name` (`name`)
) ENGINE=InnoDB AUTO_INCREMENT=3 DEFAULT CHARSET=latin1;
/*!40101 SET character_set_client = @saved_cs_client */;

--
-- Dumping data for table `route`
--

LOCK TABLES `route` WRITE;
/*!40000 ALTER TABLE `route` DISABLE KEYS */;
INSERT INTO `route` VALUES (1,'test',''),(2,'adf','sdf');
/*!40000 ALTER TABLE `route` ENABLE KEYS */;
UNLOCK TABLES;

--
-- Table structure for table `section`
--

DROP TABLE IF EXISTS `section`;
/*!40101 SET @saved_cs_client     = @@character_set_client */;
/*!40101 SET character_set_client = utf8 */;
CREATE TABLE `section` (
  `id` int(11) NOT NULL AUTO_INCREMENT,
  `start_lat` decimal(14,12) NOT NULL,
  `start_lng` decimal(15,12) NOT NULL,
  `end_lat` decimal(14,12) NOT NULL,
  `end_lng` decimal(15,12) NOT NULL,
  `state` tinyint(1) NOT NULL,
  `valid` tinyint(1) NOT NULL,
  `ts` timestamp NOT NULL DEFAULT CURRENT_TIMESTAMP,
  PRIMARY KEY (`id`)
) ENGINE=InnoDB AUTO_INCREMENT=8 DEFAULT CHARSET=latin1;
/*!40101 SET character_set_client = @saved_cs_client */;

--
-- Dumping data for table `section`
--

LOCK TABLES `section` WRITE;
/*!40000 ALTER TABLE `section` DISABLE KEYS */;
INSERT INTO `section` VALUES (1,38.848264388699,-9.255981445313,38.937977842247,-9.223048372089,1,1,'2015-07-13 18:12:16'),(2,38.724090458957,-9.238128662109,38.757240653417,-9.133924286941,0,1,'2015-07-13 18:21:41'),(3,38.827940367489,-9.131011962891,38.757240653417,-9.133924286941,1,1,'2015-07-13 18:19:42'),(4,38.724090458957,-9.238128662109,38.754083275791,-9.321899414063,1,1,'2015-07-13 18:20:03'),(5,38.724090458957,-9.238128662109,38.796343623484,-9.243579206796,1,1,'2015-07-13 18:20:38'),(6,38.757240653417,-9.133924286941,38.721947632928,-9.143371582031,1,1,'2015-07-13 18:20:59'),(7,42.261049162114,-5.229492187500,38.513788259512,-4.833984375000,1,1,'2015-07-13 19:59:55');
/*!40000 ALTER TABLE `section` ENABLE KEYS */;
UNLOCK TABLES;

--
-- Table structure for table `type`
--

DROP TABLE IF EXISTS `type`;
/*!40101 SET @saved_cs_client     = @@character_set_client */;
/*!40101 SET character_set_client = utf8 */;
CREATE TABLE `type` (
  `nome_tipo` varchar(30) COLLATE utf8_unicode_ci NOT NULL DEFAULT '',
  PRIMARY KEY (`nome_tipo`)
) ENGINE=InnoDB DEFAULT CHARSET=utf8 COLLATE=utf8_unicode_ci;
/*!40101 SET character_set_client = @saved_cs_client */;

--
-- Dumping data for table `type`
--

LOCK TABLES `type` WRITE;
/*!40000 ALTER TABLE `type` DISABLE KEYS */;
INSERT INTO `type` VALUES ('Battery'),('Heartbeat'),('Message'),('Movements'),('Screen');
/*!40000 ALTER TABLE `type` ENABLE KEYS */;
UNLOCK TABLES;

--
-- Table structure for table `unidade_info_deprecated`
--

DROP TABLE IF EXISTS `unidade_info_deprecated`;
/*!40101 SET @saved_cs_client     = @@character_set_client */;
/*!40101 SET character_set_client = utf8 */;
CREATE TABLE `unidade_info_deprecated` (
  `sender_id` varchar(17) COLLATE utf8_unicode_ci NOT NULL DEFAULT '',
  `tempo_geracao` datetime NOT NULL DEFAULT '0000-00-00 00:00:00',
  `tempo_rececao` datetime DEFAULT NULL,
  `tempo_coordenadas` datetime DEFAULT NULL,
  `latitude` float DEFAULT NULL,
  `longitude` float DEFAULT NULL,
  `precisao` int(10) DEFAULT NULL,
  `prioridade` varchar(10) COLLATE utf8_unicode_ci DEFAULT NULL,
  `nome_oco` varchar(30) COLLATE utf8_unicode_ci NOT NULL DEFAULT '',
  `estado` tinyint(4) DEFAULT NULL,
  PRIMARY KEY (`sender_id`,`tempo_geracao`,`nome_oco`),
  KEY `fk_unidade_info_nome_oco` (`nome_oco`)
) ENGINE=InnoDB DEFAULT CHARSET=utf8 COLLATE=utf8_unicode_ci;
/*!40101 SET character_set_client = @saved_cs_client */;

--
-- Dumping data for table `unidade_info_deprecated`
--

LOCK TABLES `unidade_info_deprecated` WRITE;
/*!40000 ALTER TABLE `unidade_info_deprecated` DISABLE KEYS */;
/*!40000 ALTER TABLE `unidade_info_deprecated` ENABLE KEYS */;
UNLOCK TABLES;

--
-- Table structure for table `unit_data`
--

DROP TABLE IF EXISTS `unit_data`;
/*!40101 SET @saved_cs_client     = @@character_set_client */;
/*!40101 SET character_set_client = utf8 */;
CREATE TABLE `unit_data` (
  `sender_mac` varchar(100) NOT NULL DEFAULT '',
  `tempo_geracao` datetime NOT NULL,
  `valor` varchar(200) DEFAULT NULL,
  `tipo` varchar(30) NOT NULL DEFAULT '',
  PRIMARY KEY (`sender_mac`,`tempo_geracao`,`tipo`),
  KEY `fk_testing` (`tempo_geracao`),
  CONSTRAINT `fk_testing` FOREIGN KEY (`tempo_geracao`) REFERENCES `unit_info` (`tempo_geracao`),
  CONSTRAINT `unit_data_ibfk_1` FOREIGN KEY (`sender_mac`) REFERENCES `devices` (`mac_address`)
) ENGINE=InnoDB DEFAULT CHARSET=latin1;
/*!40101 SET character_set_client = @saved_cs_client */;

--
-- Dumping data for table `unit_data`
--

LOCK TABLES `unit_data` WRITE;
/*!40000 ALTER TABLE `unit_data` DISABLE KEYS */;
INSERT INTO `unit_data` VALUES ('84:51:81:A7:B2:43_0','2015-08-26 01:48:24','48','Battery'),('84:51:81:A7:B2:43_0','2015-08-26 01:48:24','','Message'),('84:51:81:A7:B2:43_0','2015-08-26 01:48:24','8','Movements'),('84:51:81:A7:B2:43_0','2015-08-26 01:48:24','19','Screen'),('84:51:81:A7:B2:43_0','2015-08-26 01:49:29','43','Battery'),('84:51:81:A7:B2:43_0','2015-08-26 01:49:29','a string','Message'),('84:51:81:A7:B2:43_0','2015-08-26 01:49:29','4','Movements'),('84:51:81:A7:B2:43_0','2015-08-26 01:49:29','7','Screen'),('84:51:81:A7:B2:43_0','2015-08-26 01:50:46','39','Battery'),('84:51:81:A7:B2:43_0','2015-08-26 01:50:46','a string','Message'),('84:51:81:A7:B2:43_0','2015-08-26 01:50:46','4','Movements'),('84:51:81:A7:B2:43_0','2015-08-26 01:50:46','7','Screen'),('84:51:81:A7:B2:43_0','2015-08-26 01:52:12','35','Battery'),('84:51:81:A7:B2:43_0','2015-08-26 01:52:12','a string','Message'),('84:51:81:A7:B2:43_0','2015-08-26 01:52:12','4','Movements'),('84:51:81:A7:B2:43_0','2015-08-26 01:52:12','7','Screen'),('84:51:81:A7:B2:43_0','2015-08-26 01:53:17','32','Battery'),('84:51:81:A7:B2:43_0','2015-08-26 01:53:17','a string','Message'),('84:51:81:A7:B2:43_0','2015-08-26 01:53:17','2','Movements'),('84:51:81:A7:B2:43_0','2015-08-26 01:53:17','4','Screen'),('84:51:81:A7:B2:43_0','2015-08-26 01:54:31','29','Battery'),('84:51:81:A7:B2:43_0','2015-08-26 01:54:31','a string','Message'),('84:51:81:A7:B2:43_0','2015-08-26 01:54:31','4','Movements'),('84:51:81:A7:B2:43_0','2015-08-26 01:54:31','7','Screen'),('84:51:81:A7:B2:43_0','2015-08-26 01:55:50','26','Battery'),('84:51:81:A7:B2:43_0','2015-08-26 01:55:50','a string','Message'),('84:51:81:A7:B2:43_0','2015-08-26 01:55:50','0','Movements'),('84:51:81:A7:B2:43_0','2015-08-26 01:55:50','7','Screen'),('84:51:81:A7:B2:43_0','2015-08-26 01:57:26','23','Battery'),('84:51:81:A7:B2:43_0','2015-08-26 01:57:26','a string','Message'),('84:51:81:A7:B2:43_0','2015-08-26 01:57:26','1','Movements'),('84:51:81:A7:B2:43_0','2015-08-26 01:57:26','8','Screen'),('84:51:81:A7:B2:43_0','2015-08-26 01:58:45','21','Battery'),('84:51:81:A7:B2:43_0','2015-08-26 01:58:45','','Message'),('84:51:81:A7:B2:43_0','2015-08-26 01:58:45','1','Movements'),('84:51:81:A7:B2:43_0','2015-08-26 01:58:45','8','Screen'),('84:51:81:A7:B2:43_0','2015-08-26 02:00:24','19','Battery'),('84:51:81:A7:B2:43_0','2015-08-26 02:00:24','a string','Message'),('84:51:81:A7:B2:43_0','2015-08-26 02:00:24','4','Movements'),('84:51:81:A7:B2:43_0','2015-08-26 02:00:24','9','Screen'),('84:51:81:A7:B2:43_0','2015-08-26 02:01:52','17','Battery'),('84:51:81:A7:B2:43_0','2015-08-26 02:01:52','','Message'),('84:51:81:A7:B2:43_0','2015-08-26 02:01:52','1','Movements'),('84:51:81:A7:B2:43_0','2015-08-26 02:01:52','8','Screen'),('84:51:81:A7:B2:43_0','2015-08-26 02:03:00','15','Battery'),('84:51:81:A7:B2:43_0','2015-08-26 02:03:00','','Message'),('84:51:81:A7:B2:43_0','2015-08-26 02:03:00','2','Movements'),('84:51:81:A7:B2:43_0','2015-08-26 02:03:00','4','Screen'),('84:51:81:A7:B2:43_0','2015-08-26 02:04:21','14','Battery'),('84:51:81:A7:B2:43_0','2015-08-26 02:04:21','a string','Message'),('84:51:81:A7:B2:43_0','2015-08-26 02:04:21','4','Movements'),('84:51:81:A7:B2:43_0','2015-08-26 02:04:21','7','Screen'),('84:51:81:A7:B2:43_0','2015-08-26 02:05:38','13','Battery'),('84:51:81:A7:B2:43_0','2015-08-26 02:05:38','','Message'),('84:51:81:A7:B2:43_0','2015-08-26 02:05:38','0','Movements'),('84:51:81:A7:B2:43_0','2015-08-26 02:05:38','2','Screen'),('84:51:81:A7:B2:43_0','2015-08-26 02:06:48','12','Battery'),('84:51:81:A7:B2:43_0','2015-08-26 02:06:48','','Message'),('84:51:81:A7:B2:43_0','2015-08-26 02:06:48','3','Movements'),('84:51:81:A7:B2:43_0','2015-08-26 02:06:48','6','Screen'),('84:51:81:A7:B2:43_0','2015-08-26 02:08:00','11','Battery'),('84:51:81:A7:B2:43_0','2015-08-26 02:08:00','a string','Message'),('84:51:81:A7:B2:43_0','2015-08-26 02:08:00','3','Movements'),('84:51:81:A7:B2:43_0','2015-08-26 02:08:00','1','Screen'),('84:51:81:A7:B2:43_0','2015-08-26 02:08:55','10','Battery'),('84:51:81:A7:B2:43_0','2015-08-26 02:08:55','','Message'),('84:51:81:A7:B2:43_0','2015-08-26 02:08:55','4','Movements'),('84:51:81:A7:B2:43_0','2015-08-26 02:08:55','0','Screen'),('84:51:81:A7:B2:43_0','2015-08-26 02:10:03','9','Battery'),('84:51:81:A7:B2:43_0','2015-08-26 02:10:03','a string','Message'),('84:51:81:A7:B2:43_0','2015-08-26 02:10:03','2','Movements'),('84:51:81:A7:B2:43_0','2015-08-26 02:10:03','5','Screen'),('84:51:81:A7:B2:43_0','2015-08-26 02:11:00','8','Battery'),('84:51:81:A7:B2:43_0','2015-08-26 02:11:00','','Message'),('84:51:81:A7:B2:43_0','2015-08-26 02:11:00','2','Movements'),('84:51:81:A7:B2:43_0','2015-08-26 02:11:00','4','Screen'),('84:51:81:A7:B2:43_0','2015-08-26 02:11:55','7','Battery'),('84:51:81:A7:B2:43_0','2015-08-26 02:11:55','','Message'),('84:51:81:A7:B2:43_0','2015-08-26 02:11:55','0','Movements'),('84:51:81:A7:B2:43_0','2015-08-26 02:11:55','2','Screen'),('84:51:81:A7:B2:43_0','2015-08-26 02:12:44','6','Battery'),('84:51:81:A7:B2:43_0','2015-08-26 02:12:44','','Message'),('84:51:81:A7:B2:43_0','2015-08-26 02:12:44','3','Movements'),('84:51:81:A7:B2:43_0','2015-08-26 02:12:44','6','Screen'),('84:51:81:A7:B2:43_0','2015-08-26 02:13:35','5','Battery'),('84:51:81:A7:B2:43_0','2015-08-26 02:13:35','a string','Message'),('84:51:81:A7:B2:43_0','2015-08-26 02:13:35','1','Movements'),('84:51:81:A7:B2:43_0','2015-08-26 02:13:35','9','Screen'),('84:51:81:A7:B2:43_0','2015-08-26 02:14:21','5','Battery'),('84:51:81:A7:B2:43_0','2015-08-26 02:14:21','','Message'),('84:51:81:A7:B2:43_0','2015-08-26 02:14:21','3','Movements'),('84:51:81:A7:B2:43_0','2015-08-26 02:14:21','4','Screen'),('84:51:81:A7:B2:43_0','2015-08-26 02:15:13','5','Battery'),('84:51:81:A7:B2:43_0','2015-08-26 02:15:13','a string','Message'),('84:51:81:A7:B2:43_0','2015-08-26 02:15:13','0','Movements'),('84:51:81:A7:B2:43_0','2015-08-26 02:15:13','2','Screen'),('84:51:81:A7:B2:43_1','2015-08-26 01:48:24','38','Battery'),('84:51:81:A7:B2:43_1','2015-08-26 01:48:24','a string','Message'),('84:51:81:A7:B2:43_1','2015-08-26 01:48:24','91','Movements'),('84:51:81:A7:B2:43_1','2015-08-26 01:48:24','49','Screen'),('84:51:81:A7:B2:43_1','2015-08-26 01:49:30','34','Battery'),('84:51:81:A7:B2:43_1','2015-08-26 01:49:30','a string','Message'),('84:51:81:A7:B2:43_1','2015-08-26 01:49:30','0','Movements'),('84:51:81:A7:B2:43_1','2015-08-26 01:49:30','7','Screen'),('84:51:81:A7:B2:43_1','2015-08-26 01:50:50','31','Battery'),('84:51:81:A7:B2:43_1','2015-08-26 01:50:50','a string','Message'),('84:51:81:A7:B2:43_1','2015-08-26 01:50:50','2','Movements'),('84:51:81:A7:B2:43_1','2015-08-26 01:50:50','0','Screen'),('84:51:81:A7:B2:43_1','2015-08-26 01:52:21','28','Battery'),('84:51:81:A7:B2:43_1','2015-08-26 01:52:21','a string','Message'),('84:51:81:A7:B2:43_1','2015-08-26 01:52:21','2','Movements'),('84:51:81:A7:B2:43_1','2015-08-26 01:52:21','9','Screen'),('84:51:81:A7:B2:43_1','2015-08-26 01:53:33','25','Battery'),('84:51:81:A7:B2:43_1','2015-08-26 01:53:33','','Message'),('84:51:81:A7:B2:43_1','2015-08-26 01:53:33','1','Movements'),('84:51:81:A7:B2:43_1','2015-08-26 01:53:33','1','Screen'),('84:51:81:A7:B2:43_1','2015-08-26 01:54:38','23','Battery'),('84:51:81:A7:B2:43_1','2015-08-26 01:54:38','','Message'),('84:51:81:A7:B2:43_1','2015-08-26 01:54:38','2','Movements'),('84:51:81:A7:B2:43_1','2015-08-26 01:54:38','0','Screen'),('84:51:81:A7:B2:43_1','2015-08-26 01:55:31','21','Battery'),('84:51:81:A7:B2:43_1','2015-08-26 01:55:31','','Message'),('84:51:81:A7:B2:43_1','2015-08-26 01:55:31','4','Movements'),('84:51:81:A7:B2:43_1','2015-08-26 01:55:31','2','Screen'),('84:51:81:A7:B2:43_1','2015-08-26 01:56:37','19','Battery'),('84:51:81:A7:B2:43_1','2015-08-26 01:56:37','a string','Message'),('84:51:81:A7:B2:43_1','2015-08-26 01:56:37','3','Movements'),('84:51:81:A7:B2:43_1','2015-08-26 01:56:37','5','Screen'),('84:51:81:A7:B2:43_1','2015-08-26 01:57:33','17','Battery'),('84:51:81:A7:B2:43_1','2015-08-26 01:57:33','','Message'),('84:51:81:A7:B2:43_1','2015-08-26 01:57:33','1','Movements'),('84:51:81:A7:B2:43_1','2015-08-26 01:57:33','3','Screen'),('84:51:81:A7:B2:43_1','2015-08-26 01:58:17','15','Battery'),('84:51:81:A7:B2:43_1','2015-08-26 01:58:17','','Message'),('84:51:81:A7:B2:43_1','2015-08-26 01:58:17','1','Movements'),('84:51:81:A7:B2:43_1','2015-08-26 01:58:17','8','Screen'),('84:51:81:A7:B2:43_1','2015-08-26 01:58:56','14','Battery'),('84:51:81:A7:B2:43_1','2015-08-26 01:58:56','','Message'),('84:51:81:A7:B2:43_1','2015-08-26 01:58:56','0','Movements'),('84:51:81:A7:B2:43_1','2015-08-26 01:58:56','2','Screen'),('84:51:81:A7:B2:43_1','2015-08-26 01:59:37','13','Battery'),('84:51:81:A7:B2:43_1','2015-08-26 01:59:37','a string','Message'),('84:51:81:A7:B2:43_1','2015-08-26 01:59:37','2','Movements'),('84:51:81:A7:B2:43_1','2015-08-26 01:59:37','9','Screen'),('84:51:81:A7:B2:43_1','2015-08-26 02:00:16','12','Battery'),('84:51:81:A7:B2:43_1','2015-08-26 02:00:16','','Message'),('84:51:81:A7:B2:43_1','2015-08-26 02:00:16','1','Movements'),('84:51:81:A7:B2:43_1','2015-08-26 02:00:16','4','Screen'),('84:51:81:A7:B2:43_1','2015-08-26 02:00:49','11','Battery'),('84:51:81:A7:B2:43_1','2015-08-26 02:00:49','','Message'),('84:51:81:A7:B2:43_1','2015-08-26 02:00:49','4','Movements'),('84:51:81:A7:B2:43_1','2015-08-26 02:00:49','1','Screen'),('84:51:81:A7:B2:43_1','2015-08-26 02:01:20','10','Battery'),('84:51:81:A7:B2:43_1','2015-08-26 02:01:20','','Message'),('84:51:81:A7:B2:43_1','2015-08-26 02:01:20','0','Movements'),('84:51:81:A7:B2:43_1','2015-08-26 02:01:20','3','Screen'),('84:51:81:A7:B2:43_1','2015-08-26 02:01:49','9','Battery'),('84:51:81:A7:B2:43_1','2015-08-26 02:01:49','','Message'),('84:51:81:A7:B2:43_1','2015-08-26 02:01:49','2','Movements'),('84:51:81:A7:B2:43_1','2015-08-26 02:01:49','5','Screen'),('84:51:81:A7:B2:43_1','2015-08-26 02:02:19','8','Battery'),('84:51:81:A7:B2:43_1','2015-08-26 02:02:19','a string','Message'),('84:51:81:A7:B2:43_1','2015-08-26 02:02:19','4','Movements'),('84:51:81:A7:B2:43_1','2015-08-26 02:02:19','1','Screen'),('84:51:81:A7:B2:43_1','2015-08-26 02:02:53','7','Battery'),('84:51:81:A7:B2:43_1','2015-08-26 02:02:53','a string','Message'),('84:51:81:A7:B2:43_1','2015-08-26 02:02:53','0','Movements'),('84:51:81:A7:B2:43_1','2015-08-26 02:02:53','2','Screen'),('84:51:81:A7:B2:43_1','2015-08-26 02:03:32','6','Battery'),('84:51:81:A7:B2:43_1','2015-08-26 02:03:32','a string','Message'),('84:51:81:A7:B2:43_1','2015-08-26 02:03:32','1','Movements'),('84:51:81:A7:B2:43_1','2015-08-26 02:03:32','4','Screen'),('84:51:81:A7:B2:43_1','2015-08-26 02:04:18','5','Battery'),('84:51:81:A7:B2:43_1','2015-08-26 02:04:18','a string','Message'),('84:51:81:A7:B2:43_1','2015-08-26 02:04:18','1','Movements'),('84:51:81:A7:B2:43_1','2015-08-26 02:04:18','9','Screen'),('84:51:81:A7:B2:43_1','2015-08-26 02:05:08','5','Battery'),('84:51:81:A7:B2:43_1','2015-08-26 02:05:08','a string','Message'),('84:51:81:A7:B2:43_1','2015-08-26 02:05:08','1','Movements'),('84:51:81:A7:B2:43_1','2015-08-26 02:05:08','9','Screen'),('84:51:81:A7:B2:43_1','2015-08-26 02:05:49','5','Battery'),('84:51:81:A7:B2:43_1','2015-08-26 02:05:49','','Message'),('84:51:81:A7:B2:43_1','2015-08-26 02:05:49','4','Movements'),('84:51:81:A7:B2:43_1','2015-08-26 02:05:49','7','Screen'),('84:51:81:A7:B2:43_1','2015-08-26 02:06:21','5','Battery'),('84:51:81:A7:B2:43_1','2015-08-26 02:06:21','','Message'),('84:51:81:A7:B2:43_1','2015-08-26 02:06:21','3','Movements'),('84:51:81:A7:B2:43_1','2015-08-26 02:06:21','6','Screen'),('84:51:81:A7:B2:43_1','2015-08-26 02:06:49','5','Battery'),('84:51:81:A7:B2:43_1','2015-08-26 02:06:49','','Message'),('84:51:81:A7:B2:43_1','2015-08-26 02:06:49','0','Movements'),('84:51:81:A7:B2:43_1','2015-08-26 02:06:49','3','Screen'),('84:51:81:A7:B2:43_1','2015-08-26 02:07:21','5','Battery'),('84:51:81:A7:B2:43_1','2015-08-26 02:07:21','a string','Message'),('84:51:81:A7:B2:43_1','2015-08-26 02:07:21','2','Movements'),('84:51:81:A7:B2:43_1','2015-08-26 02:07:21','9','Screen'),('84:51:81:A7:B2:43_1','2015-08-26 02:07:56','5','Battery'),('84:51:81:A7:B2:43_1','2015-08-26 02:07:56','a string','Message'),('84:51:81:A7:B2:43_1','2015-08-26 02:07:56','4','Movements'),('84:51:81:A7:B2:43_1','2015-08-26 02:07:56','1','Screen'),('84:51:81:A7:B2:43_1','2015-08-26 02:08:38','5','Battery'),('84:51:81:A7:B2:43_1','2015-08-26 02:08:38','a string','Message'),('84:51:81:A7:B2:43_1','2015-08-26 02:08:38','3','Movements'),('84:51:81:A7:B2:43_1','2015-08-26 02:08:38','0','Screen'),('84:51:81:A7:B2:43_1','2015-08-26 02:09:12','5','Battery'),('84:51:81:A7:B2:43_1','2015-08-26 02:09:12','','Message'),('84:51:81:A7:B2:43_1','2015-08-26 02:09:12','2','Movements'),('84:51:81:A7:B2:43_1','2015-08-26 02:09:12','5','Screen'),('84:51:81:A7:B2:43_10','2015-08-26 01:48:25','80','Battery'),('84:51:81:A7:B2:43_10','2015-08-26 01:48:25','','Message'),('84:51:81:A7:B2:43_10','2015-08-26 01:48:25','129','Movements'),('84:51:81:A7:B2:43_10','2015-08-26 01:48:25','27','Screen'),('84:51:81:A7:B2:43_10','2015-08-26 01:49:12','72','Battery'),('84:51:81:A7:B2:43_10','2015-08-26 01:49:12','','Message'),('84:51:81:A7:B2:43_10','2015-08-26 01:49:12','0','Movements'),('84:51:81:A7:B2:43_10','2015-08-26 01:49:12','2','Screen'),('84:51:81:A7:B2:43_10','2015-08-26 01:49:48','65','Battery'),('84:51:81:A7:B2:43_10','2015-08-26 01:49:48','','Message'),('84:51:81:A7:B2:43_10','2015-08-26 01:49:48','0','Movements'),('84:51:81:A7:B2:43_10','2015-08-26 01:49:48','2','Screen'),('84:51:81:A7:B2:43_10','2015-08-26 01:50:16','59','Battery'),('84:51:81:A7:B2:43_10','2015-08-26 01:50:16','','Message'),('84:51:81:A7:B2:43_10','2015-08-26 01:50:16','1','Movements'),('84:51:81:A7:B2:43_10','2015-08-26 01:50:16','9','Screen'),('84:51:81:A7:B2:43_10','2015-08-26 01:50:42','53','Battery'),('84:51:81:A7:B2:43_10','2015-08-26 01:50:42','','Message'),('84:51:81:A7:B2:43_10','2015-08-26 01:50:42','4','Movements'),('84:51:81:A7:B2:43_10','2015-08-26 01:50:42','1','Screen'),('84:51:81:A7:B2:43_10','2015-08-26 01:51:08','48','Battery'),('84:51:81:A7:B2:43_10','2015-08-26 01:51:08','','Message'),('84:51:81:A7:B2:43_10','2015-08-26 01:51:08','0','Movements'),('84:51:81:A7:B2:43_10','2015-08-26 01:51:08','8','Screen'),('84:51:81:A7:B2:43_10','2015-08-26 01:51:35','43','Battery'),('84:51:81:A7:B2:43_10','2015-08-26 01:51:35','a string','Message'),('84:51:81:A7:B2:43_10','2015-08-26 01:51:35','3','Movements'),('84:51:81:A7:B2:43_10','2015-08-26 01:51:35','6','Screen'),('84:51:81:A7:B2:43_10','2015-08-26 01:52:05','39','Battery'),('84:51:81:A7:B2:43_10','2015-08-26 01:52:05','a string','Message'),('84:51:81:A7:B2:43_10','2015-08-26 01:52:05','4','Movements'),('84:51:81:A7:B2:43_10','2015-08-26 01:52:05','2','Screen'),('84:51:81:A7:B2:43_10','2015-08-26 01:52:38','35','Battery'),('84:51:81:A7:B2:43_10','2015-08-26 01:52:38','a string','Message'),('84:51:81:A7:B2:43_10','2015-08-26 01:52:38','4','Movements'),('84:51:81:A7:B2:43_10','2015-08-26 01:52:38','2','Screen'),('84:51:81:A7:B2:43_10','2015-08-26 01:53:15','32','Battery'),('84:51:81:A7:B2:43_10','2015-08-26 01:53:15','a string','Message'),('84:51:81:A7:B2:43_10','2015-08-26 01:53:15','1','Movements'),('84:51:81:A7:B2:43_10','2015-08-26 01:53:15','1','Screen'),('84:51:81:A7:B2:43_10','2015-08-26 01:53:55','29','Battery'),('84:51:81:A7:B2:43_10','2015-08-26 01:53:55','a string','Message'),('84:51:81:A7:B2:43_10','2015-08-26 01:53:55','0','Movements'),('84:51:81:A7:B2:43_10','2015-08-26 01:53:55','8','Screen'),('84:51:81:A7:B2:43_10','2015-08-26 01:54:38','26','Battery'),('84:51:81:A7:B2:43_10','2015-08-26 01:54:38','a string','Message'),('84:51:81:A7:B2:43_10','2015-08-26 01:54:38','3','Movements'),('84:51:81:A7:B2:43_10','2015-08-26 01:54:38','5','Screen'),('84:51:81:A7:B2:43_10','2015-08-26 01:55:31','23','Battery'),('84:51:81:A7:B2:43_10','2015-08-26 01:55:31','a string','Message'),('84:51:81:A7:B2:43_10','2015-08-26 01:55:31','4','Movements'),('84:51:81:A7:B2:43_10','2015-08-26 01:55:31','2','Screen'),('84:51:81:A7:B2:43_10','2015-08-26 01:56:35','21','Battery'),('84:51:81:A7:B2:43_10','2015-08-26 01:56:35','a string','Message'),('84:51:81:A7:B2:43_10','2015-08-26 01:56:35','1','Movements'),('84:51:81:A7:B2:43_10','2015-08-26 01:56:35','4','Screen'),('84:51:81:A7:B2:43_10','2015-08-26 01:57:53','19','Battery'),('84:51:81:A7:B2:43_10','2015-08-26 01:57:53','a string','Message'),('84:51:81:A7:B2:43_10','2015-08-26 01:57:53','3','Movements'),('84:51:81:A7:B2:43_10','2015-08-26 01:57:53','3','Screen'),('84:51:81:A7:B2:43_11','2015-08-26 01:48:25','58','Battery'),('84:51:81:A7:B2:43_11','2015-08-26 01:48:25','a string','Message'),('84:51:81:A7:B2:43_11','2015-08-26 01:48:25','96','Movements'),('84:51:81:A7:B2:43_11','2015-08-26 01:48:25','24','Screen'),('84:51:81:A7:B2:43_11','2015-08-26 01:49:24','52','Battery'),('84:51:81:A7:B2:43_11','2015-08-26 01:49:24','','Message'),('84:51:81:A7:B2:43_11','2015-08-26 01:49:24','2','Movements'),('84:51:81:A7:B2:43_11','2015-08-26 01:49:24','5','Screen'),('84:51:81:A7:B2:43_11','2015-08-26 01:50:20','47','Battery'),('84:51:81:A7:B2:43_11','2015-08-26 01:50:20','','Message'),('84:51:81:A7:B2:43_11','2015-08-26 01:50:20','3','Movements'),('84:51:81:A7:B2:43_11','2015-08-26 01:50:20','2','Screen'),('84:51:81:A7:B2:43_11','2015-08-26 01:51:12','42','Battery'),('84:51:81:A7:B2:43_11','2015-08-26 01:51:12','','Message'),('84:51:81:A7:B2:43_11','2015-08-26 01:51:12','0','Movements'),('84:51:81:A7:B2:43_11','2015-08-26 01:51:12','2','Screen'),('84:51:81:A7:B2:43_11','2015-08-26 01:52:01','38','Battery'),('84:51:81:A7:B2:43_11','2015-08-26 01:52:01','','Message'),('84:51:81:A7:B2:43_11','2015-08-26 01:52:01','4','Movements'),('84:51:81:A7:B2:43_11','2015-08-26 01:52:01','5','Screen'),('84:51:81:A7:B2:43_11','2015-08-26 01:52:46','34','Battery'),('84:51:81:A7:B2:43_11','2015-08-26 01:52:46','','Message'),('84:51:81:A7:B2:43_11','2015-08-26 01:52:46','2','Movements'),('84:51:81:A7:B2:43_11','2015-08-26 01:52:46','9','Screen'),('84:51:81:A7:B2:43_11','2015-08-26 01:53:34','31','Battery'),('84:51:81:A7:B2:43_11','2015-08-26 01:53:34','a string','Message'),('84:51:81:A7:B2:43_11','2015-08-26 01:53:34','4','Movements'),('84:51:81:A7:B2:43_11','2015-08-26 01:53:34','7','Screen'),('84:51:81:A7:B2:43_11','2015-08-26 01:54:26','28','Battery'),('84:51:81:A7:B2:43_11','2015-08-26 01:54:26','a string','Message'),('84:51:81:A7:B2:43_11','2015-08-26 01:54:26','1','Movements'),('84:51:81:A7:B2:43_11','2015-08-26 01:54:26','3','Screen'),('84:51:81:A7:B2:43_11','2015-08-26 01:55:21','25','Battery'),('84:51:81:A7:B2:43_11','2015-08-26 01:55:21','a string','Message'),('84:51:81:A7:B2:43_11','2015-08-26 01:55:21','1','Movements'),('84:51:81:A7:B2:43_11','2015-08-26 01:55:21','3','Screen'),('84:51:81:A7:B2:43_11','2015-08-26 01:56:19','23','Battery'),('84:51:81:A7:B2:43_11','2015-08-26 01:56:19','a string','Message'),('84:51:81:A7:B2:43_11','2015-08-26 01:56:19','3','Movements'),('84:51:81:A7:B2:43_11','2015-08-26 01:56:19','2','Screen'),('84:51:81:A7:B2:43_11','2015-08-26 01:57:18','21','Battery'),('84:51:81:A7:B2:43_11','2015-08-26 01:57:18','a string','Message'),('84:51:81:A7:B2:43_11','2015-08-26 01:57:18','2','Movements'),('84:51:81:A7:B2:43_11','2015-08-26 01:57:18','9','Screen'),('84:51:81:A7:B2:43_11','2015-08-26 01:58:19','19','Battery'),('84:51:81:A7:B2:43_11','2015-08-26 01:58:19','','Message'),('84:51:81:A7:B2:43_11','2015-08-26 01:58:19','2','Movements'),('84:51:81:A7:B2:43_11','2015-08-26 01:58:19','9','Screen'),('84:51:81:A7:B2:43_12','2015-08-26 01:48:25','21','Battery'),('84:51:81:A7:B2:43_12','2015-08-26 01:48:25','','Message'),('84:51:81:A7:B2:43_12','2015-08-26 01:48:25','111','Movements'),('84:51:81:A7:B2:43_12','2015-08-26 01:48:25','46','Screen'),('84:51:81:A7:B2:43_12','2015-08-26 01:49:37','19','Battery'),('84:51:81:A7:B2:43_12','2015-08-26 01:49:37','a string','Message'),('84:51:81:A7:B2:43_12','2015-08-26 01:49:37','0','Movements'),('84:51:81:A7:B2:43_12','2015-08-26 01:49:37','2','Screen'),('84:51:81:A7:B2:43_12','2015-08-26 01:51:03','17','Battery'),('84:51:81:A7:B2:43_12','2015-08-26 01:51:03','a string','Message'),('84:51:81:A7:B2:43_12','2015-08-26 01:51:03','4','Movements'),('84:51:81:A7:B2:43_12','2015-08-26 01:51:03','7','Screen'),('84:51:81:A7:B2:43_12','2015-08-26 01:52:41','15','Battery'),('84:51:81:A7:B2:43_12','2015-08-26 01:52:41','a string','Message'),('84:51:81:A7:B2:43_12','2015-08-26 01:52:41','0','Movements'),('84:51:81:A7:B2:43_12','2015-08-26 01:52:41','0','Screen'),('84:51:81:A7:B2:43_12','2015-08-26 01:54:01','14','Battery'),('84:51:81:A7:B2:43_12','2015-08-26 01:54:01','','Message'),('84:51:81:A7:B2:43_12','2015-08-26 01:54:01','4','Movements'),('84:51:81:A7:B2:43_12','2015-08-26 01:54:01','4','Screen'),('84:51:81:A7:B2:43_12','2015-08-26 01:55:01','13','Battery'),('84:51:81:A7:B2:43_12','2015-08-26 01:55:01','','Message'),('84:51:81:A7:B2:43_12','2015-08-26 01:55:01','2','Movements'),('84:51:81:A7:B2:43_12','2015-08-26 01:55:01','2','Screen'),('84:51:81:A7:B2:43_12','2015-08-26 01:56:16','12','Battery'),('84:51:81:A7:B2:43_12','2015-08-26 01:56:16','a string','Message'),('84:51:81:A7:B2:43_12','2015-08-26 01:56:16','0','Movements'),('84:51:81:A7:B2:43_12','2015-08-26 01:56:16','6','Screen'),('84:51:81:A7:B2:43_12','2015-08-26 01:57:15','11','Battery'),('84:51:81:A7:B2:43_12','2015-08-26 01:57:15','','Message'),('84:51:81:A7:B2:43_12','2015-08-26 01:57:15','3','Movements'),('84:51:81:A7:B2:43_12','2015-08-26 01:57:15','0','Screen'),('84:51:81:A7:B2:43_12','2015-08-26 01:58:11','10','Battery'),('84:51:81:A7:B2:43_12','2015-08-26 01:58:11','','Message'),('84:51:81:A7:B2:43_12','2015-08-26 01:58:11','1','Movements'),('84:51:81:A7:B2:43_12','2015-08-26 01:58:11','2','Screen'),('84:51:81:A7:B2:43_12','2015-08-26 01:59:01','9','Battery'),('84:51:81:A7:B2:43_12','2015-08-26 01:59:01','','Message'),('84:51:81:A7:B2:43_12','2015-08-26 01:59:01','1','Movements'),('84:51:81:A7:B2:43_12','2015-08-26 01:59:01','5','Screen'),('84:51:81:A7:B2:43_12','2015-08-26 01:59:45','8','Battery'),('84:51:81:A7:B2:43_12','2015-08-26 01:59:45','','Message'),('84:51:81:A7:B2:43_12','2015-08-26 01:59:45','0','Movements'),('84:51:81:A7:B2:43_12','2015-08-26 01:59:45','5','Screen'),('84:51:81:A7:B2:43_12','2015-08-26 02:00:21','7','Battery'),('84:51:81:A7:B2:43_12','2015-08-26 02:00:21','','Message'),('84:51:81:A7:B2:43_12','2015-08-26 02:00:21','4','Movements'),('84:51:81:A7:B2:43_12','2015-08-26 02:00:21','2','Screen'),('84:51:81:A7:B2:43_12','2015-08-26 02:00:48','6','Battery'),('84:51:81:A7:B2:43_12','2015-08-26 02:00:48','','Message'),('84:51:81:A7:B2:43_12','2015-08-26 02:00:48','1','Movements'),('84:51:81:A7:B2:43_12','2015-08-26 02:00:48','4','Screen'),('84:51:81:A7:B2:43_12','2015-08-26 02:01:09','5','Battery'),('84:51:81:A7:B2:43_12','2015-08-26 02:01:09','','Message'),('84:51:81:A7:B2:43_12','2015-08-26 02:01:09','1','Movements'),('84:51:81:A7:B2:43_12','2015-08-26 02:01:09','4','Screen'),('84:51:81:A7:B2:43_12','2015-08-26 02:01:35','5','Battery'),('84:51:81:A7:B2:43_12','2015-08-26 02:01:35','a string','Message'),('84:51:81:A7:B2:43_12','2015-08-26 02:01:35','3','Movements'),('84:51:81:A7:B2:43_12','2015-08-26 02:01:35','1','Screen'),('84:51:81:A7:B2:43_12','2015-08-26 02:01:58','5','Battery'),('84:51:81:A7:B2:43_12','2015-08-26 02:01:58','','Message'),('84:51:81:A7:B2:43_12','2015-08-26 02:01:58','3','Movements'),('84:51:81:A7:B2:43_12','2015-08-26 02:01:58','0','Screen'),('84:51:81:A7:B2:43_12','2015-08-26 02:02:19','5','Battery'),('84:51:81:A7:B2:43_12','2015-08-26 02:02:19','','Message'),('84:51:81:A7:B2:43_12','2015-08-26 02:02:19','3','Movements'),('84:51:81:A7:B2:43_12','2015-08-26 02:02:19','6','Screen'),('84:51:81:A7:B2:43_12','2015-08-26 02:02:37','5','Battery'),('84:51:81:A7:B2:43_12','2015-08-26 02:02:37','','Message'),('84:51:81:A7:B2:43_12','2015-08-26 02:02:37','2','Movements'),('84:51:81:A7:B2:43_12','2015-08-26 02:02:37','8','Screen'),('84:51:81:A7:B2:43_12','2015-08-26 02:02:52','5','Battery'),('84:51:81:A7:B2:43_12','2015-08-26 02:02:52','','Message'),('84:51:81:A7:B2:43_12','2015-08-26 02:02:52','4','Movements'),('84:51:81:A7:B2:43_12','2015-08-26 02:02:52','6','Screen'),('84:51:81:A7:B2:43_12','2015-08-26 02:03:07','5','Battery'),('84:51:81:A7:B2:43_12','2015-08-26 02:03:07','','Message'),('84:51:81:A7:B2:43_12','2015-08-26 02:03:07','2','Movements'),('84:51:81:A7:B2:43_12','2015-08-26 02:03:07','1','Screen'),('84:51:81:A7:B2:43_12','2015-08-26 02:03:21','5','Battery'),('84:51:81:A7:B2:43_12','2015-08-26 02:03:21','','Message'),('84:51:81:A7:B2:43_12','2015-08-26 02:03:21','3','Movements'),('84:51:81:A7:B2:43_12','2015-08-26 02:03:21','3','Screen'),('84:51:81:A7:B2:43_12','2015-08-26 02:03:36','5','Battery'),('84:51:81:A7:B2:43_12','2015-08-26 02:03:36','a string','Message'),('84:51:81:A7:B2:43_12','2015-08-26 02:03:36','2','Movements'),('84:51:81:A7:B2:43_12','2015-08-26 02:03:36','5','Screen'),('84:51:81:A7:B2:43_12','2015-08-26 02:03:52','5','Battery'),('84:51:81:A7:B2:43_12','2015-08-26 02:03:52','a string','Message'),('84:51:81:A7:B2:43_12','2015-08-26 02:03:52','1','Movements'),('84:51:81:A7:B2:43_12','2015-08-26 02:03:52','3','Screen'),('84:51:81:A7:B2:43_12','2015-08-26 02:04:08','5','Battery'),('84:51:81:A7:B2:43_12','2015-08-26 02:04:08','a string','Message'),('84:51:81:A7:B2:43_12','2015-08-26 02:04:08','2','Movements'),('84:51:81:A7:B2:43_12','2015-08-26 02:04:08','0','Screen'),('84:51:81:A7:B2:43_12','2015-08-26 02:04:24','5','Battery'),('84:51:81:A7:B2:43_12','2015-08-26 02:04:24','','Message'),('84:51:81:A7:B2:43_12','2015-08-26 02:04:24','1','Movements'),('84:51:81:A7:B2:43_12','2015-08-26 02:04:24','7','Screen'),('84:51:81:A7:B2:43_13','2015-08-26 01:48:25','85','Battery'),('84:51:81:A7:B2:43_13','2015-08-26 01:48:25','','Message'),('84:51:81:A7:B2:43_13','2015-08-26 01:48:25','89','Movements'),('84:51:81:A7:B2:43_13','2015-08-26 01:48:25','11','Screen'),('84:51:81:A7:B2:43_13','2015-08-26 01:49:24','77','Battery'),('84:51:81:A7:B2:43_13','2015-08-26 01:49:24','a string','Message'),('84:51:81:A7:B2:43_13','2015-08-26 01:49:24','2','Movements'),('84:51:81:A7:B2:43_13','2015-08-26 01:49:24','0','Screen'),('84:51:81:A7:B2:43_13','2015-08-26 01:50:11','69','Battery'),('84:51:81:A7:B2:43_13','2015-08-26 01:50:11','','Message'),('84:51:81:A7:B2:43_13','2015-08-26 01:50:11','1','Movements'),('84:51:81:A7:B2:43_13','2015-08-26 01:50:11','4','Screen'),('84:51:81:A7:B2:43_13','2015-08-26 01:50:56','62','Battery'),('84:51:81:A7:B2:43_13','2015-08-26 01:50:56','','Message'),('84:51:81:A7:B2:43_13','2015-08-26 01:50:56','2','Movements'),('84:51:81:A7:B2:43_13','2015-08-26 01:50:56','9','Screen'),('84:51:81:A7:B2:43_13','2015-08-26 01:51:32','56','Battery'),('84:51:81:A7:B2:43_13','2015-08-26 01:51:32','','Message'),('84:51:81:A7:B2:43_13','2015-08-26 01:51:32','0','Movements'),('84:51:81:A7:B2:43_13','2015-08-26 01:51:32','2','Screen'),('84:51:81:A7:B2:43_13','2015-08-26 01:52:17','50','Battery'),('84:51:81:A7:B2:43_13','2015-08-26 01:52:17','a string','Message'),('84:51:81:A7:B2:43_13','2015-08-26 01:52:17','2','Movements'),('84:51:81:A7:B2:43_13','2015-08-26 01:52:17','4','Screen'),('84:51:81:A7:B2:43_13','2015-08-26 01:52:52','45','Battery'),('84:51:81:A7:B2:43_13','2015-08-26 01:52:52','','Message'),('84:51:81:A7:B2:43_13','2015-08-26 01:52:52','2','Movements'),('84:51:81:A7:B2:43_13','2015-08-26 01:52:52','3','Screen'),('84:51:81:A7:B2:43_13','2015-08-26 01:53:27','41','Battery'),('84:51:81:A7:B2:43_13','2015-08-26 01:53:27','a string','Message'),('84:51:81:A7:B2:43_13','2015-08-26 01:53:27','1','Movements'),('84:51:81:A7:B2:43_13','2015-08-26 01:53:27','9','Screen'),('84:51:81:A7:B2:43_13','2015-08-26 01:53:55','37','Battery'),('84:51:81:A7:B2:43_13','2015-08-26 01:53:55','','Message'),('84:51:81:A7:B2:43_13','2015-08-26 01:53:55','3','Movements'),('84:51:81:A7:B2:43_13','2015-08-26 01:53:55','7','Screen'),('84:51:81:A7:B2:43_13','2015-08-26 01:54:18','33','Battery'),('84:51:81:A7:B2:43_13','2015-08-26 01:54:18','','Message'),('84:51:81:A7:B2:43_13','2015-08-26 01:54:18','0','Movements'),('84:51:81:A7:B2:43_13','2015-08-26 01:54:18','2','Screen'),('84:51:81:A7:B2:43_13','2015-08-26 01:54:45','30','Battery'),('84:51:81:A7:B2:43_13','2015-08-26 01:54:45','a string','Message'),('84:51:81:A7:B2:43_13','2015-08-26 01:54:45','3','Movements'),('84:51:81:A7:B2:43_13','2015-08-26 01:54:45','0','Screen'),('84:51:81:A7:B2:43_13','2015-08-26 01:55:07','27','Battery'),('84:51:81:A7:B2:43_13','2015-08-26 01:55:07','a string','Message'),('84:51:81:A7:B2:43_13','2015-08-26 01:55:07','1','Movements'),('84:51:81:A7:B2:43_13','2015-08-26 01:55:07','8','Screen'),('84:51:81:A7:B2:43_13','2015-08-26 01:55:34','24','Battery'),('84:51:81:A7:B2:43_13','2015-08-26 01:55:34','a string','Message'),('84:51:81:A7:B2:43_13','2015-08-26 01:55:34','0','Movements'),('84:51:81:A7:B2:43_13','2015-08-26 01:55:34','7','Screen'),('84:51:81:A7:B2:43_13','2015-08-26 01:55:55','22','Battery'),('84:51:81:A7:B2:43_13','2015-08-26 01:55:55','','Message'),('84:51:81:A7:B2:43_13','2015-08-26 01:55:55','3','Movements'),('84:51:81:A7:B2:43_13','2015-08-26 01:55:55','6','Screen'),('84:51:81:A7:B2:43_13','2015-08-26 01:56:11','20','Battery'),('84:51:81:A7:B2:43_13','2015-08-26 01:56:11','','Message'),('84:51:81:A7:B2:43_13','2015-08-26 01:56:11','4','Movements'),('84:51:81:A7:B2:43_13','2015-08-26 01:56:11','1','Screen'),('84:51:81:A7:B2:43_13','2015-08-26 01:56:23','18','Battery'),('84:51:81:A7:B2:43_13','2015-08-26 01:56:23','','Message'),('84:51:81:A7:B2:43_13','2015-08-26 01:56:23','0','Movements'),('84:51:81:A7:B2:43_13','2015-08-26 01:56:23','2','Screen'),('84:51:81:A7:B2:43_13','2015-08-26 01:56:36','16','Battery'),('84:51:81:A7:B2:43_13','2015-08-26 01:56:36','a string','Message'),('84:51:81:A7:B2:43_13','2015-08-26 01:56:36','0','Movements'),('84:51:81:A7:B2:43_13','2015-08-26 01:56:36','2','Screen'),('84:51:81:A7:B2:43_13','2015-08-26 01:56:47','14','Battery'),('84:51:81:A7:B2:43_13','2015-08-26 01:56:47','','Message'),('84:51:81:A7:B2:43_13','2015-08-26 01:56:47','2','Movements'),('84:51:81:A7:B2:43_13','2015-08-26 01:56:47','0','Screen'),('84:51:81:A7:B2:43_13','2015-08-26 01:56:58','13','Battery'),('84:51:81:A7:B2:43_13','2015-08-26 01:56:58','a string','Message'),('84:51:81:A7:B2:43_13','2015-08-26 01:56:58','1','Movements'),('84:51:81:A7:B2:43_13','2015-08-26 01:56:58','9','Screen'),('84:51:81:A7:B2:43_13','2015-08-26 01:57:08','12','Battery'),('84:51:81:A7:B2:43_13','2015-08-26 01:57:08','a string','Message'),('84:51:81:A7:B2:43_13','2015-08-26 01:57:08','1','Movements'),('84:51:81:A7:B2:43_13','2015-08-26 01:57:08','3','Screen'),('84:51:81:A7:B2:43_13','2015-08-26 01:57:20','11','Battery'),('84:51:81:A7:B2:43_13','2015-08-26 01:57:20','a string','Message'),('84:51:81:A7:B2:43_13','2015-08-26 01:57:20','1','Movements'),('84:51:81:A7:B2:43_13','2015-08-26 01:57:20','7','Screen'),('84:51:81:A7:B2:43_13','2015-08-26 01:57:32','10','Battery'),('84:51:81:A7:B2:43_13','2015-08-26 01:57:32','a string','Message'),('84:51:81:A7:B2:43_13','2015-08-26 01:57:32','2','Movements'),('84:51:81:A7:B2:43_13','2015-08-26 01:57:32','5','Screen'),('84:51:81:A7:B2:43_13','2015-08-26 01:57:44','9','Battery'),('84:51:81:A7:B2:43_13','2015-08-26 01:57:44','','Message'),('84:51:81:A7:B2:43_13','2015-08-26 01:57:44','2','Movements'),('84:51:81:A7:B2:43_13','2015-08-26 01:57:44','7','Screen'),('84:51:81:A7:B2:43_13','2015-08-26 01:57:54','8','Battery'),('84:51:81:A7:B2:43_13','2015-08-26 01:57:54','','Message'),('84:51:81:A7:B2:43_13','2015-08-26 01:57:54','3','Movements'),('84:51:81:A7:B2:43_13','2015-08-26 01:57:54','6','Screen'),('84:51:81:A7:B2:43_13','2015-08-26 01:58:03','7','Battery'),('84:51:81:A7:B2:43_13','2015-08-26 01:58:03','','Message'),('84:51:81:A7:B2:43_13','2015-08-26 01:58:03','2','Movements'),('84:51:81:A7:B2:43_13','2015-08-26 01:58:03','9','Screen'),('84:51:81:A7:B2:43_13','2015-08-26 01:58:10','6','Battery'),('84:51:81:A7:B2:43_13','2015-08-26 01:58:10','','Message'),('84:51:81:A7:B2:43_13','2015-08-26 01:58:10','2','Movements'),('84:51:81:A7:B2:43_13','2015-08-26 01:58:10','0','Screen'),('84:51:81:A7:B2:43_13','2015-08-26 01:58:18','5','Battery'),('84:51:81:A7:B2:43_13','2015-08-26 01:58:18','a string','Message'),('84:51:81:A7:B2:43_13','2015-08-26 01:58:18','1','Movements'),('84:51:81:A7:B2:43_13','2015-08-26 01:58:18','8','Screen'),('84:51:81:A7:B2:43_13','2015-08-26 01:58:24','5','Battery'),('84:51:81:A7:B2:43_13','2015-08-26 01:58:24','','Message'),('84:51:81:A7:B2:43_13','2015-08-26 01:58:24','1','Movements'),('84:51:81:A7:B2:43_13','2015-08-26 01:58:24','7','Screen'),('84:51:81:A7:B2:43_13','2015-08-26 01:58:31','5','Battery'),('84:51:81:A7:B2:43_13','2015-08-26 01:58:31','a string','Message'),('84:51:81:A7:B2:43_13','2015-08-26 01:58:31','2','Movements'),('84:51:81:A7:B2:43_13','2015-08-26 01:58:31','9','Screen'),('84:51:81:A7:B2:43_14','2015-08-26 01:48:25','26','Battery'),('84:51:81:A7:B2:43_14','2015-08-26 01:48:25','a string','Message'),('84:51:81:A7:B2:43_14','2015-08-26 01:48:25','134','Movements'),('84:51:81:A7:B2:43_14','2015-08-26 01:48:25','55','Screen'),('84:51:81:A7:B2:43_14','2015-08-26 01:49:12','23','Battery'),('84:51:81:A7:B2:43_14','2015-08-26 01:49:12','a string','Message'),('84:51:81:A7:B2:43_14','2015-08-26 01:49:12','1','Movements'),('84:51:81:A7:B2:43_14','2015-08-26 01:49:12','5','Screen'),('84:51:81:A7:B2:43_14','2015-08-26 01:49:48','21','Battery'),('84:51:81:A7:B2:43_14','2015-08-26 01:49:48','','Message'),('84:51:81:A7:B2:43_14','2015-08-26 01:49:48','4','Movements'),('84:51:81:A7:B2:43_14','2015-08-26 01:49:48','2','Screen'),('84:51:81:A7:B2:43_14','2015-08-26 01:50:32','19','Battery'),('84:51:81:A7:B2:43_14','2015-08-26 01:50:32','a string','Message'),('84:51:81:A7:B2:43_14','2015-08-26 01:50:32','4','Movements'),('84:51:81:A7:B2:43_14','2015-08-26 01:50:32','7','Screen'),('84:51:81:A7:B2:43_14','2015-08-26 01:51:25','17','Battery'),('84:51:81:A7:B2:43_14','2015-08-26 01:51:25','a string','Message'),('84:51:81:A7:B2:43_14','2015-08-26 01:51:25','4','Movements'),('84:51:81:A7:B2:43_14','2015-08-26 01:51:25','9','Screen'),('84:51:81:A7:B2:43_14','2015-08-26 01:52:10','15','Battery'),('84:51:81:A7:B2:43_14','2015-08-26 01:52:10','','Message'),('84:51:81:A7:B2:43_14','2015-08-26 01:52:10','0','Movements'),('84:51:81:A7:B2:43_14','2015-08-26 01:52:10','8','Screen'),('84:51:81:A7:B2:43_14','2015-08-26 01:52:46','14','Battery'),('84:51:81:A7:B2:43_14','2015-08-26 01:52:46','','Message'),('84:51:81:A7:B2:43_14','2015-08-26 01:52:46','3','Movements'),('84:51:81:A7:B2:43_14','2015-08-26 01:52:46','6','Screen'),('84:51:81:A7:B2:43_14','2015-08-26 01:53:13','13','Battery'),('84:51:81:A7:B2:43_14','2015-08-26 01:53:13','','Message'),('84:51:81:A7:B2:43_14','2015-08-26 01:53:13','3','Movements'),('84:51:81:A7:B2:43_14','2015-08-26 01:53:13','5','Screen'),('84:51:81:A7:B2:43_14','2015-08-26 01:53:34','12','Battery'),('84:51:81:A7:B2:43_14','2015-08-26 01:53:34','','Message'),('84:51:81:A7:B2:43_14','2015-08-26 01:53:34','4','Movements'),('84:51:81:A7:B2:43_14','2015-08-26 01:53:34','2','Screen'),('84:51:81:A7:B2:43_14','2015-08-26 01:54:00','11','Battery'),('84:51:81:A7:B2:43_14','2015-08-26 01:54:00','a string','Message'),('84:51:81:A7:B2:43_14','2015-08-26 01:54:00','0','Movements'),('84:51:81:A7:B2:43_14','2015-08-26 01:54:00','8','Screen'),('84:51:81:A7:B2:43_14','2015-08-26 01:54:20','10','Battery'),('84:51:81:A7:B2:43_14','2015-08-26 01:54:20','','Message'),('84:51:81:A7:B2:43_14','2015-08-26 01:54:20','4','Movements'),('84:51:81:A7:B2:43_14','2015-08-26 01:54:20','6','Screen'),('84:51:81:A7:B2:43_14','2015-08-26 01:54:38','9','Battery'),('84:51:81:A7:B2:43_14','2015-08-26 01:54:38','','Message'),('84:51:81:A7:B2:43_14','2015-08-26 01:54:38','1','Movements'),('84:51:81:A7:B2:43_14','2015-08-26 01:54:38','3','Screen'),('84:51:81:A7:B2:43_14','2015-08-26 01:54:54','8','Battery'),('84:51:81:A7:B2:43_14','2015-08-26 01:54:54','','Message'),('84:51:81:A7:B2:43_14','2015-08-26 01:54:54','0','Movements'),('84:51:81:A7:B2:43_14','2015-08-26 01:54:54','3','Screen'),('84:51:81:A7:B2:43_14','2015-08-26 01:55:08','7','Battery'),('84:51:81:A7:B2:43_14','2015-08-26 01:55:08','','Message'),('84:51:81:A7:B2:43_14','2015-08-26 01:55:08','4','Movements'),('84:51:81:A7:B2:43_14','2015-08-26 01:55:08','2','Screen'),('84:51:81:A7:B2:43_14','2015-08-26 01:55:20','6','Battery'),('84:51:81:A7:B2:43_14','2015-08-26 01:55:20','','Message'),('84:51:81:A7:B2:43_14','2015-08-26 01:55:20','4','Movements'),('84:51:81:A7:B2:43_14','2015-08-26 01:55:20','2','Screen'),('84:51:81:A7:B2:43_14','2015-08-26 01:55:30','5','Battery'),('84:51:81:A7:B2:43_14','2015-08-26 01:55:30','','Message'),('84:51:81:A7:B2:43_14','2015-08-26 01:55:30','1','Movements'),('84:51:81:A7:B2:43_14','2015-08-26 01:55:30','8','Screen'),('84:51:81:A7:B2:43_14','2015-08-26 01:55:38','5','Battery'),('84:51:81:A7:B2:43_14','2015-08-26 01:55:38','','Message'),('84:51:81:A7:B2:43_14','2015-08-26 01:55:38','1','Movements'),('84:51:81:A7:B2:43_14','2015-08-26 01:55:38','8','Screen'),('84:51:81:A7:B2:43_14','2015-08-26 01:55:45','5','Battery'),('84:51:81:A7:B2:43_14','2015-08-26 01:55:45','','Message'),('84:51:81:A7:B2:43_14','2015-08-26 01:55:45','2','Movements'),('84:51:81:A7:B2:43_14','2015-08-26 01:55:45','5','Screen'),('84:51:81:A7:B2:43_14','2015-08-26 01:55:52','5','Battery'),('84:51:81:A7:B2:43_14','2015-08-26 01:55:52','a string','Message'),('84:51:81:A7:B2:43_14','2015-08-26 01:55:52','4','Movements'),('84:51:81:A7:B2:43_14','2015-08-26 01:55:52','2','Screen'),('84:51:81:A7:B2:43_14','2015-08-26 01:55:59','5','Battery'),('84:51:81:A7:B2:43_14','2015-08-26 01:55:59','','Message'),('84:51:81:A7:B2:43_14','2015-08-26 01:55:59','4','Movements'),('84:51:81:A7:B2:43_14','2015-08-26 01:55:59','1','Screen'),('84:51:81:A7:B2:43_14','2015-08-26 01:56:06','5','Battery'),('84:51:81:A7:B2:43_14','2015-08-26 01:56:06','','Message'),('84:51:81:A7:B2:43_14','2015-08-26 01:56:06','1','Movements'),('84:51:81:A7:B2:43_14','2015-08-26 01:56:06','1','Screen'),('84:51:81:A7:B2:43_14','2015-08-26 01:56:13','5','Battery'),('84:51:81:A7:B2:43_14','2015-08-26 01:56:13','','Message'),('84:51:81:A7:B2:43_14','2015-08-26 01:56:13','0','Movements'),('84:51:81:A7:B2:43_14','2015-08-26 01:56:13','7','Screen'),('84:51:81:A7:B2:43_14','2015-08-26 01:56:20','5','Battery'),('84:51:81:A7:B2:43_14','2015-08-26 01:56:20','','Message'),('84:51:81:A7:B2:43_14','2015-08-26 01:56:20','0','Movements'),('84:51:81:A7:B2:43_14','2015-08-26 01:56:20','7','Screen'),('84:51:81:A7:B2:43_14','2015-08-26 01:56:27','5','Battery'),('84:51:81:A7:B2:43_14','2015-08-26 01:56:27','','Message'),('84:51:81:A7:B2:43_14','2015-08-26 01:56:27','2','Movements'),('84:51:81:A7:B2:43_14','2015-08-26 01:56:27','4','Screen'),('84:51:81:A7:B2:43_14','2015-08-26 01:56:35','5','Battery'),('84:51:81:A7:B2:43_14','2015-08-26 01:56:35','a string','Message'),('84:51:81:A7:B2:43_14','2015-08-26 01:56:35','4','Movements'),('84:51:81:A7:B2:43_14','2015-08-26 01:56:35','1','Screen'),('84:51:81:A7:B2:43_14','2015-08-26 01:56:44','5','Battery'),('84:51:81:A7:B2:43_14','2015-08-26 01:56:44','a string','Message'),('84:51:81:A7:B2:43_14','2015-08-26 01:56:44','0','Movements'),('84:51:81:A7:B2:43_14','2015-08-26 01:56:44','8','Screen'),('84:51:81:A7:B2:43_14','2015-08-26 01:56:53','5','Battery'),('84:51:81:A7:B2:43_14','2015-08-26 01:56:53','a string','Message'),('84:51:81:A7:B2:43_14','2015-08-26 01:56:53','0','Movements'),('84:51:81:A7:B2:43_14','2015-08-26 01:56:53','7','Screen'),('84:51:81:A7:B2:43_14','2015-08-26 01:57:03','5','Battery'),('84:51:81:A7:B2:43_14','2015-08-26 01:57:03','a string','Message'),('84:51:81:A7:B2:43_14','2015-08-26 01:57:03','2','Movements'),('84:51:81:A7:B2:43_14','2015-08-26 01:57:03','4','Screen'),('84:51:81:A7:B2:43_14','2015-08-26 01:57:13','5','Battery'),('84:51:81:A7:B2:43_14','2015-08-26 01:57:13','a string','Message'),('84:51:81:A7:B2:43_14','2015-08-26 01:57:13','1','Movements'),('84:51:81:A7:B2:43_14','2015-08-26 01:57:13','4','Screen'),('84:51:81:A7:B2:43_15','2015-08-26 01:48:25','76','Battery'),('84:51:81:A7:B2:43_15','2015-08-26 01:48:25','','Message'),('84:51:81:A7:B2:43_15','2015-08-26 01:48:25','139','Movements'),('84:51:81:A7:B2:43_15','2015-08-26 01:48:25','39','Screen'),('84:51:81:A7:B2:43_15','2015-08-26 01:49:20','68','Battery'),('84:51:81:A7:B2:43_15','2015-08-26 01:49:20','','Message'),('84:51:81:A7:B2:43_15','2015-08-26 01:49:20','2','Movements'),('84:51:81:A7:B2:43_15','2015-08-26 01:49:20','7','Screen'),('84:51:81:A7:B2:43_15','2015-08-26 01:50:22','61','Battery'),('84:51:81:A7:B2:43_15','2015-08-26 01:50:22','a string','Message'),('84:51:81:A7:B2:43_15','2015-08-26 01:50:22','2','Movements'),('84:51:81:A7:B2:43_15','2015-08-26 01:50:22','0','Screen'),('84:51:81:A7:B2:43_15','2015-08-26 01:51:39','55','Battery'),('84:51:81:A7:B2:43_15','2015-08-26 01:51:39','a string','Message'),('84:51:81:A7:B2:43_15','2015-08-26 01:51:39','1','Movements'),('84:51:81:A7:B2:43_15','2015-08-26 01:51:39','5','Screen'),('84:51:81:A7:B2:43_15','2015-08-26 01:53:12','50','Battery'),('84:51:81:A7:B2:43_15','2015-08-26 01:53:12','a string','Message'),('84:51:81:A7:B2:43_15','2015-08-26 01:53:12','0','Movements'),('84:51:81:A7:B2:43_15','2015-08-26 01:53:12','2','Screen'),('84:51:81:A7:B2:43_15','2015-08-26 01:55:05','45','Battery'),('84:51:81:A7:B2:43_15','2015-08-26 01:55:05','a string','Message'),('84:51:81:A7:B2:43_15','2015-08-26 01:55:05','4','Movements'),('84:51:81:A7:B2:43_15','2015-08-26 01:55:05','2','Screen'),('84:51:81:A7:B2:43_15','2015-08-26 01:56:45','41','Battery'),('84:51:81:A7:B2:43_15','2015-08-26 01:56:45','','Message'),('84:51:81:A7:B2:43_15','2015-08-26 01:56:45','0','Movements'),('84:51:81:A7:B2:43_15','2015-08-26 01:56:45','2','Screen'),('84:51:81:A7:B2:43_15','2015-08-26 01:58:10','37','Battery'),('84:51:81:A7:B2:43_15','2015-08-26 01:58:10','','Message'),('84:51:81:A7:B2:43_15','2015-08-26 01:58:10','3','Movements'),('84:51:81:A7:B2:43_15','2015-08-26 01:58:10','6','Screen'),('84:51:81:A7:B2:43_15','2015-08-26 01:59:51','33','Battery'),('84:51:81:A7:B2:43_15','2015-08-26 01:59:51','a string','Message'),('84:51:81:A7:B2:43_15','2015-08-26 01:59:51','4','Movements'),('84:51:81:A7:B2:43_15','2015-08-26 01:59:51','7','Screen'),('84:51:81:A7:B2:43_15','2015-08-26 02:01:52','30','Battery'),('84:51:81:A7:B2:43_15','2015-08-26 02:01:52','a string','Message'),('84:51:81:A7:B2:43_15','2015-08-26 02:01:52','1','Movements'),('84:51:81:A7:B2:43_15','2015-08-26 02:01:52','9','Screen'),('84:51:81:A7:B2:43_15','2015-08-26 02:03:39','27','Battery'),('84:51:81:A7:B2:43_15','2015-08-26 02:03:39','','Message'),('84:51:81:A7:B2:43_15','2015-08-26 02:03:39','2','Movements'),('84:51:81:A7:B2:43_15','2015-08-26 02:03:39','7','Screen'),('84:51:81:A7:B2:43_15','2015-08-26 02:05:13','24','Battery'),('84:51:81:A7:B2:43_15','2015-08-26 02:05:13','a string','Message'),('84:51:81:A7:B2:43_15','2015-08-26 02:05:13','1','Movements'),('84:51:81:A7:B2:43_15','2015-08-26 02:05:13','6','Screen'),('84:51:81:A7:B2:43_15','2015-08-26 02:06:45','22','Battery'),('84:51:81:A7:B2:43_15','2015-08-26 02:06:45','','Message'),('84:51:81:A7:B2:43_15','2015-08-26 02:06:45','4','Movements'),('84:51:81:A7:B2:43_15','2015-08-26 02:06:45','1','Screen'),('84:51:81:A7:B2:43_15','2015-08-26 02:08:14','20','Battery'),('84:51:81:A7:B2:43_15','2015-08-26 02:08:14','','Message'),('84:51:81:A7:B2:43_15','2015-08-26 02:08:14','0','Movements'),('84:51:81:A7:B2:43_15','2015-08-26 02:08:14','1','Screen'),('84:51:81:A7:B2:43_16','2015-08-26 01:48:25','1','Battery'),('84:51:81:A7:B2:43_16','2015-08-26 01:48:25','','Message'),('84:51:81:A7:B2:43_16','2015-08-26 01:48:25','43','Movements'),('84:51:81:A7:B2:43_16','2015-08-26 01:48:25','1','Screen'),('84:51:81:A7:B2:43_16','2015-08-26 01:49:22','1','Battery'),('84:51:81:A7:B2:43_16','2015-08-26 01:49:22','','Message'),('84:51:81:A7:B2:43_16','2015-08-26 01:49:22','2','Movements'),('84:51:81:A7:B2:43_16','2015-08-26 01:49:22','5','Screen'),('84:51:81:A7:B2:43_16','2015-08-26 01:50:09','1','Battery'),('84:51:81:A7:B2:43_16','2015-08-26 01:50:09','','Message'),('84:51:81:A7:B2:43_16','2015-08-26 01:50:09','3','Movements'),('84:51:81:A7:B2:43_16','2015-08-26 01:50:09','2','Screen'),('84:51:81:A7:B2:43_16','2015-08-26 01:51:07','1','Battery'),('84:51:81:A7:B2:43_16','2015-08-26 01:51:07','','Message'),('84:51:81:A7:B2:43_16','2015-08-26 01:51:07','4','Movements'),('84:51:81:A7:B2:43_16','2015-08-26 01:51:07','3','Screen'),('84:51:81:A7:B2:43_16','2015-08-26 01:52:08','1','Battery'),('84:51:81:A7:B2:43_16','2015-08-26 01:52:08','a string','Message'),('84:51:81:A7:B2:43_16','2015-08-26 01:52:08','0','Movements'),('84:51:81:A7:B2:43_16','2015-08-26 01:52:08','8','Screen'),('84:51:81:A7:B2:43_16','2015-08-26 01:53:08','1','Battery'),('84:51:81:A7:B2:43_16','2015-08-26 01:53:08','','Message'),('84:51:81:A7:B2:43_16','2015-08-26 01:53:08','4','Movements'),('84:51:81:A7:B2:43_16','2015-08-26 01:53:08','0','Screen'),('84:51:81:A7:B2:43_16','2015-08-26 01:54:13','1','Battery'),('84:51:81:A7:B2:43_16','2015-08-26 01:54:13','a string','Message'),('84:51:81:A7:B2:43_16','2015-08-26 01:54:13','3','Movements'),('84:51:81:A7:B2:43_16','2015-08-26 01:54:13','3','Screen'),('84:51:81:A7:B2:43_16','2015-08-26 01:55:34','1','Battery'),('84:51:81:A7:B2:43_16','2015-08-26 01:55:34','','Message'),('84:51:81:A7:B2:43_16','2015-08-26 01:55:34','0','Movements'),('84:51:81:A7:B2:43_16','2015-08-26 01:55:34','4','Screen'),('84:51:81:A7:B2:43_16','2015-08-26 01:56:42','1','Battery'),('84:51:81:A7:B2:43_16','2015-08-26 01:56:42','','Message'),('84:51:81:A7:B2:43_16','2015-08-26 01:56:42','4','Movements'),('84:51:81:A7:B2:43_16','2015-08-26 01:56:42','1','Screen'),('84:51:81:A7:B2:43_16','2015-08-26 01:57:59','1','Battery'),('84:51:81:A7:B2:43_16','2015-08-26 01:57:59','','Message'),('84:51:81:A7:B2:43_16','2015-08-26 01:57:59','1','Movements'),('84:51:81:A7:B2:43_16','2015-08-26 01:57:59','6','Screen'),('84:51:81:A7:B2:43_16','2015-08-26 01:58:59','1','Battery'),('84:51:81:A7:B2:43_16','2015-08-26 01:58:59','','Message'),('84:51:81:A7:B2:43_16','2015-08-26 01:58:59','4','Movements'),('84:51:81:A7:B2:43_16','2015-08-26 01:58:59','3','Screen'),('84:51:81:A7:B2:43_16','2015-08-26 02:00:02','1','Battery'),('84:51:81:A7:B2:43_16','2015-08-26 02:00:02','','Message'),('84:51:81:A7:B2:43_16','2015-08-26 02:00:02','0','Movements'),('84:51:81:A7:B2:43_16','2015-08-26 02:00:02','4','Screen'),('84:51:81:A7:B2:43_16','2015-08-26 02:01:05','1','Battery'),('84:51:81:A7:B2:43_16','2015-08-26 02:01:05','','Message'),('84:51:81:A7:B2:43_16','2015-08-26 02:01:05','0','Movements'),('84:51:81:A7:B2:43_16','2015-08-26 02:01:05','5','Screen'),('84:51:81:A7:B2:43_16','2015-08-26 02:01:53','1','Battery'),('84:51:81:A7:B2:43_16','2015-08-26 02:01:53','','Message'),('84:51:81:A7:B2:43_16','2015-08-26 02:01:53','1','Movements'),('84:51:81:A7:B2:43_16','2015-08-26 02:01:53','4','Screen'),('84:51:81:A7:B2:43_16','2015-08-26 02:02:37','1','Battery'),('84:51:81:A7:B2:43_16','2015-08-26 02:02:37','','Message'),('84:51:81:A7:B2:43_16','2015-08-26 02:02:37','0','Movements'),('84:51:81:A7:B2:43_16','2015-08-26 02:02:37','0','Screen'),('84:51:81:A7:B2:43_16','2015-08-26 02:03:26','1','Battery'),('84:51:81:A7:B2:43_16','2015-08-26 02:03:26','a string','Message'),('84:51:81:A7:B2:43_16','2015-08-26 02:03:26','3','Movements'),('84:51:81:A7:B2:43_16','2015-08-26 02:03:26','1','Screen'),('84:51:81:A7:B2:43_16','2015-08-26 02:04:27','1','Battery'),('84:51:81:A7:B2:43_16','2015-08-26 02:04:27','','Message'),('84:51:81:A7:B2:43_16','2015-08-26 02:04:27','1','Movements'),('84:51:81:A7:B2:43_16','2015-08-26 02:04:27','4','Screen'),('84:51:81:A7:B2:43_16','2015-08-26 02:05:34','1','Battery'),('84:51:81:A7:B2:43_16','2015-08-26 02:05:34','a string','Message'),('84:51:81:A7:B2:43_16','2015-08-26 02:05:34','4','Movements'),('84:51:81:A7:B2:43_16','2015-08-26 02:05:34','7','Screen'),('84:51:81:A7:B2:43_16','2015-08-26 02:06:40','1','Battery'),('84:51:81:A7:B2:43_16','2015-08-26 02:06:40','a string','Message'),('84:51:81:A7:B2:43_16','2015-08-26 02:06:40','3','Movements'),('84:51:81:A7:B2:43_16','2015-08-26 02:06:40','0','Screen'),('84:51:81:A7:B2:43_16','2015-08-26 02:07:56','1','Battery'),('84:51:81:A7:B2:43_16','2015-08-26 02:07:56','','Message'),('84:51:81:A7:B2:43_16','2015-08-26 02:07:56','0','Movements'),('84:51:81:A7:B2:43_16','2015-08-26 02:07:56','8','Screen'),('84:51:81:A7:B2:43_16','2015-08-26 02:09:07','1','Battery'),('84:51:81:A7:B2:43_16','2015-08-26 02:09:07','','Message'),('84:51:81:A7:B2:43_16','2015-08-26 02:09:07','2','Movements'),('84:51:81:A7:B2:43_16','2015-08-26 02:09:07','4','Screen'),('84:51:81:A7:B2:43_16','2015-08-26 02:10:03','1','Battery'),('84:51:81:A7:B2:43_16','2015-08-26 02:10:03','','Message'),('84:51:81:A7:B2:43_16','2015-08-26 02:10:03','3','Movements'),('84:51:81:A7:B2:43_16','2015-08-26 02:10:03','6','Screen'),('84:51:81:A7:B2:43_16','2015-08-26 02:11:09','1','Battery'),('84:51:81:A7:B2:43_16','2015-08-26 02:11:09','a string','Message'),('84:51:81:A7:B2:43_16','2015-08-26 02:11:09','1','Movements'),('84:51:81:A7:B2:43_16','2015-08-26 02:11:09','2','Screen'),('84:51:81:A7:B2:43_16','2015-08-26 02:12:16','1','Battery'),('84:51:81:A7:B2:43_16','2015-08-26 02:12:16','a string','Message'),('84:51:81:A7:B2:43_16','2015-08-26 02:12:16','2','Movements'),('84:51:81:A7:B2:43_16','2015-08-26 02:12:16','8','Screen'),('84:51:81:A7:B2:43_17','2015-08-26 01:48:25','98','Battery'),('84:51:81:A7:B2:43_17','2015-08-26 01:48:25','','Message'),('84:51:81:A7:B2:43_17','2015-08-26 01:48:25','56','Movements'),('84:51:81:A7:B2:43_17','2015-08-26 01:48:25','63','Screen'),('84:51:81:A7:B2:43_17','2015-08-26 01:49:25','88','Battery'),('84:51:81:A7:B2:43_17','2015-08-26 01:49:25','a string','Message'),('84:51:81:A7:B2:43_17','2015-08-26 01:49:25','0','Movements'),('84:51:81:A7:B2:43_17','2015-08-26 01:49:25','8','Screen'),('84:51:81:A7:B2:43_17','2015-08-26 01:50:24','79','Battery'),('84:51:81:A7:B2:43_17','2015-08-26 01:50:24','','Message'),('84:51:81:A7:B2:43_17','2015-08-26 01:50:24','4','Movements'),('84:51:81:A7:B2:43_17','2015-08-26 01:50:24','2','Screen'),('84:51:81:A7:B2:43_17','2015-08-26 01:51:37','71','Battery'),('84:51:81:A7:B2:43_17','2015-08-26 01:51:37','a string','Message'),('84:51:81:A7:B2:43_17','2015-08-26 01:51:37','1','Movements'),('84:51:81:A7:B2:43_17','2015-08-26 01:51:37','5','Screen'),('84:51:81:A7:B2:43_17','2015-08-26 01:53:03','64','Battery'),('84:51:81:A7:B2:43_17','2015-08-26 01:53:03','a string','Message'),('84:51:81:A7:B2:43_17','2015-08-26 01:53:03','2','Movements'),('84:51:81:A7:B2:43_17','2015-08-26 01:53:03','9','Screen'),('84:51:81:A7:B2:43_17','2015-08-26 01:54:46','58','Battery'),('84:51:81:A7:B2:43_17','2015-08-26 01:54:46','a string','Message'),('84:51:81:A7:B2:43_17','2015-08-26 01:54:46','0','Movements'),('84:51:81:A7:B2:43_17','2015-08-26 01:54:46','2','Screen'),('84:51:81:A7:B2:43_17','2015-08-26 01:56:40','52','Battery'),('84:51:81:A7:B2:43_17','2015-08-26 01:56:40','a string','Message'),('84:51:81:A7:B2:43_17','2015-08-26 01:56:40','0','Movements'),('84:51:81:A7:B2:43_17','2015-08-26 01:56:40','3','Screen'),('84:51:81:A7:B2:43_17','2015-08-26 01:58:43','47','Battery'),('84:51:81:A7:B2:43_17','2015-08-26 01:58:43','a string','Message'),('84:51:81:A7:B2:43_17','2015-08-26 01:58:43','0','Movements'),('84:51:81:A7:B2:43_17','2015-08-26 01:58:43','3','Screen'),('84:51:81:A7:B2:43_17','2015-08-26 02:00:57','42','Battery'),('84:51:81:A7:B2:43_17','2015-08-26 02:00:57','a string','Message'),('84:51:81:A7:B2:43_17','2015-08-26 02:00:57','2','Movements'),('84:51:81:A7:B2:43_17','2015-08-26 02:00:57','9','Screen'),('84:51:81:A7:B2:43_17','2015-08-26 02:03:18','38','Battery'),('84:51:81:A7:B2:43_17','2015-08-26 02:03:18','a string','Message'),('84:51:81:A7:B2:43_17','2015-08-26 02:03:18','1','Movements'),('84:51:81:A7:B2:43_17','2015-08-26 02:03:18','9','Screen'),('84:51:81:A7:B2:43_17','2015-08-26 02:05:38','34','Battery'),('84:51:81:A7:B2:43_17','2015-08-26 02:05:38','','Message'),('84:51:81:A7:B2:43_17','2015-08-26 02:05:38','2','Movements'),('84:51:81:A7:B2:43_17','2015-08-26 02:05:38','8','Screen'),('84:51:81:A7:B2:43_17','2015-08-26 02:07:58','31','Battery'),('84:51:81:A7:B2:43_17','2015-08-26 02:07:58','a string','Message'),('84:51:81:A7:B2:43_17','2015-08-26 02:07:58','1','Movements'),('84:51:81:A7:B2:43_17','2015-08-26 02:07:58','8','Screen'),('84:51:81:A7:B2:43_17','2015-08-26 02:10:13','28','Battery'),('84:51:81:A7:B2:43_17','2015-08-26 02:10:13','','Message'),('84:51:81:A7:B2:43_17','2015-08-26 02:10:13','3','Movements'),('84:51:81:A7:B2:43_17','2015-08-26 02:10:13','5','Screen'),('84:51:81:A7:B2:43_17','2015-08-26 02:12:20','25','Battery'),('84:51:81:A7:B2:43_17','2015-08-26 02:12:20','','Message'),('84:51:81:A7:B2:43_17','2015-08-26 02:12:20','4','Movements'),('84:51:81:A7:B2:43_17','2015-08-26 02:12:20','7','Screen'),('84:51:81:A7:B2:43_17','2015-08-26 02:14:22','23','Battery'),('84:51:81:A7:B2:43_17','2015-08-26 02:14:22','','Message'),('84:51:81:A7:B2:43_17','2015-08-26 02:14:22','1','Movements'),('84:51:81:A7:B2:43_17','2015-08-26 02:14:22','4','Screen'),('84:51:81:A7:B2:43_17','2015-08-26 02:16:15','21','Battery'),('84:51:81:A7:B2:43_17','2015-08-26 02:16:15','','Message'),('84:51:81:A7:B2:43_17','2015-08-26 02:16:15','1','Movements'),('84:51:81:A7:B2:43_17','2015-08-26 02:16:15','3','Screen'),('84:51:81:A7:B2:43_17','2015-08-26 02:18:00','19','Battery'),('84:51:81:A7:B2:43_17','2015-08-26 02:18:00','','Message'),('84:51:81:A7:B2:43_17','2015-08-26 02:18:00','3','Movements'),('84:51:81:A7:B2:43_17','2015-08-26 02:18:00','0','Screen'),('84:51:81:A7:B2:43_17','2015-08-26 02:19:53','17','Battery'),('84:51:81:A7:B2:43_17','2015-08-26 02:19:53','a string','Message'),('84:51:81:A7:B2:43_17','2015-08-26 02:19:53','0','Movements'),('84:51:81:A7:B2:43_17','2015-08-26 02:19:53','7','Screen'),('84:51:81:A7:B2:43_17','2015-08-26 02:21:52','15','Battery'),('84:51:81:A7:B2:43_17','2015-08-26 02:21:52','a string','Message'),('84:51:81:A7:B2:43_17','2015-08-26 02:21:52','0','Movements'),('84:51:81:A7:B2:43_17','2015-08-26 02:21:52','7','Screen'),('84:51:81:A7:B2:43_17','2015-08-26 02:24:00','14','Battery'),('84:51:81:A7:B2:43_17','2015-08-26 02:24:00','a string','Message'),('84:51:81:A7:B2:43_17','2015-08-26 02:24:00','1','Movements'),('84:51:81:A7:B2:43_17','2015-08-26 02:24:00','0','Screen'),('84:51:81:A7:B2:43_17','2015-08-26 02:26:02','13','Battery'),('84:51:81:A7:B2:43_17','2015-08-26 02:26:02','','Message'),('84:51:81:A7:B2:43_17','2015-08-26 02:26:02','4','Movements'),('84:51:81:A7:B2:43_17','2015-08-26 02:26:02','6','Screen'),('84:51:81:A7:B2:43_17','2015-08-26 02:27:54','12','Battery'),('84:51:81:A7:B2:43_17','2015-08-26 02:27:54','','Message'),('84:51:81:A7:B2:43_17','2015-08-26 02:27:54','4','Movements'),('84:51:81:A7:B2:43_17','2015-08-26 02:27:54','6','Screen'),('84:51:81:A7:B2:43_17','2015-08-26 02:29:39','11','Battery'),('84:51:81:A7:B2:43_17','2015-08-26 02:29:39','','Message'),('84:51:81:A7:B2:43_17','2015-08-26 02:29:39','2','Movements'),('84:51:81:A7:B2:43_17','2015-08-26 02:29:39','4','Screen'),('84:51:81:A7:B2:43_17','2015-08-26 02:31:06','10','Battery'),('84:51:81:A7:B2:43_17','2015-08-26 02:31:06','','Message'),('84:51:81:A7:B2:43_17','2015-08-26 02:31:06','4','Movements'),('84:51:81:A7:B2:43_17','2015-08-26 02:31:06','0','Screen'),('84:51:81:A7:B2:43_17','2015-08-26 02:32:16','9','Battery'),('84:51:81:A7:B2:43_17','2015-08-26 02:32:16','','Message'),('84:51:81:A7:B2:43_17','2015-08-26 02:32:16','0','Movements'),('84:51:81:A7:B2:43_17','2015-08-26 02:32:16','6','Screen'),('84:51:81:A7:B2:43_17','2015-08-26 02:33:12','8','Battery'),('84:51:81:A7:B2:43_17','2015-08-26 02:33:12','','Message'),('84:51:81:A7:B2:43_17','2015-08-26 02:33:12','0','Movements'),('84:51:81:A7:B2:43_17','2015-08-26 02:33:12','2','Screen'),('84:51:81:A7:B2:43_17','2015-08-26 02:34:03','7','Battery'),('84:51:81:A7:B2:43_17','2015-08-26 02:34:03','','Message'),('84:51:81:A7:B2:43_17','2015-08-26 02:34:03','2','Movements'),('84:51:81:A7:B2:43_17','2015-08-26 02:34:03','7','Screen'),('84:51:81:A7:B2:43_17','2015-08-26 02:34:49','6','Battery'),('84:51:81:A7:B2:43_17','2015-08-26 02:34:49','','Message'),('84:51:81:A7:B2:43_17','2015-08-26 02:34:49','3','Movements'),('84:51:81:A7:B2:43_17','2015-08-26 02:34:49','5','Screen'),('84:51:81:A7:B2:43_17','2015-08-26 02:35:31','5','Battery'),('84:51:81:A7:B2:43_17','2015-08-26 02:35:31','','Message'),('84:51:81:A7:B2:43_17','2015-08-26 02:35:31','0','Movements'),('84:51:81:A7:B2:43_17','2015-08-26 02:35:31','3','Screen'),('84:51:81:A7:B2:43_18','2015-08-26 01:48:25','30','Battery'),('84:51:81:A7:B2:43_18','2015-08-26 01:48:25','','Message'),('84:51:81:A7:B2:43_18','2015-08-26 01:48:25','49','Movements'),('84:51:81:A7:B2:43_18','2015-08-26 01:48:25','41','Screen'),('84:51:81:A7:B2:43_18','2015-08-26 01:49:15','27','Battery'),('84:51:81:A7:B2:43_18','2015-08-26 01:49:15','','Message'),('84:51:81:A7:B2:43_18','2015-08-26 01:49:15','2','Movements'),('84:51:81:A7:B2:43_18','2015-08-26 01:49:15','7','Screen'),('84:51:81:A7:B2:43_18','2015-08-26 01:50:06','24','Battery'),('84:51:81:A7:B2:43_18','2015-08-26 01:50:06','a string','Message'),('84:51:81:A7:B2:43_18','2015-08-26 01:50:06','3','Movements'),('84:51:81:A7:B2:43_18','2015-08-26 01:50:06','5','Screen'),('84:51:81:A7:B2:43_18','2015-08-26 01:50:59','22','Battery'),('84:51:81:A7:B2:43_18','2015-08-26 01:50:59','','Message'),('84:51:81:A7:B2:43_18','2015-08-26 01:50:59','2','Movements'),('84:51:81:A7:B2:43_18','2015-08-26 01:50:59','8','Screen'),('84:51:81:A7:B2:43_18','2015-08-26 01:51:39','20','Battery'),('84:51:81:A7:B2:43_18','2015-08-26 01:51:39','','Message'),('84:51:81:A7:B2:43_18','2015-08-26 01:51:39','4','Movements'),('84:51:81:A7:B2:43_18','2015-08-26 01:51:39','8','Screen'),('84:51:81:A7:B2:43_18','2015-08-26 01:52:23','18','Battery'),('84:51:81:A7:B2:43_18','2015-08-26 01:52:23','','Message'),('84:51:81:A7:B2:43_18','2015-08-26 01:52:23','1','Movements'),('84:51:81:A7:B2:43_18','2015-08-26 01:52:23','8','Screen'),('84:51:81:A7:B2:43_18','2015-08-26 01:53:09','16','Battery'),('84:51:81:A7:B2:43_18','2015-08-26 01:53:09','a string','Message'),('84:51:81:A7:B2:43_18','2015-08-26 01:53:09','1','Movements'),('84:51:81:A7:B2:43_18','2015-08-26 01:53:09','3','Screen'),('84:51:81:A7:B2:43_18','2015-08-26 01:54:05','14','Battery'),('84:51:81:A7:B2:43_18','2015-08-26 01:54:05','a string','Message'),('84:51:81:A7:B2:43_18','2015-08-26 01:54:05','2','Movements'),('84:51:81:A7:B2:43_18','2015-08-26 01:54:05','8','Screen'),('84:51:81:A7:B2:43_18','2015-08-26 01:54:59','13','Battery'),('84:51:81:A7:B2:43_18','2015-08-26 01:54:59','','Message'),('84:51:81:A7:B2:43_18','2015-08-26 01:54:59','1','Movements'),('84:51:81:A7:B2:43_18','2015-08-26 01:54:59','1','Screen'),('84:51:81:A7:B2:43_18','2015-08-26 01:55:46','12','Battery'),('84:51:81:A7:B2:43_18','2015-08-26 01:55:46','','Message'),('84:51:81:A7:B2:43_18','2015-08-26 01:55:46','0','Movements'),('84:51:81:A7:B2:43_18','2015-08-26 01:55:46','9','Screen'),('84:51:81:A7:B2:43_18','2015-08-26 01:56:25','11','Battery'),('84:51:81:A7:B2:43_18','2015-08-26 01:56:25','','Message'),('84:51:81:A7:B2:43_18','2015-08-26 01:56:25','4','Movements'),('84:51:81:A7:B2:43_18','2015-08-26 01:56:25','1','Screen'),('84:51:81:A7:B2:43_18','2015-08-26 01:57:10','10','Battery'),('84:51:81:A7:B2:43_18','2015-08-26 01:57:10','a string','Message'),('84:51:81:A7:B2:43_18','2015-08-26 01:57:10','4','Movements'),('84:51:81:A7:B2:43_18','2015-08-26 01:57:10','6','Screen'),('84:51:81:A7:B2:43_18','2015-08-26 01:57:59','9','Battery'),('84:51:81:A7:B2:43_18','2015-08-26 01:57:59','a string','Message'),('84:51:81:A7:B2:43_18','2015-08-26 01:57:59','1','Movements'),('84:51:81:A7:B2:43_18','2015-08-26 01:57:59','4','Screen'),('84:51:81:A7:B2:43_18','2015-08-26 01:58:50','8','Battery'),('84:51:81:A7:B2:43_18','2015-08-26 01:58:50','a string','Message'),('84:51:81:A7:B2:43_18','2015-08-26 01:58:50','4','Movements'),('84:51:81:A7:B2:43_18','2015-08-26 01:58:50','0','Screen'),('84:51:81:A7:B2:43_18','2015-08-26 01:59:33','7','Battery'),('84:51:81:A7:B2:43_18','2015-08-26 01:59:33','','Message'),('84:51:81:A7:B2:43_18','2015-08-26 01:59:33','0','Movements'),('84:51:81:A7:B2:43_18','2015-08-26 01:59:33','8','Screen'),('84:51:81:A7:B2:43_18','2015-08-26 02:00:22','6','Battery'),('84:51:81:A7:B2:43_18','2015-08-26 02:00:22','a string','Message'),('84:51:81:A7:B2:43_18','2015-08-26 02:00:22','0','Movements'),('84:51:81:A7:B2:43_18','2015-08-26 02:00:22','9','Screen'),('84:51:81:A7:B2:43_18','2015-08-26 02:01:01','5','Battery'),('84:51:81:A7:B2:43_18','2015-08-26 02:01:01','','Message'),('84:51:81:A7:B2:43_18','2015-08-26 02:01:01','4','Movements'),('84:51:81:A7:B2:43_18','2015-08-26 02:01:01','6','Screen'),('84:51:81:A7:B2:43_18','2015-08-26 02:01:39','5','Battery'),('84:51:81:A7:B2:43_18','2015-08-26 02:01:39','','Message'),('84:51:81:A7:B2:43_18','2015-08-26 02:01:39','3','Movements'),('84:51:81:A7:B2:43_18','2015-08-26 02:01:39','2','Screen'),('84:51:81:A7:B2:43_18','2015-08-26 02:02:25','5','Battery'),('84:51:81:A7:B2:43_18','2015-08-26 02:02:25','a string','Message'),('84:51:81:A7:B2:43_18','2015-08-26 02:02:25','4','Movements'),('84:51:81:A7:B2:43_18','2015-08-26 02:02:25','3','Screen'),('84:51:81:A7:B2:43_18','2015-08-26 02:03:18','5','Battery'),('84:51:81:A7:B2:43_18','2015-08-26 02:03:18','a string','Message'),('84:51:81:A7:B2:43_18','2015-08-26 02:03:18','2','Movements'),('84:51:81:A7:B2:43_18','2015-08-26 02:03:18','0','Screen'),('84:51:81:A7:B2:43_18','2015-08-26 02:03:59','5','Battery'),('84:51:81:A7:B2:43_18','2015-08-26 02:03:59','','Message'),('84:51:81:A7:B2:43_18','2015-08-26 02:03:59','1','Movements'),('84:51:81:A7:B2:43_18','2015-08-26 02:03:59','9','Screen'),('84:51:81:A7:B2:43_18','2015-08-26 02:04:32','5','Battery'),('84:51:81:A7:B2:43_18','2015-08-26 02:04:32','','Message'),('84:51:81:A7:B2:43_18','2015-08-26 02:04:32','4','Movements'),('84:51:81:A7:B2:43_18','2015-08-26 02:04:32','6','Screen'),('84:51:81:A7:B2:43_18','2015-08-26 02:05:04','5','Battery'),('84:51:81:A7:B2:43_18','2015-08-26 02:05:04','','Message'),('84:51:81:A7:B2:43_18','2015-08-26 02:05:04','0','Movements'),('84:51:81:A7:B2:43_18','2015-08-26 02:05:04','8','Screen'),('84:51:81:A7:B2:43_18','2015-08-26 02:05:39','5','Battery'),('84:51:81:A7:B2:43_18','2015-08-26 02:05:39','a string','Message'),('84:51:81:A7:B2:43_18','2015-08-26 02:05:39','4','Movements'),('84:51:81:A7:B2:43_18','2015-08-26 02:05:39','2','Screen'),('84:51:81:A7:B2:43_19','2015-08-26 01:48:25','2','Battery'),('84:51:81:A7:B2:43_19','2015-08-26 01:48:25','a string','Message'),('84:51:81:A7:B2:43_19','2015-08-26 01:48:25','116','Movements'),('84:51:81:A7:B2:43_19','2015-08-26 01:48:25','0','Screen'),('84:51:81:A7:B2:43_19','2015-08-26 01:49:29','2','Battery'),('84:51:81:A7:B2:43_19','2015-08-26 01:49:29','a string','Message'),('84:51:81:A7:B2:43_19','2015-08-26 01:49:29','3','Movements'),('84:51:81:A7:B2:43_19','2015-08-26 01:49:29','8','Screen'),('84:51:81:A7:B2:43_19','2015-08-26 01:50:36','2','Battery'),('84:51:81:A7:B2:43_19','2015-08-26 01:50:36','a string','Message'),('84:51:81:A7:B2:43_19','2015-08-26 01:50:36','2','Movements'),('84:51:81:A7:B2:43_19','2015-08-26 01:50:36','0','Screen'),('84:51:81:A7:B2:43_19','2015-08-26 01:51:37','2','Battery'),('84:51:81:A7:B2:43_19','2015-08-26 01:51:37','a string','Message'),('84:51:81:A7:B2:43_19','2015-08-26 01:51:37','2','Movements'),('84:51:81:A7:B2:43_19','2015-08-26 01:51:37','1','Screen'),('84:51:81:A7:B2:43_19','2015-08-26 01:52:49','2','Battery'),('84:51:81:A7:B2:43_19','2015-08-26 01:52:49','a string','Message'),('84:51:81:A7:B2:43_19','2015-08-26 01:52:49','3','Movements'),('84:51:81:A7:B2:43_19','2015-08-26 01:52:49','6','Screen'),('84:51:81:A7:B2:43_19','2015-08-26 01:54:19','2','Battery'),('84:51:81:A7:B2:43_19','2015-08-26 01:54:19','','Message'),('84:51:81:A7:B2:43_19','2015-08-26 01:54:19','0','Movements'),('84:51:81:A7:B2:43_19','2015-08-26 01:54:19','2','Screen'),('84:51:81:A7:B2:43_19','2015-08-26 01:56:02','2','Battery'),('84:51:81:A7:B2:43_19','2015-08-26 01:56:02','a string','Message'),('84:51:81:A7:B2:43_19','2015-08-26 01:56:02','3','Movements'),('84:51:81:A7:B2:43_19','2015-08-26 01:56:02','1','Screen'),('84:51:81:A7:B2:43_19','2015-08-26 01:57:20','2','Battery'),('84:51:81:A7:B2:43_19','2015-08-26 01:57:20','','Message'),('84:51:81:A7:B2:43_19','2015-08-26 01:57:20','1','Movements'),('84:51:81:A7:B2:43_19','2015-08-26 01:57:20','6','Screen'),('84:51:81:A7:B2:43_19','2015-08-26 01:58:37','2','Battery'),('84:51:81:A7:B2:43_19','2015-08-26 01:58:37','a string','Message'),('84:51:81:A7:B2:43_19','2015-08-26 01:58:37','4','Movements'),('84:51:81:A7:B2:43_19','2015-08-26 01:58:37','2','Screen'),('84:51:81:A7:B2:43_19','2015-08-26 01:59:36','2','Battery'),('84:51:81:A7:B2:43_19','2015-08-26 01:59:36','','Message'),('84:51:81:A7:B2:43_19','2015-08-26 01:59:36','4','Movements'),('84:51:81:A7:B2:43_19','2015-08-26 01:59:36','5','Screen'),('84:51:81:A7:B2:43_19','2015-08-26 02:00:26','2','Battery'),('84:51:81:A7:B2:43_19','2015-08-26 02:00:26','','Message'),('84:51:81:A7:B2:43_19','2015-08-26 02:00:26','3','Movements'),('84:51:81:A7:B2:43_19','2015-08-26 02:00:26','6','Screen'),('84:51:81:A7:B2:43_19','2015-08-26 02:01:22','2','Battery'),('84:51:81:A7:B2:43_19','2015-08-26 02:01:22','','Message'),('84:51:81:A7:B2:43_19','2015-08-26 02:01:22','0','Movements'),('84:51:81:A7:B2:43_19','2015-08-26 02:01:22','9','Screen'),('84:51:81:A7:B2:43_19','2015-08-26 02:02:24','2','Battery'),('84:51:81:A7:B2:43_19','2015-08-26 02:02:24','','Message'),('84:51:81:A7:B2:43_19','2015-08-26 02:02:24','2','Movements'),('84:51:81:A7:B2:43_19','2015-08-26 02:02:24','4','Screen'),('84:51:81:A7:B2:43_19','2015-08-26 02:03:27','2','Battery'),('84:51:81:A7:B2:43_19','2015-08-26 02:03:27','','Message'),('84:51:81:A7:B2:43_19','2015-08-26 02:03:27','0','Movements'),('84:51:81:A7:B2:43_19','2015-08-26 02:03:27','8','Screen'),('84:51:81:A7:B2:43_19','2015-08-26 02:04:33','2','Battery'),('84:51:81:A7:B2:43_19','2015-08-26 02:04:33','a string','Message'),('84:51:81:A7:B2:43_19','2015-08-26 02:04:33','3','Movements'),('84:51:81:A7:B2:43_19','2015-08-26 02:04:33','5','Screen'),('84:51:81:A7:B2:43_19','2015-08-26 02:05:54','2','Battery'),('84:51:81:A7:B2:43_19','2015-08-26 02:05:54','a string','Message'),('84:51:81:A7:B2:43_19','2015-08-26 02:05:54','4','Movements'),('84:51:81:A7:B2:43_19','2015-08-26 02:05:54','1','Screen'),('84:51:81:A7:B2:43_19','2015-08-26 02:07:12','2','Battery'),('84:51:81:A7:B2:43_19','2015-08-26 02:07:12','','Message'),('84:51:81:A7:B2:43_19','2015-08-26 02:07:12','4','Movements'),('84:51:81:A7:B2:43_19','2015-08-26 02:07:12','7','Screen'),('84:51:81:A7:B2:43_19','2015-08-26 02:08:27','2','Battery'),('84:51:81:A7:B2:43_19','2015-08-26 02:08:27','a string','Message'),('84:51:81:A7:B2:43_19','2015-08-26 02:08:27','3','Movements'),('84:51:81:A7:B2:43_19','2015-08-26 02:08:27','8','Screen'),('84:51:81:A7:B2:43_19','2015-08-26 02:09:52','2','Battery'),('84:51:81:A7:B2:43_19','2015-08-26 02:09:52','a string','Message'),('84:51:81:A7:B2:43_19','2015-08-26 02:09:52','0','Movements'),('84:51:81:A7:B2:43_19','2015-08-26 02:09:52','8','Screen'),('84:51:81:A7:B2:43_19','2015-08-26 02:11:06','2','Battery'),('84:51:81:A7:B2:43_19','2015-08-26 02:11:06','','Message'),('84:51:81:A7:B2:43_19','2015-08-26 02:11:06','4','Movements'),('84:51:81:A7:B2:43_19','2015-08-26 02:11:06','7','Screen'),('84:51:81:A7:B2:43_19','2015-08-26 02:12:09','2','Battery'),('84:51:81:A7:B2:43_19','2015-08-26 02:12:09','','Message'),('84:51:81:A7:B2:43_19','2015-08-26 02:12:09','2','Movements'),('84:51:81:A7:B2:43_19','2015-08-26 02:12:09','5','Screen'),('84:51:81:A7:B2:43_19','2015-08-26 02:13:04','2','Battery'),('84:51:81:A7:B2:43_19','2015-08-26 02:13:04','','Message'),('84:51:81:A7:B2:43_19','2015-08-26 02:13:04','2','Movements'),('84:51:81:A7:B2:43_19','2015-08-26 02:13:04','2','Screen'),('84:51:81:A7:B2:43_19','2015-08-26 02:14:04','2','Battery'),('84:51:81:A7:B2:43_19','2015-08-26 02:14:04','a string','Message'),('84:51:81:A7:B2:43_19','2015-08-26 02:14:04','0','Movements'),('84:51:81:A7:B2:43_19','2015-08-26 02:14:04','7','Screen'),('84:51:81:A7:B2:43_19','2015-08-26 02:15:06','2','Battery'),('84:51:81:A7:B2:43_19','2015-08-26 02:15:06','','Message'),('84:51:81:A7:B2:43_19','2015-08-26 02:15:06','1','Movements'),('84:51:81:A7:B2:43_19','2015-08-26 02:15:06','4','Screen'),('84:51:81:A7:B2:43_2','2015-08-26 01:48:24','13','Battery'),('84:51:81:A7:B2:43_2','2015-08-26 01:48:24','','Message'),('84:51:81:A7:B2:43_2','2015-08-26 01:48:24','57','Movements'),('84:51:81:A7:B2:43_2','2015-08-26 01:48:24','45','Screen'),('84:51:81:A7:B2:43_2','2015-08-26 01:49:22','12','Battery'),('84:51:81:A7:B2:43_2','2015-08-26 01:49:22','','Message'),('84:51:81:A7:B2:43_2','2015-08-26 01:49:22','2','Movements'),('84:51:81:A7:B2:43_2','2015-08-26 01:49:22','0','Screen'),('84:51:81:A7:B2:43_2','2015-08-26 01:50:24','11','Battery'),('84:51:81:A7:B2:43_2','2015-08-26 01:50:24','a string','Message'),('84:51:81:A7:B2:43_2','2015-08-26 01:50:24','4','Movements'),('84:51:81:A7:B2:43_2','2015-08-26 01:50:24','7','Screen'),('84:51:81:A7:B2:43_2','2015-08-26 01:51:18','10','Battery'),('84:51:81:A7:B2:43_2','2015-08-26 01:51:18','','Message'),('84:51:81:A7:B2:43_2','2015-08-26 01:51:18','2','Movements'),('84:51:81:A7:B2:43_2','2015-08-26 01:51:18','0','Screen'),('84:51:81:A7:B2:43_2','2015-08-26 01:52:09','9','Battery'),('84:51:81:A7:B2:43_2','2015-08-26 01:52:09','','Message'),('84:51:81:A7:B2:43_2','2015-08-26 01:52:09','0','Movements'),('84:51:81:A7:B2:43_2','2015-08-26 01:52:09','8','Screen'),('84:51:81:A7:B2:43_2','2015-08-26 01:53:05','8','Battery'),('84:51:81:A7:B2:43_2','2015-08-26 01:53:05','a string','Message'),('84:51:81:A7:B2:43_2','2015-08-26 01:53:05','2','Movements'),('84:51:81:A7:B2:43_2','2015-08-26 01:53:05','5','Screen'),('84:51:81:A7:B2:43_2','2015-08-26 01:54:12','7','Battery'),('84:51:81:A7:B2:43_2','2015-08-26 01:54:12','a string','Message'),('84:51:81:A7:B2:43_2','2015-08-26 01:54:12','4','Movements'),('84:51:81:A7:B2:43_2','2015-08-26 01:54:12','1','Screen'),('84:51:81:A7:B2:43_2','2015-08-26 01:55:18','6','Battery'),('84:51:81:A7:B2:43_2','2015-08-26 01:55:18','','Message'),('84:51:81:A7:B2:43_2','2015-08-26 01:55:18','3','Movements'),('84:51:81:A7:B2:43_2','2015-08-26 01:55:18','5','Screen'),('84:51:81:A7:B2:43_2','2015-08-26 01:56:31','5','Battery'),('84:51:81:A7:B2:43_2','2015-08-26 01:56:31','a string','Message'),('84:51:81:A7:B2:43_2','2015-08-26 01:56:31','2','Movements'),('84:51:81:A7:B2:43_2','2015-08-26 01:56:31','5','Screen'),('84:51:81:A7:B2:43_2','2015-08-26 01:58:00','5','Battery'),('84:51:81:A7:B2:43_2','2015-08-26 01:58:00','a string','Message'),('84:51:81:A7:B2:43_2','2015-08-26 01:58:00','4','Movements'),('84:51:81:A7:B2:43_2','2015-08-26 01:58:00','2','Screen'),('84:51:81:A7:B2:43_2','2015-08-26 01:59:44','5','Battery'),('84:51:81:A7:B2:43_2','2015-08-26 01:59:44','a string','Message'),('84:51:81:A7:B2:43_2','2015-08-26 01:59:44','3','Movements'),('84:51:81:A7:B2:43_2','2015-08-26 01:59:44','6','Screen'),('84:51:81:A7:B2:43_2','2015-08-26 02:01:06','5','Battery'),('84:51:81:A7:B2:43_2','2015-08-26 02:01:06','','Message'),('84:51:81:A7:B2:43_2','2015-08-26 02:01:06','2','Movements'),('84:51:81:A7:B2:43_2','2015-08-26 02:01:06','9','Screen'),('84:51:81:A7:B2:43_2','2015-08-26 02:02:43','5','Battery'),('84:51:81:A7:B2:43_2','2015-08-26 02:02:43','a string','Message'),('84:51:81:A7:B2:43_2','2015-08-26 02:02:43','2','Movements'),('84:51:81:A7:B2:43_2','2015-08-26 02:02:43','4','Screen'),('84:51:81:A7:B2:43_2','2015-08-26 02:04:16','5','Battery'),('84:51:81:A7:B2:43_2','2015-08-26 02:04:16','','Message'),('84:51:81:A7:B2:43_2','2015-08-26 02:04:16','3','Movements'),('84:51:81:A7:B2:43_2','2015-08-26 02:04:16','6','Screen'),('84:51:81:A7:B2:43_2','2015-08-26 02:06:00','5','Battery'),('84:51:81:A7:B2:43_2','2015-08-26 02:06:00','a string','Message'),('84:51:81:A7:B2:43_2','2015-08-26 02:06:00','3','Movements'),('84:51:81:A7:B2:43_2','2015-08-26 02:06:00','1','Screen'),('84:51:81:A7:B2:43_2','2015-08-26 02:07:20','5','Battery'),('84:51:81:A7:B2:43_2','2015-08-26 02:07:20','','Message'),('84:51:81:A7:B2:43_2','2015-08-26 02:07:20','2','Movements'),('84:51:81:A7:B2:43_2','2015-08-26 02:07:20','4','Screen'),('84:51:81:A7:B2:43_2','2015-08-26 02:08:41','5','Battery'),('84:51:81:A7:B2:43_2','2015-08-26 02:08:41','a string','Message'),('84:51:81:A7:B2:43_2','2015-08-26 02:08:41','2','Movements'),('84:51:81:A7:B2:43_2','2015-08-26 02:08:41','9','Screen'),('84:51:81:A7:B2:43_2','2015-08-26 02:10:11','5','Battery'),('84:51:81:A7:B2:43_2','2015-08-26 02:10:11','a string','Message'),('84:51:81:A7:B2:43_2','2015-08-26 02:10:11','0','Movements'),('84:51:81:A7:B2:43_2','2015-08-26 02:10:11','8','Screen'),('84:51:81:A7:B2:43_2','2015-08-26 02:11:40','5','Battery'),('84:51:81:A7:B2:43_2','2015-08-26 02:11:40','','Message'),('84:51:81:A7:B2:43_2','2015-08-26 02:11:40','2','Movements'),('84:51:81:A7:B2:43_2','2015-08-26 02:11:40','0','Screen'),('84:51:81:A7:B2:43_2','2015-08-26 02:13:24','5','Battery'),('84:51:81:A7:B2:43_2','2015-08-26 02:13:24','a string','Message'),('84:51:81:A7:B2:43_2','2015-08-26 02:13:24','2','Movements'),('84:51:81:A7:B2:43_2','2015-08-26 02:13:24','9','Screen'),('84:51:81:A7:B2:43_20','2015-08-26 01:48:25','99','Battery'),('84:51:81:A7:B2:43_20','2015-08-26 01:48:25','a string','Message'),('84:51:81:A7:B2:43_20','2015-08-26 01:48:25','19','Movements'),('84:51:81:A7:B2:43_20','2015-08-26 01:48:25','47','Screen'),('84:51:81:A7:B2:43_20','2015-08-26 01:49:36','89','Battery'),('84:51:81:A7:B2:43_20','2015-08-26 01:49:36','a string','Message'),('84:51:81:A7:B2:43_20','2015-08-26 01:49:36','2','Movements'),('84:51:81:A7:B2:43_20','2015-08-26 01:49:36','1','Screen'),('84:51:81:A7:B2:43_20','2015-08-26 01:50:48','80','Battery'),('84:51:81:A7:B2:43_20','2015-08-26 01:50:48','a string','Message'),('84:51:81:A7:B2:43_20','2015-08-26 01:50:48','4','Movements'),('84:51:81:A7:B2:43_20','2015-08-26 01:50:48','7','Screen'),('84:51:81:A7:B2:43_20','2015-08-26 01:51:55','72','Battery'),('84:51:81:A7:B2:43_20','2015-08-26 01:51:55','a string','Message'),('84:51:81:A7:B2:43_20','2015-08-26 01:51:55','0','Movements'),('84:51:81:A7:B2:43_20','2015-08-26 01:51:55','6','Screen'),('84:51:81:A7:B2:43_20','2015-08-26 01:53:01','65','Battery'),('84:51:81:A7:B2:43_20','2015-08-26 01:53:01','a string','Message'),('84:51:81:A7:B2:43_20','2015-08-26 01:53:01','1','Movements'),('84:51:81:A7:B2:43_20','2015-08-26 01:53:01','2','Screen'),('84:51:81:A7:B2:43_20','2015-08-26 01:53:57','59','Battery'),('84:51:81:A7:B2:43_20','2015-08-26 01:53:57','','Message'),('84:51:81:A7:B2:43_20','2015-08-26 01:53:57','2','Movements'),('84:51:81:A7:B2:43_20','2015-08-26 01:53:57','2','Screen'),('84:51:81:A7:B2:43_20','2015-08-26 01:54:55','53','Battery'),('84:51:81:A7:B2:43_20','2015-08-26 01:54:55','a string','Message'),('84:51:81:A7:B2:43_20','2015-08-26 01:54:55','3','Movements'),('84:51:81:A7:B2:43_20','2015-08-26 01:54:55','2','Screen'),('84:51:81:A7:B2:43_20','2015-08-26 01:55:58','48','Battery'),('84:51:81:A7:B2:43_20','2015-08-26 01:55:58','','Message'),('84:51:81:A7:B2:43_20','2015-08-26 01:55:58','3','Movements'),('84:51:81:A7:B2:43_20','2015-08-26 01:55:58','9','Screen'),('84:51:81:A7:B2:43_20','2015-08-26 01:56:55','43','Battery'),('84:51:81:A7:B2:43_20','2015-08-26 01:56:55','','Message'),('84:51:81:A7:B2:43_20','2015-08-26 01:56:55','1','Movements'),('84:51:81:A7:B2:43_20','2015-08-26 01:56:55','3','Screen'),('84:51:81:A7:B2:43_20','2015-08-26 01:58:03','39','Battery'),('84:51:81:A7:B2:43_20','2015-08-26 01:58:03','a string','Message'),('84:51:81:A7:B2:43_20','2015-08-26 01:58:03','1','Movements'),('84:51:81:A7:B2:43_20','2015-08-26 01:58:03','0','Screen'),('84:51:81:A7:B2:43_20','2015-08-26 01:58:59','35','Battery'),('84:51:81:A7:B2:43_20','2015-08-26 01:58:59','','Message'),('84:51:81:A7:B2:43_20','2015-08-26 01:58:59','4','Movements'),('84:51:81:A7:B2:43_20','2015-08-26 01:58:59','3','Screen'),('84:51:81:A7:B2:43_20','2015-08-26 02:00:01','32','Battery'),('84:51:81:A7:B2:43_20','2015-08-26 02:00:01','a string','Message'),('84:51:81:A7:B2:43_20','2015-08-26 02:00:01','0','Movements'),('84:51:81:A7:B2:43_20','2015-08-26 02:00:01','2','Screen'),('84:51:81:A7:B2:43_20','2015-08-26 02:00:55','29','Battery'),('84:51:81:A7:B2:43_20','2015-08-26 02:00:55','','Message'),('84:51:81:A7:B2:43_20','2015-08-26 02:00:55','2','Movements'),('84:51:81:A7:B2:43_20','2015-08-26 02:00:55','0','Screen'),('84:51:81:A7:B2:43_20','2015-08-26 02:01:45','26','Battery'),('84:51:81:A7:B2:43_20','2015-08-26 02:01:45','a string','Message'),('84:51:81:A7:B2:43_20','2015-08-26 02:01:45','3','Movements'),('84:51:81:A7:B2:43_20','2015-08-26 02:01:45','4','Screen'),('84:51:81:A7:B2:43_21','2015-08-26 01:48:25','77','Battery'),('84:51:81:A7:B2:43_21','2015-08-26 01:48:25','a string','Message'),('84:51:81:A7:B2:43_21','2015-08-26 01:48:25','56','Movements'),('84:51:81:A7:B2:43_21','2015-08-26 01:48:25','23','Screen'),('84:51:81:A7:B2:43_21','2015-08-26 01:49:25','69','Battery'),('84:51:81:A7:B2:43_21','2015-08-26 01:49:25','a string','Message'),('84:51:81:A7:B2:43_21','2015-08-26 01:49:25','0','Movements'),('84:51:81:A7:B2:43_21','2015-08-26 01:49:25','1','Screen'),('84:51:81:A7:B2:43_21','2015-08-26 01:50:19','62','Battery'),('84:51:81:A7:B2:43_21','2015-08-26 01:50:19','','Message'),('84:51:81:A7:B2:43_21','2015-08-26 01:50:19','1','Movements'),('84:51:81:A7:B2:43_21','2015-08-26 01:50:19','9','Screen'),('84:51:81:A7:B2:43_21','2015-08-26 01:51:08','56','Battery'),('84:51:81:A7:B2:43_21','2015-08-26 01:51:08','','Message'),('84:51:81:A7:B2:43_21','2015-08-26 01:51:08','2','Movements'),('84:51:81:A7:B2:43_21','2015-08-26 01:51:08','7','Screen'),('84:51:81:A7:B2:43_21','2015-08-26 01:52:00','50','Battery'),('84:51:81:A7:B2:43_21','2015-08-26 01:52:00','','Message'),('84:51:81:A7:B2:43_21','2015-08-26 01:52:00','1','Movements'),('84:51:81:A7:B2:43_21','2015-08-26 01:52:00','4','Screen'),('84:51:81:A7:B2:43_21','2015-08-26 01:52:41','45','Battery'),('84:51:81:A7:B2:43_21','2015-08-26 01:52:41','a string','Message'),('84:51:81:A7:B2:43_21','2015-08-26 01:52:41','4','Movements'),('84:51:81:A7:B2:43_21','2015-08-26 01:52:41','5','Screen'),('84:51:81:A7:B2:43_21','2015-08-26 01:53:13','41','Battery'),('84:51:81:A7:B2:43_21','2015-08-26 01:53:13','','Message'),('84:51:81:A7:B2:43_21','2015-08-26 01:53:13','2','Movements'),('84:51:81:A7:B2:43_21','2015-08-26 01:53:13','7','Screen'),('84:51:81:A7:B2:43_21','2015-08-26 01:53:42','37','Battery'),('84:51:81:A7:B2:43_21','2015-08-26 01:53:42','','Message'),('84:51:81:A7:B2:43_21','2015-08-26 01:53:42','0','Movements'),('84:51:81:A7:B2:43_21','2015-08-26 01:53:42','4','Screen'),('84:51:81:A7:B2:43_21','2015-08-26 01:54:12','33','Battery'),('84:51:81:A7:B2:43_21','2015-08-26 01:54:12','','Message'),('84:51:81:A7:B2:43_21','2015-08-26 01:54:12','0','Movements'),('84:51:81:A7:B2:43_21','2015-08-26 01:54:12','0','Screen'),('84:51:81:A7:B2:43_21','2015-08-26 01:54:44','30','Battery'),('84:51:81:A7:B2:43_21','2015-08-26 01:54:44','a string','Message'),('84:51:81:A7:B2:43_21','2015-08-26 01:54:44','4','Movements'),('84:51:81:A7:B2:43_21','2015-08-26 01:54:44','3','Screen'),('84:51:81:A7:B2:43_21','2015-08-26 01:55:13','27','Battery'),('84:51:81:A7:B2:43_21','2015-08-26 01:55:13','','Message'),('84:51:81:A7:B2:43_21','2015-08-26 01:55:13','3','Movements'),('84:51:81:A7:B2:43_21','2015-08-26 01:55:13','9','Screen'),('84:51:81:A7:B2:43_21','2015-08-26 01:55:46','24','Battery'),('84:51:81:A7:B2:43_21','2015-08-26 01:55:46','a string','Message'),('84:51:81:A7:B2:43_21','2015-08-26 01:55:46','1','Movements'),('84:51:81:A7:B2:43_21','2015-08-26 01:55:46','0','Screen'),('84:51:81:A7:B2:43_21','2015-08-26 01:56:20','22','Battery'),('84:51:81:A7:B2:43_21','2015-08-26 01:56:20','','Message'),('84:51:81:A7:B2:43_21','2015-08-26 01:56:20','4','Movements'),('84:51:81:A7:B2:43_21','2015-08-26 01:56:20','4','Screen'),('84:51:81:A7:B2:43_21','2015-08-26 01:56:57','20','Battery'),('84:51:81:A7:B2:43_21','2015-08-26 01:56:57','','Message'),('84:51:81:A7:B2:43_21','2015-08-26 01:56:57','3','Movements'),('84:51:81:A7:B2:43_21','2015-08-26 01:56:57','5','Screen'),('84:51:81:A7:B2:43_21','2015-08-26 01:57:27','18','Battery'),('84:51:81:A7:B2:43_21','2015-08-26 01:57:27','','Message'),('84:51:81:A7:B2:43_21','2015-08-26 01:57:27','1','Movements'),('84:51:81:A7:B2:43_21','2015-08-26 01:57:27','9','Screen'),('84:51:81:A7:B2:43_21','2015-08-26 01:58:01','16','Battery'),('84:51:81:A7:B2:43_21','2015-08-26 01:58:01','a string','Message'),('84:51:81:A7:B2:43_21','2015-08-26 01:58:01','0','Movements'),('84:51:81:A7:B2:43_21','2015-08-26 01:58:01','5','Screen'),('84:51:81:A7:B2:43_21','2015-08-26 01:58:36','14','Battery'),('84:51:81:A7:B2:43_21','2015-08-26 01:58:36','a string','Message'),('84:51:81:A7:B2:43_21','2015-08-26 01:58:36','0','Movements'),('84:51:81:A7:B2:43_21','2015-08-26 01:58:36','5','Screen'),('84:51:81:A7:B2:43_21','2015-08-26 01:59:04','13','Battery'),('84:51:81:A7:B2:43_21','2015-08-26 01:59:04','a string','Message'),('84:51:81:A7:B2:43_21','2015-08-26 01:59:04','1','Movements'),('84:51:81:A7:B2:43_21','2015-08-26 01:59:04','4','Screen'),('84:51:81:A7:B2:43_21','2015-08-26 01:59:36','12','Battery'),('84:51:81:A7:B2:43_21','2015-08-26 01:59:36','a string','Message'),('84:51:81:A7:B2:43_21','2015-08-26 01:59:36','3','Movements'),('84:51:81:A7:B2:43_21','2015-08-26 01:59:36','9','Screen'),('84:51:81:A7:B2:43_21','2015-08-26 02:00:03','11','Battery'),('84:51:81:A7:B2:43_21','2015-08-26 02:00:03','','Message'),('84:51:81:A7:B2:43_21','2015-08-26 02:00:03','4','Movements'),('84:51:81:A7:B2:43_21','2015-08-26 02:00:03','7','Screen'),('84:51:81:A7:B2:43_21','2015-08-26 02:00:32','10','Battery'),('84:51:81:A7:B2:43_21','2015-08-26 02:00:32','a string','Message'),('84:51:81:A7:B2:43_21','2015-08-26 02:00:32','2','Movements'),('84:51:81:A7:B2:43_21','2015-08-26 02:00:32','4','Screen'),('84:51:81:A7:B2:43_21','2015-08-26 02:01:04','9','Battery'),('84:51:81:A7:B2:43_21','2015-08-26 02:01:04','','Message'),('84:51:81:A7:B2:43_21','2015-08-26 02:01:04','2','Movements'),('84:51:81:A7:B2:43_21','2015-08-26 02:01:04','3','Screen'),('84:51:81:A7:B2:43_21','2015-08-26 02:01:31','8','Battery'),('84:51:81:A7:B2:43_21','2015-08-26 02:01:31','a string','Message'),('84:51:81:A7:B2:43_21','2015-08-26 02:01:31','1','Movements'),('84:51:81:A7:B2:43_21','2015-08-26 02:01:31','7','Screen'),('84:51:81:A7:B2:43_21','2015-08-26 02:01:55','7','Battery'),('84:51:81:A7:B2:43_21','2015-08-26 02:01:55','','Message'),('84:51:81:A7:B2:43_21','2015-08-26 02:01:55','3','Movements'),('84:51:81:A7:B2:43_21','2015-08-26 02:01:55','7','Screen'),('84:51:81:A7:B2:43_21','2015-08-26 02:02:25','6','Battery'),('84:51:81:A7:B2:43_21','2015-08-26 02:02:25','','Message'),('84:51:81:A7:B2:43_21','2015-08-26 02:02:25','3','Movements'),('84:51:81:A7:B2:43_21','2015-08-26 02:02:25','0','Screen'),('84:51:81:A7:B2:43_21','2015-08-26 02:03:00','5','Battery'),('84:51:81:A7:B2:43_21','2015-08-26 02:03:00','a string','Message'),('84:51:81:A7:B2:43_21','2015-08-26 02:03:00','1','Movements'),('84:51:81:A7:B2:43_21','2015-08-26 02:03:00','1','Screen'),('84:51:81:A7:B2:43_21','2015-08-26 02:03:28','5','Battery'),('84:51:81:A7:B2:43_21','2015-08-26 02:03:28','','Message'),('84:51:81:A7:B2:43_21','2015-08-26 02:03:28','3','Movements'),('84:51:81:A7:B2:43_21','2015-08-26 02:03:28','4','Screen'),('84:51:81:A7:B2:43_21','2015-08-26 02:04:02','5','Battery'),('84:51:81:A7:B2:43_21','2015-08-26 02:04:02','','Message'),('84:51:81:A7:B2:43_21','2015-08-26 02:04:02','4','Movements'),('84:51:81:A7:B2:43_21','2015-08-26 02:04:02','2','Screen'),('84:51:81:A7:B2:43_21','2015-08-26 02:04:34','5','Battery'),('84:51:81:A7:B2:43_21','2015-08-26 02:04:34','','Message'),('84:51:81:A7:B2:43_21','2015-08-26 02:04:34','1','Movements'),('84:51:81:A7:B2:43_21','2015-08-26 02:04:34','9','Screen'),('84:51:81:A7:B2:43_22','2015-08-26 01:48:25','43','Battery'),('84:51:81:A7:B2:43_22','2015-08-26 01:48:25','','Message'),('84:51:81:A7:B2:43_22','2015-08-26 01:48:25','137','Movements'),('84:51:81:A7:B2:43_22','2015-08-26 01:48:25','23','Screen'),('84:51:81:A7:B2:43_22','2015-08-26 01:49:35','39','Battery'),('84:51:81:A7:B2:43_22','2015-08-26 01:49:35','','Message'),('84:51:81:A7:B2:43_22','2015-08-26 01:49:35','2','Movements'),('84:51:81:A7:B2:43_22','2015-08-26 01:49:35','8','Screen'),('84:51:81:A7:B2:43_22','2015-08-26 01:50:31','35','Battery'),('84:51:81:A7:B2:43_22','2015-08-26 01:50:31','','Message'),('84:51:81:A7:B2:43_22','2015-08-26 01:50:31','3','Movements'),('84:51:81:A7:B2:43_22','2015-08-26 01:50:31','3','Screen'),('84:51:81:A7:B2:43_22','2015-08-26 01:51:15','32','Battery'),('84:51:81:A7:B2:43_22','2015-08-26 01:51:15','','Message'),('84:51:81:A7:B2:43_22','2015-08-26 01:51:15','0','Movements'),('84:51:81:A7:B2:43_22','2015-08-26 01:51:15','7','Screen'),('84:51:81:A7:B2:43_22','2015-08-26 01:51:55','29','Battery'),('84:51:81:A7:B2:43_22','2015-08-26 01:51:55','','Message'),('84:51:81:A7:B2:43_22','2015-08-26 01:51:55','3','Movements'),('84:51:81:A7:B2:43_22','2015-08-26 01:51:55','1','Screen'),('84:51:81:A7:B2:43_22','2015-08-26 01:52:31','26','Battery'),('84:51:81:A7:B2:43_22','2015-08-26 01:52:31','','Message'),('84:51:81:A7:B2:43_22','2015-08-26 01:52:31','1','Movements'),('84:51:81:A7:B2:43_22','2015-08-26 01:52:31','7','Screen'),('84:51:81:A7:B2:43_22','2015-08-26 01:53:01','23','Battery'),('84:51:81:A7:B2:43_22','2015-08-26 01:53:01','','Message'),('84:51:81:A7:B2:43_22','2015-08-26 01:53:01','2','Movements'),('84:51:81:A7:B2:43_22','2015-08-26 01:53:01','8','Screen'),('84:51:81:A7:B2:43_22','2015-08-26 01:53:31','21','Battery'),('84:51:81:A7:B2:43_22','2015-08-26 01:53:31','a string','Message'),('84:51:81:A7:B2:43_22','2015-08-26 01:53:31','4','Movements'),('84:51:81:A7:B2:43_22','2015-08-26 01:53:31','2','Screen'),('84:51:81:A7:B2:43_22','2015-08-26 01:53:59','19','Battery'),('84:51:81:A7:B2:43_22','2015-08-26 01:53:59','','Message'),('84:51:81:A7:B2:43_22','2015-08-26 01:53:59','0','Movements'),('84:51:81:A7:B2:43_22','2015-08-26 01:53:59','7','Screen'),('84:51:81:A7:B2:43_22','2015-08-26 01:54:24','17','Battery'),('84:51:81:A7:B2:43_22','2015-08-26 01:54:24','','Message'),('84:51:81:A7:B2:43_22','2015-08-26 01:54:24','0','Movements'),('84:51:81:A7:B2:43_22','2015-08-26 01:54:24','7','Screen'),('84:51:81:A7:B2:43_22','2015-08-26 01:54:47','15','Battery'),('84:51:81:A7:B2:43_22','2015-08-26 01:54:47','','Message'),('84:51:81:A7:B2:43_22','2015-08-26 01:54:47','2','Movements'),('84:51:81:A7:B2:43_22','2015-08-26 01:54:47','4','Screen'),('84:51:81:A7:B2:43_22','2015-08-26 01:55:11','14','Battery'),('84:51:81:A7:B2:43_22','2015-08-26 01:55:11','a string','Message'),('84:51:81:A7:B2:43_22','2015-08-26 01:55:11','3','Movements'),('84:51:81:A7:B2:43_22','2015-08-26 01:55:11','1','Screen'),('84:51:81:A7:B2:43_22','2015-08-26 01:55:37','13','Battery'),('84:51:81:A7:B2:43_22','2015-08-26 01:55:37','a string','Message'),('84:51:81:A7:B2:43_22','2015-08-26 01:55:37','3','Movements'),('84:51:81:A7:B2:43_22','2015-08-26 01:55:37','1','Screen'),('84:51:81:A7:B2:43_23','2015-08-26 01:48:25','36','Battery'),('84:51:81:A7:B2:43_23','2015-08-26 01:48:25','','Message'),('84:51:81:A7:B2:43_23','2015-08-26 01:48:25','15','Movements'),('84:51:81:A7:B2:43_23','2015-08-26 01:48:25','3','Screen'),('84:51:81:A7:B2:43_23','2015-08-26 01:49:11','32','Battery'),('84:51:81:A7:B2:43_23','2015-08-26 01:49:11','a string','Message'),('84:51:81:A7:B2:43_23','2015-08-26 01:49:11','0','Movements'),('84:51:81:A7:B2:43_23','2015-08-26 01:49:11','7','Screen'),('84:51:81:A7:B2:43_23','2015-08-26 01:49:51','29','Battery'),('84:51:81:A7:B2:43_23','2015-08-26 01:49:51','','Message'),('84:51:81:A7:B2:43_23','2015-08-26 01:49:51','1','Movements'),('84:51:81:A7:B2:43_23','2015-08-26 01:49:51','4','Screen'),('84:51:81:A7:B2:43_23','2015-08-26 01:50:33','26','Battery'),('84:51:81:A7:B2:43_23','2015-08-26 01:50:33','a string','Message'),('84:51:81:A7:B2:43_23','2015-08-26 01:50:33','4','Movements'),('84:51:81:A7:B2:43_23','2015-08-26 01:50:33','0','Screen'),('84:51:81:A7:B2:43_23','2015-08-26 01:51:19','23','Battery'),('84:51:81:A7:B2:43_23','2015-08-26 01:51:19','a string','Message'),('84:51:81:A7:B2:43_23','2015-08-26 01:51:19','1','Movements'),('84:51:81:A7:B2:43_23','2015-08-26 01:51:19','1','Screen'),('84:51:81:A7:B2:43_23','2015-08-26 01:51:56','21','Battery'),('84:51:81:A7:B2:43_23','2015-08-26 01:51:56','','Message'),('84:51:81:A7:B2:43_23','2015-08-26 01:51:56','2','Movements'),('84:51:81:A7:B2:43_23','2015-08-26 01:51:56','2','Screen'),('84:51:81:A7:B2:43_23','2015-08-26 01:52:25','19','Battery'),('84:51:81:A7:B2:43_23','2015-08-26 01:52:25','','Message'),('84:51:81:A7:B2:43_23','2015-08-26 01:52:25','1','Movements'),('84:51:81:A7:B2:43_23','2015-08-26 01:52:25','4','Screen'),('84:51:81:A7:B2:43_23','2015-08-26 01:52:56','17','Battery'),('84:51:81:A7:B2:43_23','2015-08-26 01:52:56','a string','Message'),('84:51:81:A7:B2:43_23','2015-08-26 01:52:56','2','Movements'),('84:51:81:A7:B2:43_23','2015-08-26 01:52:56','5','Screen'),('84:51:81:A7:B2:43_23','2015-08-26 01:53:22','15','Battery'),('84:51:81:A7:B2:43_23','2015-08-26 01:53:22','','Message'),('84:51:81:A7:B2:43_23','2015-08-26 01:53:22','1','Movements'),('84:51:81:A7:B2:43_23','2015-08-26 01:53:22','6','Screen'),('84:51:81:A7:B2:43_23','2015-08-26 01:53:48','14','Battery'),('84:51:81:A7:B2:43_23','2015-08-26 01:53:48','a string','Message'),('84:51:81:A7:B2:43_23','2015-08-26 01:53:48','3','Movements'),('84:51:81:A7:B2:43_23','2015-08-26 01:53:48','3','Screen'),('84:51:81:A7:B2:43_23','2015-08-26 01:54:19','13','Battery'),('84:51:81:A7:B2:43_23','2015-08-26 01:54:19','a string','Message'),('84:51:81:A7:B2:43_23','2015-08-26 01:54:19','3','Movements'),('84:51:81:A7:B2:43_23','2015-08-26 01:54:19','0','Screen'),('84:51:81:A7:B2:43_23','2015-08-26 01:54:50','12','Battery'),('84:51:81:A7:B2:43_23','2015-08-26 01:54:50','','Message'),('84:51:81:A7:B2:43_23','2015-08-26 01:54:50','1','Movements'),('84:51:81:A7:B2:43_23','2015-08-26 01:54:50','3','Screen'),('84:51:81:A7:B2:43_23','2015-08-26 01:55:18','11','Battery'),('84:51:81:A7:B2:43_23','2015-08-26 01:55:18','','Message'),('84:51:81:A7:B2:43_23','2015-08-26 01:55:18','2','Movements'),('84:51:81:A7:B2:43_23','2015-08-26 01:55:18','0','Screen'),('84:51:81:A7:B2:43_23','2015-08-26 01:55:45','10','Battery'),('84:51:81:A7:B2:43_23','2015-08-26 01:55:45','','Message'),('84:51:81:A7:B2:43_23','2015-08-26 01:55:45','1','Movements'),('84:51:81:A7:B2:43_23','2015-08-26 01:55:45','4','Screen'),('84:51:81:A7:B2:43_23','2015-08-26 01:56:18','9','Battery'),('84:51:81:A7:B2:43_23','2015-08-26 01:56:18','a string','Message'),('84:51:81:A7:B2:43_23','2015-08-26 01:56:18','0','Movements'),('84:51:81:A7:B2:43_23','2015-08-26 01:56:18','3','Screen'),('84:51:81:A7:B2:43_23','2015-08-26 01:56:54','8','Battery'),('84:51:81:A7:B2:43_23','2015-08-26 01:56:54','a string','Message'),('84:51:81:A7:B2:43_23','2015-08-26 01:56:54','4','Movements'),('84:51:81:A7:B2:43_23','2015-08-26 01:56:54','6','Screen'),('84:51:81:A7:B2:43_23','2015-08-26 01:57:24','7','Battery'),('84:51:81:A7:B2:43_23','2015-08-26 01:57:24','','Message'),('84:51:81:A7:B2:43_23','2015-08-26 01:57:24','4','Movements'),('84:51:81:A7:B2:43_23','2015-08-26 01:57:24','1','Screen'),('84:51:81:A7:B2:43_23','2015-08-26 01:57:58','6','Battery'),('84:51:81:A7:B2:43_23','2015-08-26 01:57:58','a string','Message'),('84:51:81:A7:B2:43_23','2015-08-26 01:57:58','1','Movements'),('84:51:81:A7:B2:43_23','2015-08-26 01:57:58','9','Screen'),('84:51:81:A7:B2:43_23','2015-08-26 01:58:24','5','Battery'),('84:51:81:A7:B2:43_23','2015-08-26 01:58:24','','Message'),('84:51:81:A7:B2:43_23','2015-08-26 01:58:24','2','Movements'),('84:51:81:A7:B2:43_23','2015-08-26 01:58:24','0','Screen'),('84:51:81:A7:B2:43_23','2015-08-26 01:58:55','5','Battery'),('84:51:81:A7:B2:43_23','2015-08-26 01:58:55','a string','Message'),('84:51:81:A7:B2:43_23','2015-08-26 01:58:55','0','Movements'),('84:51:81:A7:B2:43_23','2015-08-26 01:58:55','3','Screen'),('84:51:81:A7:B2:43_23','2015-08-26 01:59:30','5','Battery'),('84:51:81:A7:B2:43_23','2015-08-26 01:59:30','a string','Message'),('84:51:81:A7:B2:43_23','2015-08-26 01:59:30','2','Movements'),('84:51:81:A7:B2:43_23','2015-08-26 01:59:30','0','Screen'),('84:51:81:A7:B2:43_23','2015-08-26 02:00:04','5','Battery'),('84:51:81:A7:B2:43_23','2015-08-26 02:00:04','','Message'),('84:51:81:A7:B2:43_23','2015-08-26 02:00:04','2','Movements'),('84:51:81:A7:B2:43_23','2015-08-26 02:00:04','4','Screen'),('84:51:81:A7:B2:43_24','2015-08-26 01:48:26','98','Battery'),('84:51:81:A7:B2:43_24','2015-08-26 01:48:26','','Message'),('84:51:81:A7:B2:43_24','2015-08-26 01:48:26','71','Movements'),('84:51:81:A7:B2:43_24','2015-08-26 01:48:26','59','Screen'),('84:51:81:A7:B2:43_24','2015-08-26 01:49:18','88','Battery'),('84:51:81:A7:B2:43_24','2015-08-26 01:49:18','','Message'),('84:51:81:A7:B2:43_24','2015-08-26 01:49:18','3','Movements'),('84:51:81:A7:B2:43_24','2015-08-26 01:49:18','1','Screen'),('84:51:81:A7:B2:43_24','2015-08-26 01:49:57','79','Battery'),('84:51:81:A7:B2:43_24','2015-08-26 01:49:57','','Message'),('84:51:81:A7:B2:43_24','2015-08-26 01:49:57','1','Movements'),('84:51:81:A7:B2:43_24','2015-08-26 01:49:57','3','Screen'),('84:51:81:A7:B2:43_24','2015-08-26 01:50:42','71','Battery'),('84:51:81:A7:B2:43_24','2015-08-26 01:50:42','a string','Message'),('84:51:81:A7:B2:43_24','2015-08-26 01:50:42','3','Movements'),('84:51:81:A7:B2:43_24','2015-08-26 01:50:42','7','Screen'),('84:51:81:A7:B2:43_24','2015-08-26 01:51:21','64','Battery'),('84:51:81:A7:B2:43_24','2015-08-26 01:51:21','','Message'),('84:51:81:A7:B2:43_24','2015-08-26 01:51:21','0','Movements'),('84:51:81:A7:B2:43_24','2015-08-26 01:51:21','3','Screen'),('84:51:81:A7:B2:43_24','2015-08-26 01:52:02','58','Battery'),('84:51:81:A7:B2:43_24','2015-08-26 01:52:02','a string','Message'),('84:51:81:A7:B2:43_24','2015-08-26 01:52:02','0','Movements'),('84:51:81:A7:B2:43_24','2015-08-26 01:52:02','2','Screen'),('84:51:81:A7:B2:43_24','2015-08-26 01:52:41','52','Battery'),('84:51:81:A7:B2:43_24','2015-08-26 01:52:41','a string','Message'),('84:51:81:A7:B2:43_24','2015-08-26 01:52:41','3','Movements'),('84:51:81:A7:B2:43_24','2015-08-26 01:52:41','6','Screen'),('84:51:81:A7:B2:43_24','2015-08-26 01:53:25','47','Battery'),('84:51:81:A7:B2:43_24','2015-08-26 01:53:25','','Message'),('84:51:81:A7:B2:43_24','2015-08-26 01:53:25','4','Movements'),('84:51:81:A7:B2:43_24','2015-08-26 01:53:25','1','Screen'),('84:51:81:A7:B2:43_24','2015-08-26 01:54:04','42','Battery'),('84:51:81:A7:B2:43_24','2015-08-26 01:54:04','','Message'),('84:51:81:A7:B2:43_24','2015-08-26 01:54:04','2','Movements'),('84:51:81:A7:B2:43_24','2015-08-26 01:54:04','5','Screen'),('84:51:81:A7:B2:43_24','2015-08-26 01:54:39','38','Battery'),('84:51:81:A7:B2:43_24','2015-08-26 01:54:39','','Message'),('84:51:81:A7:B2:43_24','2015-08-26 01:54:39','1','Movements'),('84:51:81:A7:B2:43_24','2015-08-26 01:54:39','9','Screen'),('84:51:81:A7:B2:43_24','2015-08-26 01:55:08','34','Battery'),('84:51:81:A7:B2:43_24','2015-08-26 01:55:08','','Message'),('84:51:81:A7:B2:43_24','2015-08-26 01:55:08','1','Movements'),('84:51:81:A7:B2:43_24','2015-08-26 01:55:08','9','Screen'),('84:51:81:A7:B2:43_24','2015-08-26 01:55:43','31','Battery'),('84:51:81:A7:B2:43_24','2015-08-26 01:55:43','a string','Message'),('84:51:81:A7:B2:43_24','2015-08-26 01:55:43','1','Movements'),('84:51:81:A7:B2:43_24','2015-08-26 01:55:43','3','Screen'),('84:51:81:A7:B2:43_24','2015-08-26 01:56:25','28','Battery'),('84:51:81:A7:B2:43_24','2015-08-26 01:56:25','a string','Message'),('84:51:81:A7:B2:43_24','2015-08-26 01:56:25','3','Movements'),('84:51:81:A7:B2:43_24','2015-08-26 01:56:25','5','Screen'),('84:51:81:A7:B2:43_24','2015-08-26 01:57:15','25','Battery'),('84:51:81:A7:B2:43_24','2015-08-26 01:57:15','a string','Message'),('84:51:81:A7:B2:43_24','2015-08-26 01:57:15','4','Movements'),('84:51:81:A7:B2:43_24','2015-08-26 01:57:15','4','Screen'),('84:51:81:A7:B2:43_24','2015-08-26 01:58:04','23','Battery'),('84:51:81:A7:B2:43_24','2015-08-26 01:58:04','','Message'),('84:51:81:A7:B2:43_24','2015-08-26 01:58:04','2','Movements'),('84:51:81:A7:B2:43_24','2015-08-26 01:58:04','9','Screen'),('84:51:81:A7:B2:43_24','2015-08-26 01:58:53','21','Battery'),('84:51:81:A7:B2:43_24','2015-08-26 01:58:53','a string','Message'),('84:51:81:A7:B2:43_24','2015-08-26 01:58:53','2','Movements'),('84:51:81:A7:B2:43_24','2015-08-26 01:58:53','1','Screen'),('84:51:81:A7:B2:43_24','2015-08-26 01:59:41','19','Battery'),('84:51:81:A7:B2:43_24','2015-08-26 01:59:41','','Message'),('84:51:81:A7:B2:43_24','2015-08-26 01:59:41','4','Movements'),('84:51:81:A7:B2:43_24','2015-08-26 01:59:41','1','Screen'),('84:51:81:A7:B2:43_25','2015-08-26 01:48:26','6','Battery'),('84:51:81:A7:B2:43_25','2015-08-26 01:48:26','','Message'),('84:51:81:A7:B2:43_25','2015-08-26 01:48:26','98','Movements'),('84:51:81:A7:B2:43_25','2015-08-26 01:48:26','25','Screen'),('84:51:81:A7:B2:43_25','2015-08-26 01:49:13','5','Battery'),('84:51:81:A7:B2:43_25','2015-08-26 01:49:13','a string','Message'),('84:51:81:A7:B2:43_25','2015-08-26 01:49:13','0','Movements'),('84:51:81:A7:B2:43_25','2015-08-26 01:49:13','7','Screen'),('84:51:81:A7:B2:43_25','2015-08-26 01:49:54','5','Battery'),('84:51:81:A7:B2:43_25','2015-08-26 01:49:54','','Message'),('84:51:81:A7:B2:43_25','2015-08-26 01:49:54','3','Movements'),('84:51:81:A7:B2:43_25','2015-08-26 01:49:54','6','Screen'),('84:51:81:A7:B2:43_25','2015-08-26 01:50:44','5','Battery'),('84:51:81:A7:B2:43_25','2015-08-26 01:50:44','a string','Message'),('84:51:81:A7:B2:43_25','2015-08-26 01:50:44','0','Movements'),('84:51:81:A7:B2:43_25','2015-08-26 01:50:44','2','Screen'),('84:51:81:A7:B2:43_25','2015-08-26 01:51:27','5','Battery'),('84:51:81:A7:B2:43_25','2015-08-26 01:51:27','','Message'),('84:51:81:A7:B2:43_25','2015-08-26 01:51:27','0','Movements'),('84:51:81:A7:B2:43_25','2015-08-26 01:51:27','8','Screen'),('84:51:81:A7:B2:43_25','2015-08-26 01:52:07','5','Battery'),('84:51:81:A7:B2:43_25','2015-08-26 01:52:07','','Message'),('84:51:81:A7:B2:43_25','2015-08-26 01:52:07','2','Movements'),('84:51:81:A7:B2:43_25','2015-08-26 01:52:07','4','Screen'),('84:51:81:A7:B2:43_25','2015-08-26 01:52:48','5','Battery'),('84:51:81:A7:B2:43_25','2015-08-26 01:52:48','a string','Message'),('84:51:81:A7:B2:43_25','2015-08-26 01:52:48','4','Movements'),('84:51:81:A7:B2:43_25','2015-08-26 01:52:48','7','Screen'),('84:51:81:A7:B2:43_25','2015-08-26 01:53:23','5','Battery'),('84:51:81:A7:B2:43_25','2015-08-26 01:53:23','','Message'),('84:51:81:A7:B2:43_25','2015-08-26 01:53:23','1','Movements'),('84:51:81:A7:B2:43_25','2015-08-26 01:53:23','8','Screen'),('84:51:81:A7:B2:43_25','2015-08-26 01:53:52','5','Battery'),('84:51:81:A7:B2:43_25','2015-08-26 01:53:52','','Message'),('84:51:81:A7:B2:43_25','2015-08-26 01:53:52','1','Movements'),('84:51:81:A7:B2:43_25','2015-08-26 01:53:52','9','Screen'),('84:51:81:A7:B2:43_25','2015-08-26 01:54:28','5','Battery'),('84:51:81:A7:B2:43_25','2015-08-26 01:54:28','a string','Message'),('84:51:81:A7:B2:43_25','2015-08-26 01:54:28','4','Movements'),('84:51:81:A7:B2:43_25','2015-08-26 01:54:28','1','Screen'),('84:51:81:A7:B2:43_25','2015-08-26 01:55:11','5','Battery'),('84:51:81:A7:B2:43_25','2015-08-26 01:55:11','a string','Message'),('84:51:81:A7:B2:43_25','2015-08-26 01:55:11','2','Movements'),('84:51:81:A7:B2:43_25','2015-08-26 01:55:11','9','Screen'),('84:51:81:A7:B2:43_25','2015-08-26 01:55:55','5','Battery'),('84:51:81:A7:B2:43_25','2015-08-26 01:55:55','','Message'),('84:51:81:A7:B2:43_25','2015-08-26 01:55:55','1','Movements'),('84:51:81:A7:B2:43_25','2015-08-26 01:55:55','1','Screen'),('84:51:81:A7:B2:43_25','2015-08-26 01:56:30','5','Battery'),('84:51:81:A7:B2:43_25','2015-08-26 01:56:30','','Message'),('84:51:81:A7:B2:43_25','2015-08-26 01:56:30','1','Movements'),('84:51:81:A7:B2:43_25','2015-08-26 01:56:30','8','Screen'),('84:51:81:A7:B2:43_26','2015-08-26 01:48:26','51','Battery'),('84:51:81:A7:B2:43_26','2015-08-26 01:48:26','','Message'),('84:51:81:A7:B2:43_26','2015-08-26 01:48:26','73','Movements'),('84:51:81:A7:B2:43_26','2015-08-26 01:48:26','50','Screen'),('84:51:81:A7:B2:43_26','2015-08-26 01:49:23','46','Battery'),('84:51:81:A7:B2:43_26','2015-08-26 01:49:23','a string','Message'),('84:51:81:A7:B2:43_26','2015-08-26 01:49:23','1','Movements'),('84:51:81:A7:B2:43_26','2015-08-26 01:49:23','8','Screen'),('84:51:81:A7:B2:43_26','2015-08-26 01:50:28','41','Battery'),('84:51:81:A7:B2:43_26','2015-08-26 01:50:28','a string','Message'),('84:51:81:A7:B2:43_26','2015-08-26 01:50:28','1','Movements'),('84:51:81:A7:B2:43_26','2015-08-26 01:50:28','2','Screen'),('84:51:81:A7:B2:43_26','2015-08-26 01:51:36','37','Battery'),('84:51:81:A7:B2:43_26','2015-08-26 01:51:36','a string','Message'),('84:51:81:A7:B2:43_26','2015-08-26 01:51:36','1','Movements'),('84:51:81:A7:B2:43_26','2015-08-26 01:51:36','2','Screen'),('84:51:81:A7:B2:43_26','2015-08-26 01:52:37','33','Battery'),('84:51:81:A7:B2:43_26','2015-08-26 01:52:37','','Message'),('84:51:81:A7:B2:43_26','2015-08-26 01:52:37','1','Movements'),('84:51:81:A7:B2:43_26','2015-08-26 01:52:37','8','Screen'),('84:51:81:A7:B2:43_26','2015-08-26 01:53:33','30','Battery'),('84:51:81:A7:B2:43_26','2015-08-26 01:53:33','a string','Message'),('84:51:81:A7:B2:43_26','2015-08-26 01:53:33','2','Movements'),('84:51:81:A7:B2:43_26','2015-08-26 01:53:33','5','Screen'),('84:51:81:A7:B2:43_26','2015-08-26 01:54:22','27','Battery'),('84:51:81:A7:B2:43_26','2015-08-26 01:54:22','','Message'),('84:51:81:A7:B2:43_26','2015-08-26 01:54:22','0','Movements'),('84:51:81:A7:B2:43_26','2015-08-26 01:54:22','8','Screen'),('84:51:81:A7:B2:43_26','2015-08-26 01:55:16','24','Battery'),('84:51:81:A7:B2:43_26','2015-08-26 01:55:16','a string','Message'),('84:51:81:A7:B2:43_26','2015-08-26 01:55:16','3','Movements'),('84:51:81:A7:B2:43_26','2015-08-26 01:55:16','5','Screen'),('84:51:81:A7:B2:43_26','2015-08-26 01:56:19','22','Battery'),('84:51:81:A7:B2:43_26','2015-08-26 01:56:19','a string','Message'),('84:51:81:A7:B2:43_26','2015-08-26 01:56:19','0','Movements'),('84:51:81:A7:B2:43_26','2015-08-26 01:56:19','7','Screen'),('84:51:81:A7:B2:43_26','2015-08-26 01:57:33','20','Battery'),('84:51:81:A7:B2:43_26','2015-08-26 01:57:33','a string','Message'),('84:51:81:A7:B2:43_26','2015-08-26 01:57:33','2','Movements'),('84:51:81:A7:B2:43_26','2015-08-26 01:57:33','5','Screen'),('84:51:81:A7:B2:43_26','2015-08-26 01:59:05','18','Battery'),('84:51:81:A7:B2:43_26','2015-08-26 01:59:05','a string','Message'),('84:51:81:A7:B2:43_26','2015-08-26 01:59:05','4','Movements'),('84:51:81:A7:B2:43_26','2015-08-26 01:59:05','2','Screen'),('84:51:81:A7:B2:43_26','2015-08-26 02:00:17','16','Battery'),('84:51:81:A7:B2:43_26','2015-08-26 02:00:17','','Message'),('84:51:81:A7:B2:43_26','2015-08-26 02:00:17','4','Movements'),('84:51:81:A7:B2:43_26','2015-08-26 02:00:17','2','Screen'),('84:51:81:A7:B2:43_26','2015-08-26 02:01:23','14','Battery'),('84:51:81:A7:B2:43_26','2015-08-26 02:01:23','','Message'),('84:51:81:A7:B2:43_26','2015-08-26 02:01:23','3','Movements'),('84:51:81:A7:B2:43_26','2015-08-26 02:01:23','6','Screen'),('84:51:81:A7:B2:43_26','2015-08-26 02:02:37','13','Battery'),('84:51:81:A7:B2:43_26','2015-08-26 02:02:37','a string','Message'),('84:51:81:A7:B2:43_26','2015-08-26 02:02:37','2','Movements'),('84:51:81:A7:B2:43_26','2015-08-26 02:02:37','5','Screen'),('84:51:81:A7:B2:43_26','2015-08-26 02:04:00','12','Battery'),('84:51:81:A7:B2:43_26','2015-08-26 02:04:00','a string','Message'),('84:51:81:A7:B2:43_26','2015-08-26 02:04:00','4','Movements'),('84:51:81:A7:B2:43_26','2015-08-26 02:04:00','0','Screen'),('84:51:81:A7:B2:43_26','2015-08-26 02:05:37','11','Battery'),('84:51:81:A7:B2:43_26','2015-08-26 02:05:37','a string','Message'),('84:51:81:A7:B2:43_26','2015-08-26 02:05:37','4','Movements'),('84:51:81:A7:B2:43_26','2015-08-26 02:05:37','6','Screen'),('84:51:81:A7:B2:43_26','2015-08-26 02:07:31','10','Battery'),('84:51:81:A7:B2:43_26','2015-08-26 02:07:31','a string','Message'),('84:51:81:A7:B2:43_26','2015-08-26 02:07:31','2','Movements'),('84:51:81:A7:B2:43_26','2015-08-26 02:07:31','5','Screen'),('84:51:81:A7:B2:43_26','2015-08-26 02:09:41','9','Battery'),('84:51:81:A7:B2:43_26','2015-08-26 02:09:41','a string','Message'),('84:51:81:A7:B2:43_26','2015-08-26 02:09:41','2','Movements'),('84:51:81:A7:B2:43_26','2015-08-26 02:09:41','4','Screen'),('84:51:81:A7:B2:43_27','2015-08-26 01:48:26','36','Battery'),('84:51:81:A7:B2:43_27','2015-08-26 01:48:26','','Message'),('84:51:81:A7:B2:43_27','2015-08-26 01:48:26','58','Movements'),('84:51:81:A7:B2:43_27','2015-08-26 01:48:26','46','Screen'),('84:51:81:A7:B2:43_27','2015-08-26 01:49:38','32','Battery'),('84:51:81:A7:B2:43_27','2015-08-26 01:49:38','a string','Message'),('84:51:81:A7:B2:43_27','2015-08-26 01:49:38','0','Movements'),('84:51:81:A7:B2:43_27','2015-08-26 01:49:38','2','Screen'),('84:51:81:A7:B2:43_27','2015-08-26 01:50:45','29','Battery'),('84:51:81:A7:B2:43_27','2015-08-26 01:50:45','','Message'),('84:51:81:A7:B2:43_27','2015-08-26 01:50:45','1','Movements'),('84:51:81:A7:B2:43_27','2015-08-26 01:50:45','8','Screen'),('84:51:81:A7:B2:43_27','2015-08-26 01:51:45','26','Battery'),('84:51:81:A7:B2:43_27','2015-08-26 01:51:45','','Message'),('84:51:81:A7:B2:43_27','2015-08-26 01:51:45','1','Movements'),('84:51:81:A7:B2:43_27','2015-08-26 01:51:45','8','Screen'),('84:51:81:A7:B2:43_27','2015-08-26 01:52:39','23','Battery'),('84:51:81:A7:B2:43_27','2015-08-26 01:52:39','','Message'),('84:51:81:A7:B2:43_27','2015-08-26 01:52:39','2','Movements'),('84:51:81:A7:B2:43_27','2015-08-26 01:52:39','1','Screen'),('84:51:81:A7:B2:43_27','2015-08-26 01:53:24','21','Battery'),('84:51:81:A7:B2:43_27','2015-08-26 01:53:24','','Message'),('84:51:81:A7:B2:43_27','2015-08-26 01:53:24','1','Movements'),('84:51:81:A7:B2:43_27','2015-08-26 01:53:24','8','Screen'),('84:51:81:A7:B2:43_27','2015-08-26 01:54:02','19','Battery'),('84:51:81:A7:B2:43_27','2015-08-26 01:54:02','','Message'),('84:51:81:A7:B2:43_27','2015-08-26 01:54:02','1','Movements'),('84:51:81:A7:B2:43_27','2015-08-26 01:54:02','8','Screen'),('84:51:81:A7:B2:43_27','2015-08-26 01:54:33','17','Battery'),('84:51:81:A7:B2:43_27','2015-08-26 01:54:33','','Message'),('84:51:81:A7:B2:43_27','2015-08-26 01:54:33','1','Movements'),('84:51:81:A7:B2:43_27','2015-08-26 01:54:33','4','Screen'),('84:51:81:A7:B2:43_27','2015-08-26 01:55:03','15','Battery'),('84:51:81:A7:B2:43_27','2015-08-26 01:55:03','','Message'),('84:51:81:A7:B2:43_27','2015-08-26 01:55:03','4','Movements'),('84:51:81:A7:B2:43_27','2015-08-26 01:55:03','1','Screen'),('84:51:81:A7:B2:43_27','2015-08-26 01:55:33','14','Battery'),('84:51:81:A7:B2:43_27','2015-08-26 01:55:33','','Message'),('84:51:81:A7:B2:43_27','2015-08-26 01:55:33','0','Movements'),('84:51:81:A7:B2:43_27','2015-08-26 01:55:33','3','Screen'),('84:51:81:A7:B2:43_27','2015-08-26 01:56:01','13','Battery'),('84:51:81:A7:B2:43_27','2015-08-26 01:56:01','','Message'),('84:51:81:A7:B2:43_27','2015-08-26 01:56:01','4','Movements'),('84:51:81:A7:B2:43_27','2015-08-26 01:56:01','2','Screen'),('84:51:81:A7:B2:43_27','2015-08-26 01:56:34','12','Battery'),('84:51:81:A7:B2:43_27','2015-08-26 01:56:34','a string','Message'),('84:51:81:A7:B2:43_27','2015-08-26 01:56:34','1','Movements'),('84:51:81:A7:B2:43_27','2015-08-26 01:56:34','8','Screen'),('84:51:81:A7:B2:43_27','2015-08-26 01:57:01','11','Battery'),('84:51:81:A7:B2:43_27','2015-08-26 01:57:01','','Message'),('84:51:81:A7:B2:43_27','2015-08-26 01:57:01','4','Movements'),('84:51:81:A7:B2:43_27','2015-08-26 01:57:01','7','Screen'),('84:51:81:A7:B2:43_27','2015-08-26 01:57:32','10','Battery'),('84:51:81:A7:B2:43_27','2015-08-26 01:57:32','a string','Message'),('84:51:81:A7:B2:43_27','2015-08-26 01:57:32','0','Movements'),('84:51:81:A7:B2:43_27','2015-08-26 01:57:32','7','Screen'),('84:51:81:A7:B2:43_28','2015-08-26 01:48:26','61','Battery'),('84:51:81:A7:B2:43_28','2015-08-26 01:48:26','a string','Message'),('84:51:81:A7:B2:43_28','2015-08-26 01:48:26','74','Movements'),('84:51:81:A7:B2:43_28','2015-08-26 01:48:26','5','Screen'),('84:51:81:A7:B2:43_28','2015-08-26 01:49:32','55','Battery'),('84:51:81:A7:B2:43_28','2015-08-26 01:49:32','a string','Message'),('84:51:81:A7:B2:43_28','2015-08-26 01:49:32','0','Movements'),('84:51:81:A7:B2:43_28','2015-08-26 01:49:32','6','Screen'),('84:51:81:A7:B2:43_28','2015-08-26 01:50:43','50','Battery'),('84:51:81:A7:B2:43_28','2015-08-26 01:50:43','a string','Message'),('84:51:81:A7:B2:43_28','2015-08-26 01:50:43','1','Movements'),('84:51:81:A7:B2:43_28','2015-08-26 01:50:43','0','Screen'),('84:51:81:A7:B2:43_28','2015-08-26 01:51:45','45','Battery'),('84:51:81:A7:B2:43_28','2015-08-26 01:51:45','a string','Message'),('84:51:81:A7:B2:43_28','2015-08-26 01:51:45','0','Movements'),('84:51:81:A7:B2:43_28','2015-08-26 01:51:45','6','Screen'),('84:51:81:A7:B2:43_28','2015-08-26 01:52:57','41','Battery'),('84:51:81:A7:B2:43_28','2015-08-26 01:52:57','a string','Message'),('84:51:81:A7:B2:43_28','2015-08-26 01:52:57','4','Movements'),('84:51:81:A7:B2:43_28','2015-08-26 01:52:57','5','Screen'),('84:51:81:A7:B2:43_28','2015-08-26 01:54:26','37','Battery'),('84:51:81:A7:B2:43_28','2015-08-26 01:54:26','a string','Message'),('84:51:81:A7:B2:43_28','2015-08-26 01:54:26','0','Movements'),('84:51:81:A7:B2:43_28','2015-08-26 01:54:26','4','Screen'),('84:51:81:A7:B2:43_28','2015-08-26 01:55:42','33','Battery'),('84:51:81:A7:B2:43_28','2015-08-26 01:55:42','a string','Message'),('84:51:81:A7:B2:43_28','2015-08-26 01:55:42','0','Movements'),('84:51:81:A7:B2:43_28','2015-08-26 01:55:42','8','Screen'),('84:51:81:A7:B2:43_28','2015-08-26 01:56:55','30','Battery'),('84:51:81:A7:B2:43_28','2015-08-26 01:56:55','','Message'),('84:51:81:A7:B2:43_28','2015-08-26 01:56:55','1','Movements'),('84:51:81:A7:B2:43_28','2015-08-26 01:56:55','0','Screen'),('84:51:81:A7:B2:43_28','2015-08-26 01:57:56','27','Battery'),('84:51:81:A7:B2:43_28','2015-08-26 01:57:56','a string','Message'),('84:51:81:A7:B2:43_28','2015-08-26 01:57:56','2','Movements'),('84:51:81:A7:B2:43_28','2015-08-26 01:57:56','2','Screen'),('84:51:81:A7:B2:43_28','2015-08-26 01:58:48','24','Battery'),('84:51:81:A7:B2:43_28','2015-08-26 01:58:48','','Message'),('84:51:81:A7:B2:43_28','2015-08-26 01:58:48','1','Movements'),('84:51:81:A7:B2:43_28','2015-08-26 01:58:48','0','Screen'),('84:51:81:A7:B2:43_28','2015-08-26 01:59:46','22','Battery'),('84:51:81:A7:B2:43_28','2015-08-26 01:59:46','a string','Message'),('84:51:81:A7:B2:43_28','2015-08-26 01:59:46','2','Movements'),('84:51:81:A7:B2:43_28','2015-08-26 01:59:46','0','Screen'),('84:51:81:A7:B2:43_28','2015-08-26 02:00:54','20','Battery'),('84:51:81:A7:B2:43_28','2015-08-26 02:00:54','','Message'),('84:51:81:A7:B2:43_28','2015-08-26 02:00:54','1','Movements'),('84:51:81:A7:B2:43_28','2015-08-26 02:00:54','6','Screen'),('84:51:81:A7:B2:43_29','2015-08-26 01:48:26','32','Battery'),('84:51:81:A7:B2:43_29','2015-08-26 01:48:26','','Message'),('84:51:81:A7:B2:43_29','2015-08-26 01:48:26','61','Movements'),('84:51:81:A7:B2:43_29','2015-08-26 01:48:26','29','Screen'),('84:51:81:A7:B2:43_29','2015-08-26 01:49:22','29','Battery'),('84:51:81:A7:B2:43_29','2015-08-26 01:49:22','','Message'),('84:51:81:A7:B2:43_29','2015-08-26 01:49:22','2','Movements'),('84:51:81:A7:B2:43_29','2015-08-26 01:49:22','5','Screen'),('84:51:81:A7:B2:43_29','2015-08-26 01:50:23','26','Battery'),('84:51:81:A7:B2:43_29','2015-08-26 01:50:23','a string','Message'),('84:51:81:A7:B2:43_29','2015-08-26 01:50:23','3','Movements'),('84:51:81:A7:B2:43_29','2015-08-26 01:50:23','0','Screen'),('84:51:81:A7:B2:43_29','2015-08-26 01:51:27','23','Battery'),('84:51:81:A7:B2:43_29','2015-08-26 01:51:27','a string','Message'),('84:51:81:A7:B2:43_29','2015-08-26 01:51:27','1','Movements'),('84:51:81:A7:B2:43_29','2015-08-26 01:51:27','3','Screen'),('84:51:81:A7:B2:43_29','2015-08-26 01:52:29','21','Battery'),('84:51:81:A7:B2:43_29','2015-08-26 01:52:29','','Message'),('84:51:81:A7:B2:43_29','2015-08-26 01:52:29','3','Movements'),('84:51:81:A7:B2:43_29','2015-08-26 01:52:29','1','Screen'),('84:51:81:A7:B2:43_29','2015-08-26 01:53:39','19','Battery'),('84:51:81:A7:B2:43_29','2015-08-26 01:53:39','a string','Message'),('84:51:81:A7:B2:43_29','2015-08-26 01:53:39','4','Movements'),('84:51:81:A7:B2:43_29','2015-08-26 01:53:39','7','Screen'),('84:51:81:A7:B2:43_29','2015-08-26 01:54:52','17','Battery'),('84:51:81:A7:B2:43_29','2015-08-26 01:54:52','a string','Message'),('84:51:81:A7:B2:43_29','2015-08-26 01:54:52','1','Movements'),('84:51:81:A7:B2:43_29','2015-08-26 01:54:52','3','Screen'),('84:51:81:A7:B2:43_29','2015-08-26 01:56:15','15','Battery'),('84:51:81:A7:B2:43_29','2015-08-26 01:56:15','a string','Message'),('84:51:81:A7:B2:43_29','2015-08-26 01:56:15','0','Movements'),('84:51:81:A7:B2:43_29','2015-08-26 01:56:15','7','Screen'),('84:51:81:A7:B2:43_29','2015-08-26 01:57:36','14','Battery'),('84:51:81:A7:B2:43_29','2015-08-26 01:57:36','','Message'),('84:51:81:A7:B2:43_29','2015-08-26 01:57:36','2','Movements'),('84:51:81:A7:B2:43_29','2015-08-26 01:57:36','5','Screen'),('84:51:81:A7:B2:43_29','2015-08-26 01:59:15','13','Battery'),('84:51:81:A7:B2:43_29','2015-08-26 01:59:15','a string','Message'),('84:51:81:A7:B2:43_29','2015-08-26 01:59:15','0','Movements'),('84:51:81:A7:B2:43_29','2015-08-26 01:59:15','7','Screen'),('84:51:81:A7:B2:43_29','2015-08-26 02:00:38','12','Battery'),('84:51:81:A7:B2:43_29','2015-08-26 02:00:38','','Message'),('84:51:81:A7:B2:43_29','2015-08-26 02:00:38','1','Movements'),('84:51:81:A7:B2:43_29','2015-08-26 02:00:38','5','Screen'),('84:51:81:A7:B2:43_29','2015-08-26 02:01:50','11','Battery'),('84:51:81:A7:B2:43_29','2015-08-26 02:01:50','','Message'),('84:51:81:A7:B2:43_29','2015-08-26 02:01:50','2','Movements'),('84:51:81:A7:B2:43_29','2015-08-26 02:01:50','2','Screen'),('84:51:81:A7:B2:43_29','2015-08-26 02:02:55','10','Battery'),('84:51:81:A7:B2:43_29','2015-08-26 02:02:55','','Message'),('84:51:81:A7:B2:43_29','2015-08-26 02:02:55','0','Movements'),('84:51:81:A7:B2:43_29','2015-08-26 02:02:55','8','Screen'),('84:51:81:A7:B2:43_29','2015-08-26 02:04:12','9','Battery'),('84:51:81:A7:B2:43_29','2015-08-26 02:04:12','','Message'),('84:51:81:A7:B2:43_29','2015-08-26 02:04:12','1','Movements'),('84:51:81:A7:B2:43_29','2015-08-26 02:04:12','6','Screen'),('84:51:81:A7:B2:43_29','2015-08-26 02:05:19','8','Battery'),('84:51:81:A7:B2:43_29','2015-08-26 02:05:19','','Message'),('84:51:81:A7:B2:43_29','2015-08-26 02:05:19','2','Movements'),('84:51:81:A7:B2:43_29','2015-08-26 02:05:19','1','Screen'),('84:51:81:A7:B2:43_29','2015-08-26 02:06:09','7','Battery'),('84:51:81:A7:B2:43_29','2015-08-26 02:06:09','','Message'),('84:51:81:A7:B2:43_29','2015-08-26 02:06:09','2','Movements'),('84:51:81:A7:B2:43_29','2015-08-26 02:06:09','1','Screen'),('84:51:81:A7:B2:43_29','2015-08-26 02:07:05','6','Battery'),('84:51:81:A7:B2:43_29','2015-08-26 02:07:05','','Message'),('84:51:81:A7:B2:43_29','2015-08-26 02:07:05','2','Movements'),('84:51:81:A7:B2:43_29','2015-08-26 02:07:05','3','Screen'),('84:51:81:A7:B2:43_29','2015-08-26 02:08:14','5','Battery'),('84:51:81:A7:B2:43_29','2015-08-26 02:08:14','a string','Message'),('84:51:81:A7:B2:43_29','2015-08-26 02:08:14','4','Movements'),('84:51:81:A7:B2:43_29','2015-08-26 02:08:14','2','Screen'),('84:51:81:A7:B2:43_29','2015-08-26 02:09:18','5','Battery'),('84:51:81:A7:B2:43_29','2015-08-26 02:09:18','','Message'),('84:51:81:A7:B2:43_29','2015-08-26 02:09:18','0','Movements'),('84:51:81:A7:B2:43_29','2015-08-26 02:09:18','2','Screen'),('84:51:81:A7:B2:43_29','2015-08-26 02:10:20','5','Battery'),('84:51:81:A7:B2:43_29','2015-08-26 02:10:20','','Message'),('84:51:81:A7:B2:43_29','2015-08-26 02:10:20','2','Movements'),('84:51:81:A7:B2:43_29','2015-08-26 02:10:20','2','Screen'),('84:51:81:A7:B2:43_29','2015-08-26 02:11:18','5','Battery'),('84:51:81:A7:B2:43_29','2015-08-26 02:11:18','','Message'),('84:51:81:A7:B2:43_29','2015-08-26 02:11:18','4','Movements'),('84:51:81:A7:B2:43_29','2015-08-26 02:11:18','4','Screen'),('84:51:81:A7:B2:43_29','2015-08-26 02:12:12','5','Battery'),('84:51:81:A7:B2:43_29','2015-08-26 02:12:12','','Message'),('84:51:81:A7:B2:43_29','2015-08-26 02:12:12','0','Movements'),('84:51:81:A7:B2:43_29','2015-08-26 02:12:12','0','Screen'),('84:51:81:A7:B2:43_29','2015-08-26 02:12:54','5','Battery'),('84:51:81:A7:B2:43_29','2015-08-26 02:12:54','','Message'),('84:51:81:A7:B2:43_29','2015-08-26 02:12:54','4','Movements'),('84:51:81:A7:B2:43_29','2015-08-26 02:12:54','9','Screen'),('84:51:81:A7:B2:43_29','2015-08-26 02:13:35','5','Battery'),('84:51:81:A7:B2:43_29','2015-08-26 02:13:35','','Message'),('84:51:81:A7:B2:43_29','2015-08-26 02:13:35','4','Movements'),('84:51:81:A7:B2:43_29','2015-08-26 02:13:35','1','Screen'),('84:51:81:A7:B2:43_29','2015-08-26 02:14:20','5','Battery'),('84:51:81:A7:B2:43_29','2015-08-26 02:14:20','a string','Message'),('84:51:81:A7:B2:43_29','2015-08-26 02:14:20','2','Movements'),('84:51:81:A7:B2:43_29','2015-08-26 02:14:20','0','Screen'),('84:51:81:A7:B2:43_29','2015-08-26 02:14:56','5','Battery'),('84:51:81:A7:B2:43_29','2015-08-26 02:14:56','','Message'),('84:51:81:A7:B2:43_29','2015-08-26 02:14:56','0','Movements'),('84:51:81:A7:B2:43_29','2015-08-26 02:14:56','2','Screen'),('84:51:81:A7:B2:43_3','2015-08-26 01:48:24','55','Battery'),('84:51:81:A7:B2:43_3','2015-08-26 01:48:24','','Message'),('84:51:81:A7:B2:43_3','2015-08-26 01:48:24','9','Movements'),('84:51:81:A7:B2:43_3','2015-08-26 01:48:24','16','Screen'),('84:51:81:A7:B2:43_3','2015-08-26 01:49:11','50','Battery'),('84:51:81:A7:B2:43_3','2015-08-26 01:49:11','','Message'),('84:51:81:A7:B2:43_3','2015-08-26 01:49:11','1','Movements'),('84:51:81:A7:B2:43_3','2015-08-26 01:49:11','3','Screen'),('84:51:81:A7:B2:43_3','2015-08-26 01:49:49','45','Battery'),('84:51:81:A7:B2:43_3','2015-08-26 01:49:49','','Message'),('84:51:81:A7:B2:43_3','2015-08-26 01:49:49','3','Movements'),('84:51:81:A7:B2:43_3','2015-08-26 01:49:49','1','Screen'),('84:51:81:A7:B2:43_3','2015-08-26 01:50:19','41','Battery'),('84:51:81:A7:B2:43_3','2015-08-26 01:50:19','a string','Message'),('84:51:81:A7:B2:43_3','2015-08-26 01:50:19','0','Movements'),('84:51:81:A7:B2:43_3','2015-08-26 01:50:19','8','Screen'),('84:51:81:A7:B2:43_3','2015-08-26 01:50:45','37','Battery'),('84:51:81:A7:B2:43_3','2015-08-26 01:50:45','','Message'),('84:51:81:A7:B2:43_3','2015-08-26 01:50:45','2','Movements'),('84:51:81:A7:B2:43_3','2015-08-26 01:50:45','9','Screen'),('84:51:81:A7:B2:43_3','2015-08-26 01:51:14','33','Battery'),('84:51:81:A7:B2:43_3','2015-08-26 01:51:14','a string','Message'),('84:51:81:A7:B2:43_3','2015-08-26 01:51:14','3','Movements'),('84:51:81:A7:B2:43_3','2015-08-26 01:51:14','5','Screen'),('84:51:81:A7:B2:43_3','2015-08-26 01:51:44','30','Battery'),('84:51:81:A7:B2:43_3','2015-08-26 01:51:44','a string','Message'),('84:51:81:A7:B2:43_3','2015-08-26 01:51:44','4','Movements'),('84:51:81:A7:B2:43_3','2015-08-26 01:51:44','1','Screen'),('84:51:81:A7:B2:43_3','2015-08-26 01:52:15','27','Battery'),('84:51:81:A7:B2:43_3','2015-08-26 01:52:15','a string','Message'),('84:51:81:A7:B2:43_3','2015-08-26 01:52:15','0','Movements'),('84:51:81:A7:B2:43_3','2015-08-26 01:52:15','3','Screen'),('84:51:81:A7:B2:43_3','2015-08-26 01:52:51','24','Battery'),('84:51:81:A7:B2:43_3','2015-08-26 01:52:51','a string','Message'),('84:51:81:A7:B2:43_3','2015-08-26 01:52:51','3','Movements'),('84:51:81:A7:B2:43_3','2015-08-26 01:52:51','0','Screen'),('84:51:81:A7:B2:43_3','2015-08-26 01:53:32','22','Battery'),('84:51:81:A7:B2:43_3','2015-08-26 01:53:32','a string','Message'),('84:51:81:A7:B2:43_3','2015-08-26 01:53:32','3','Movements'),('84:51:81:A7:B2:43_3','2015-08-26 01:53:32','0','Screen'),('84:51:81:A7:B2:43_3','2015-08-26 01:54:03','20','Battery'),('84:51:81:A7:B2:43_3','2015-08-26 01:54:03','','Message'),('84:51:81:A7:B2:43_3','2015-08-26 01:54:03','4','Movements'),('84:51:81:A7:B2:43_3','2015-08-26 01:54:03','6','Screen'),('84:51:81:A7:B2:43_3','2015-08-26 01:54:27','18','Battery'),('84:51:81:A7:B2:43_3','2015-08-26 01:54:27','','Message'),('84:51:81:A7:B2:43_3','2015-08-26 01:54:27','0','Movements'),('84:51:81:A7:B2:43_3','2015-08-26 01:54:27','2','Screen'),('84:51:81:A7:B2:43_3','2015-08-26 01:54:57','16','Battery'),('84:51:81:A7:B2:43_3','2015-08-26 01:54:57','a string','Message'),('84:51:81:A7:B2:43_3','2015-08-26 01:54:57','3','Movements'),('84:51:81:A7:B2:43_3','2015-08-26 01:54:57','0','Screen'),('84:51:81:A7:B2:43_3','2015-08-26 01:55:23','14','Battery'),('84:51:81:A7:B2:43_3','2015-08-26 01:55:23','','Message'),('84:51:81:A7:B2:43_3','2015-08-26 01:55:23','4','Movements'),('84:51:81:A7:B2:43_3','2015-08-26 01:55:23','2','Screen'),('84:51:81:A7:B2:43_3','2015-08-26 01:55:46','13','Battery'),('84:51:81:A7:B2:43_3','2015-08-26 01:55:46','','Message'),('84:51:81:A7:B2:43_3','2015-08-26 01:55:46','1','Movements'),('84:51:81:A7:B2:43_3','2015-08-26 01:55:46','8','Screen'),('84:51:81:A7:B2:43_3','2015-08-26 01:56:05','12','Battery'),('84:51:81:A7:B2:43_3','2015-08-26 01:56:05','','Message'),('84:51:81:A7:B2:43_3','2015-08-26 01:56:05','4','Movements'),('84:51:81:A7:B2:43_3','2015-08-26 01:56:05','2','Screen'),('84:51:81:A7:B2:43_3','2015-08-26 01:56:20','11','Battery'),('84:51:81:A7:B2:43_3','2015-08-26 01:56:20','','Message'),('84:51:81:A7:B2:43_3','2015-08-26 01:56:20','4','Movements'),('84:51:81:A7:B2:43_3','2015-08-26 01:56:20','2','Screen'),('84:51:81:A7:B2:43_3','2015-08-26 01:56:32','10','Battery'),('84:51:81:A7:B2:43_3','2015-08-26 01:56:32','','Message'),('84:51:81:A7:B2:43_3','2015-08-26 01:56:32','0','Movements'),('84:51:81:A7:B2:43_3','2015-08-26 01:56:32','7','Screen'),('84:51:81:A7:B2:43_3','2015-08-26 01:56:46','9','Battery'),('84:51:81:A7:B2:43_3','2015-08-26 01:56:46','a string','Message'),('84:51:81:A7:B2:43_3','2015-08-26 01:56:46','2','Movements'),('84:51:81:A7:B2:43_3','2015-08-26 01:56:46','4','Screen'),('84:51:81:A7:B2:43_3','2015-08-26 01:57:03','8','Battery'),('84:51:81:A7:B2:43_3','2015-08-26 01:57:03','a string','Message'),('84:51:81:A7:B2:43_3','2015-08-26 01:57:03','1','Movements'),('84:51:81:A7:B2:43_3','2015-08-26 01:57:03','0','Screen'),('84:51:81:A7:B2:43_3','2015-08-26 01:57:17','7','Battery'),('84:51:81:A7:B2:43_3','2015-08-26 01:57:17','','Message'),('84:51:81:A7:B2:43_3','2015-08-26 01:57:17','2','Movements'),('84:51:81:A7:B2:43_3','2015-08-26 01:57:17','9','Screen'),('84:51:81:A7:B2:43_4','2015-08-26 01:48:24','82','Battery'),('84:51:81:A7:B2:43_4','2015-08-26 01:48:24','','Message'),('84:51:81:A7:B2:43_4','2015-08-26 01:48:24','125','Movements'),('84:51:81:A7:B2:43_4','2015-08-26 01:48:24','2','Screen'),('84:51:81:A7:B2:43_4','2015-08-26 01:49:19','74','Battery'),('84:51:81:A7:B2:43_4','2015-08-26 01:49:19','','Message'),('84:51:81:A7:B2:43_4','2015-08-26 01:49:19','4','Movements'),('84:51:81:A7:B2:43_4','2015-08-26 01:49:19','5','Screen'),('84:51:81:A7:B2:43_4','2015-08-26 01:50:17','67','Battery'),('84:51:81:A7:B2:43_4','2015-08-26 01:50:17','a string','Message'),('84:51:81:A7:B2:43_4','2015-08-26 01:50:17','2','Movements'),('84:51:81:A7:B2:43_4','2015-08-26 01:50:17','9','Screen'),('84:51:81:A7:B2:43_4','2015-08-26 01:51:16','60','Battery'),('84:51:81:A7:B2:43_4','2015-08-26 01:51:16','a string','Message'),('84:51:81:A7:B2:43_4','2015-08-26 01:51:16','4','Movements'),('84:51:81:A7:B2:43_4','2015-08-26 01:51:16','2','Screen'),('84:51:81:A7:B2:43_4','2015-08-26 01:52:13','54','Battery'),('84:51:81:A7:B2:43_4','2015-08-26 01:52:13','','Message'),('84:51:81:A7:B2:43_4','2015-08-26 01:52:13','0','Movements'),('84:51:81:A7:B2:43_4','2015-08-26 01:52:13','1','Screen'),('84:51:81:A7:B2:43_4','2015-08-26 01:53:09','49','Battery'),('84:51:81:A7:B2:43_4','2015-08-26 01:53:09','','Message'),('84:51:81:A7:B2:43_4','2015-08-26 01:53:09','1','Movements'),('84:51:81:A7:B2:43_4','2015-08-26 01:53:09','8','Screen'),('84:51:81:A7:B2:43_4','2015-08-26 01:53:51','44','Battery'),('84:51:81:A7:B2:43_4','2015-08-26 01:53:51','','Message'),('84:51:81:A7:B2:43_4','2015-08-26 01:53:51','4','Movements'),('84:51:81:A7:B2:43_4','2015-08-26 01:53:51','1','Screen'),('84:51:81:A7:B2:43_4','2015-08-26 01:54:42','40','Battery'),('84:51:81:A7:B2:43_4','2015-08-26 01:54:42','a string','Message'),('84:51:81:A7:B2:43_4','2015-08-26 01:54:42','4','Movements'),('84:51:81:A7:B2:43_4','2015-08-26 01:54:42','6','Screen'),('84:51:81:A7:B2:43_4','2015-08-26 01:55:26','36','Battery'),('84:51:81:A7:B2:43_4','2015-08-26 01:55:26','','Message'),('84:51:81:A7:B2:43_4','2015-08-26 01:55:26','2','Movements'),('84:51:81:A7:B2:43_4','2015-08-26 01:55:26','0','Screen'),('84:51:81:A7:B2:43_4','2015-08-26 01:56:04','32','Battery'),('84:51:81:A7:B2:43_4','2015-08-26 01:56:04','','Message'),('84:51:81:A7:B2:43_4','2015-08-26 01:56:04','4','Movements'),('84:51:81:A7:B2:43_4','2015-08-26 01:56:04','7','Screen'),('84:51:81:A7:B2:43_4','2015-08-26 01:56:36','29','Battery'),('84:51:81:A7:B2:43_4','2015-08-26 01:56:36','','Message'),('84:51:81:A7:B2:43_4','2015-08-26 01:56:36','1','Movements'),('84:51:81:A7:B2:43_4','2015-08-26 01:56:36','3','Screen'),('84:51:81:A7:B2:43_4','2015-08-26 01:57:01','26','Battery'),('84:51:81:A7:B2:43_4','2015-08-26 01:57:01','','Message'),('84:51:81:A7:B2:43_4','2015-08-26 01:57:01','3','Movements'),('84:51:81:A7:B2:43_4','2015-08-26 01:57:01','5','Screen'),('84:51:81:A7:B2:43_4','2015-08-26 01:57:21','23','Battery'),('84:51:81:A7:B2:43_4','2015-08-26 01:57:21','','Message'),('84:51:81:A7:B2:43_4','2015-08-26 01:57:21','0','Movements'),('84:51:81:A7:B2:43_4','2015-08-26 01:57:21','2','Screen'),('84:51:81:A7:B2:43_4','2015-08-26 01:57:40','21','Battery'),('84:51:81:A7:B2:43_4','2015-08-26 01:57:40','','Message'),('84:51:81:A7:B2:43_4','2015-08-26 01:57:40','1','Movements'),('84:51:81:A7:B2:43_4','2015-08-26 01:57:40','4','Screen'),('84:51:81:A7:B2:43_4','2015-08-26 01:57:57','19','Battery'),('84:51:81:A7:B2:43_4','2015-08-26 01:57:57','','Message'),('84:51:81:A7:B2:43_4','2015-08-26 01:57:57','0','Movements'),('84:51:81:A7:B2:43_4','2015-08-26 01:57:57','8','Screen'),('84:51:81:A7:B2:43_4','2015-08-26 01:58:15','17','Battery'),('84:51:81:A7:B2:43_4','2015-08-26 01:58:15','a string','Message'),('84:51:81:A7:B2:43_4','2015-08-26 01:58:15','2','Movements'),('84:51:81:A7:B2:43_4','2015-08-26 01:58:15','4','Screen'),('84:51:81:A7:B2:43_4','2015-08-26 01:58:33','15','Battery'),('84:51:81:A7:B2:43_4','2015-08-26 01:58:33','a string','Message'),('84:51:81:A7:B2:43_4','2015-08-26 01:58:33','2','Movements'),('84:51:81:A7:B2:43_4','2015-08-26 01:58:33','4','Screen'),('84:51:81:A7:B2:43_4','2015-08-26 01:58:51','14','Battery'),('84:51:81:A7:B2:43_4','2015-08-26 01:58:51','a string','Message'),('84:51:81:A7:B2:43_4','2015-08-26 01:58:51','0','Movements'),('84:51:81:A7:B2:43_4','2015-08-26 01:58:51','0','Screen'),('84:51:81:A7:B2:43_4','2015-08-26 01:59:09','13','Battery'),('84:51:81:A7:B2:43_4','2015-08-26 01:59:09','','Message'),('84:51:81:A7:B2:43_4','2015-08-26 01:59:09','0','Movements'),('84:51:81:A7:B2:43_4','2015-08-26 01:59:09','7','Screen'),('84:51:81:A7:B2:43_4','2015-08-26 01:59:25','12','Battery'),('84:51:81:A7:B2:43_4','2015-08-26 01:59:25','','Message'),('84:51:81:A7:B2:43_4','2015-08-26 01:59:25','4','Movements'),('84:51:81:A7:B2:43_4','2015-08-26 01:59:25','2','Screen'),('84:51:81:A7:B2:43_5','2015-08-26 01:48:24','88','Battery'),('84:51:81:A7:B2:43_5','2015-08-26 01:48:24','a string','Message'),('84:51:81:A7:B2:43_5','2015-08-26 01:48:24','90','Movements'),('84:51:81:A7:B2:43_5','2015-08-26 01:48:24','27','Screen'),('84:51:81:A7:B2:43_5','2015-08-26 01:49:24','79','Battery'),('84:51:81:A7:B2:43_5','2015-08-26 01:49:24','a string','Message'),('84:51:81:A7:B2:43_5','2015-08-26 01:49:24','0','Movements'),('84:51:81:A7:B2:43_5','2015-08-26 01:49:24','8','Screen'),('84:51:81:A7:B2:43_5','2015-08-26 01:50:33','71','Battery'),('84:51:81:A7:B2:43_5','2015-08-26 01:50:33','a string','Message'),('84:51:81:A7:B2:43_5','2015-08-26 01:50:33','1','Movements'),('84:51:81:A7:B2:43_5','2015-08-26 01:50:33','8','Screen'),('84:51:81:A7:B2:43_5','2015-08-26 01:51:53','64','Battery'),('84:51:81:A7:B2:43_5','2015-08-26 01:51:53','a string','Message'),('84:51:81:A7:B2:43_5','2015-08-26 01:51:53','2','Movements'),('84:51:81:A7:B2:43_5','2015-08-26 01:51:53','5','Screen'),('84:51:81:A7:B2:43_5','2015-08-26 01:53:23','58','Battery'),('84:51:81:A7:B2:43_5','2015-08-26 01:53:23','a string','Message'),('84:51:81:A7:B2:43_5','2015-08-26 01:53:23','2','Movements'),('84:51:81:A7:B2:43_5','2015-08-26 01:53:23','5','Screen'),('84:51:81:A7:B2:43_5','2015-08-26 01:55:06','52','Battery'),('84:51:81:A7:B2:43_5','2015-08-26 01:55:06','a string','Message'),('84:51:81:A7:B2:43_5','2015-08-26 01:55:06','4','Movements'),('84:51:81:A7:B2:43_5','2015-08-26 01:55:06','1','Screen'),('84:51:81:A7:B2:43_5','2015-08-26 01:57:00','47','Battery'),('84:51:81:A7:B2:43_5','2015-08-26 01:57:00','a string','Message'),('84:51:81:A7:B2:43_5','2015-08-26 01:57:00','4','Movements'),('84:51:81:A7:B2:43_5','2015-08-26 01:57:00','1','Screen'),('84:51:81:A7:B2:43_5','2015-08-26 01:59:08','42','Battery'),('84:51:81:A7:B2:43_5','2015-08-26 01:59:08','a string','Message'),('84:51:81:A7:B2:43_5','2015-08-26 01:59:08','3','Movements'),('84:51:81:A7:B2:43_5','2015-08-26 01:59:08','1','Screen'),('84:51:81:A7:B2:43_5','2015-08-26 02:01:28','38','Battery'),('84:51:81:A7:B2:43_5','2015-08-26 02:01:28','a string','Message'),('84:51:81:A7:B2:43_5','2015-08-26 02:01:28','2','Movements'),('84:51:81:A7:B2:43_5','2015-08-26 02:01:28','9','Screen'),('84:51:81:A7:B2:43_5','2015-08-26 02:03:49','34','Battery'),('84:51:81:A7:B2:43_5','2015-08-26 02:03:49','a string','Message'),('84:51:81:A7:B2:43_5','2015-08-26 02:03:49','0','Movements'),('84:51:81:A7:B2:43_5','2015-08-26 02:03:49','5','Screen'),('84:51:81:A7:B2:43_5','2015-08-26 02:06:08','31','Battery'),('84:51:81:A7:B2:43_5','2015-08-26 02:06:08','','Message'),('84:51:81:A7:B2:43_5','2015-08-26 02:06:08','2','Movements'),('84:51:81:A7:B2:43_5','2015-08-26 02:06:08','5','Screen'),('84:51:81:A7:B2:43_5','2015-08-26 02:08:27','28','Battery'),('84:51:81:A7:B2:43_5','2015-08-26 02:08:27','a string','Message'),('84:51:81:A7:B2:43_5','2015-08-26 02:08:27','1','Movements'),('84:51:81:A7:B2:43_5','2015-08-26 02:08:27','4','Screen'),('84:51:81:A7:B2:43_5','2015-08-26 02:10:41','25','Battery'),('84:51:81:A7:B2:43_5','2015-08-26 02:10:41','','Message'),('84:51:81:A7:B2:43_5','2015-08-26 02:10:41','3','Movements'),('84:51:81:A7:B2:43_5','2015-08-26 02:10:41','0','Screen'),('84:51:81:A7:B2:43_5','2015-08-26 02:12:47','23','Battery'),('84:51:81:A7:B2:43_5','2015-08-26 02:12:47','','Message'),('84:51:81:A7:B2:43_5','2015-08-26 02:12:47','1','Movements'),('84:51:81:A7:B2:43_5','2015-08-26 02:12:47','3','Screen'),('84:51:81:A7:B2:43_5','2015-08-26 02:14:47','21','Battery'),('84:51:81:A7:B2:43_5','2015-08-26 02:14:47','','Message'),('84:51:81:A7:B2:43_5','2015-08-26 02:14:47','3','Movements'),('84:51:81:A7:B2:43_5','2015-08-26 02:14:47','0','Screen'),('84:51:81:A7:B2:43_6','2015-08-26 01:48:24','38','Battery'),('84:51:81:A7:B2:43_6','2015-08-26 01:48:24','a string','Message'),('84:51:81:A7:B2:43_6','2015-08-26 01:48:24','91','Movements'),('84:51:81:A7:B2:43_6','2015-08-26 01:48:24','9','Screen'),('84:51:81:A7:B2:43_6','2015-08-26 01:49:22','34','Battery'),('84:51:81:A7:B2:43_6','2015-08-26 01:49:22','','Message'),('84:51:81:A7:B2:43_6','2015-08-26 01:49:22','0','Movements'),('84:51:81:A7:B2:43_6','2015-08-26 01:49:22','3','Screen'),('84:51:81:A7:B2:43_6','2015-08-26 01:50:26','31','Battery'),('84:51:81:A7:B2:43_6','2015-08-26 01:50:26','','Message'),('84:51:81:A7:B2:43_6','2015-08-26 01:50:26','0','Movements'),('84:51:81:A7:B2:43_6','2015-08-26 01:50:26','8','Screen'),('84:51:81:A7:B2:43_6','2015-08-26 01:51:25','28','Battery'),('84:51:81:A7:B2:43_6','2015-08-26 01:51:25','','Message'),('84:51:81:A7:B2:43_6','2015-08-26 01:51:25','1','Movements'),('84:51:81:A7:B2:43_6','2015-08-26 01:51:25','4','Screen'),('84:51:81:A7:B2:43_6','2015-08-26 01:52:19','25','Battery'),('84:51:81:A7:B2:43_6','2015-08-26 01:52:19','','Message'),('84:51:81:A7:B2:43_6','2015-08-26 01:52:19','2','Movements'),('84:51:81:A7:B2:43_6','2015-08-26 01:52:19','1','Screen'),('84:51:81:A7:B2:43_6','2015-08-26 01:53:25','23','Battery'),('84:51:81:A7:B2:43_6','2015-08-26 01:53:25','a string','Message'),('84:51:81:A7:B2:43_6','2015-08-26 01:53:25','0','Movements'),('84:51:81:A7:B2:43_6','2015-08-26 01:53:25','6','Screen'),('84:51:81:A7:B2:43_6','2015-08-26 01:54:33','21','Battery'),('84:51:81:A7:B2:43_6','2015-08-26 01:54:33','','Message'),('84:51:81:A7:B2:43_6','2015-08-26 01:54:33','3','Movements'),('84:51:81:A7:B2:43_6','2015-08-26 01:54:33','7','Screen'),('84:51:81:A7:B2:43_6','2015-08-26 01:55:45','19','Battery'),('84:51:81:A7:B2:43_6','2015-08-26 01:55:45','a string','Message'),('84:51:81:A7:B2:43_6','2015-08-26 01:55:45','1','Movements'),('84:51:81:A7:B2:43_6','2015-08-26 01:55:45','5','Screen'),('84:51:81:A7:B2:43_6','2015-08-26 01:57:09','17','Battery'),('84:51:81:A7:B2:43_6','2015-08-26 01:57:09','','Message'),('84:51:81:A7:B2:43_6','2015-08-26 01:57:09','0','Movements'),('84:51:81:A7:B2:43_6','2015-08-26 01:57:09','2','Screen'),('84:51:81:A7:B2:43_6','2015-08-26 01:58:40','15','Battery'),('84:51:81:A7:B2:43_6','2015-08-26 01:58:40','a string','Message'),('84:51:81:A7:B2:43_6','2015-08-26 01:58:40','3','Movements'),('84:51:81:A7:B2:43_6','2015-08-26 01:58:40','2','Screen'),('84:51:81:A7:B2:43_6','2015-08-26 02:00:23','14','Battery'),('84:51:81:A7:B2:43_6','2015-08-26 02:00:23','a string','Message'),('84:51:81:A7:B2:43_6','2015-08-26 02:00:23','3','Movements'),('84:51:81:A7:B2:43_6','2015-08-26 02:00:23','0','Screen'),('84:51:81:A7:B2:43_6','2015-08-26 02:02:19','13','Battery'),('84:51:81:A7:B2:43_6','2015-08-26 02:02:19','a string','Message'),('84:51:81:A7:B2:43_6','2015-08-26 02:02:19','3','Movements'),('84:51:81:A7:B2:43_6','2015-08-26 02:02:19','1','Screen'),('84:51:81:A7:B2:43_6','2015-08-26 02:03:50','12','Battery'),('84:51:81:A7:B2:43_6','2015-08-26 02:03:50','','Message'),('84:51:81:A7:B2:43_6','2015-08-26 02:03:50','3','Movements'),('84:51:81:A7:B2:43_6','2015-08-26 02:03:50','5','Screen'),('84:51:81:A7:B2:43_6','2015-08-26 02:05:40','11','Battery'),('84:51:81:A7:B2:43_6','2015-08-26 02:05:40','a string','Message'),('84:51:81:A7:B2:43_6','2015-08-26 02:05:40','0','Movements'),('84:51:81:A7:B2:43_6','2015-08-26 02:05:40','5','Screen'),('84:51:81:A7:B2:43_6','2015-08-26 02:07:43','10','Battery'),('84:51:81:A7:B2:43_6','2015-08-26 02:07:43','a string','Message'),('84:51:81:A7:B2:43_6','2015-08-26 02:07:43','2','Movements'),('84:51:81:A7:B2:43_6','2015-08-26 02:07:43','0','Screen'),('84:51:81:A7:B2:43_6','2015-08-26 02:09:21','9','Battery'),('84:51:81:A7:B2:43_6','2015-08-26 02:09:21','','Message'),('84:51:81:A7:B2:43_6','2015-08-26 02:09:21','1','Movements'),('84:51:81:A7:B2:43_6','2015-08-26 02:09:21','7','Screen'),('84:51:81:A7:B2:43_6','2015-08-26 02:10:55','8','Battery'),('84:51:81:A7:B2:43_6','2015-08-26 02:10:55','','Message'),('84:51:81:A7:B2:43_6','2015-08-26 02:10:55','2','Movements'),('84:51:81:A7:B2:43_6','2015-08-26 02:10:55','7','Screen'),('84:51:81:A7:B2:43_7','2015-08-26 01:48:24','32','Battery'),('84:51:81:A7:B2:43_7','2015-08-26 01:48:24','','Message'),('84:51:81:A7:B2:43_7','2015-08-26 01:48:24','11','Movements'),('84:51:81:A7:B2:43_7','2015-08-26 01:48:24','29','Screen'),('84:51:81:A7:B2:43_7','2015-08-26 01:49:18','29','Battery'),('84:51:81:A7:B2:43_7','2015-08-26 01:49:18','','Message'),('84:51:81:A7:B2:43_7','2015-08-26 01:49:18','0','Movements'),('84:51:81:A7:B2:43_7','2015-08-26 01:49:18','0','Screen'),('84:51:81:A7:B2:43_7','2015-08-26 01:50:03','26','Battery'),('84:51:81:A7:B2:43_7','2015-08-26 01:50:03','','Message'),('84:51:81:A7:B2:43_7','2015-08-26 01:50:03','3','Movements'),('84:51:81:A7:B2:43_7','2015-08-26 01:50:03','0','Screen'),('84:51:81:A7:B2:43_7','2015-08-26 01:50:40','23','Battery'),('84:51:81:A7:B2:43_7','2015-08-26 01:50:40','','Message'),('84:51:81:A7:B2:43_7','2015-08-26 01:50:40','0','Movements'),('84:51:81:A7:B2:43_7','2015-08-26 01:50:40','2','Screen'),('84:51:81:A7:B2:43_7','2015-08-26 01:51:16','21','Battery'),('84:51:81:A7:B2:43_7','2015-08-26 01:51:16','','Message'),('84:51:81:A7:B2:43_7','2015-08-26 01:51:16','4','Movements'),('84:51:81:A7:B2:43_7','2015-08-26 01:51:16','5','Screen'),('84:51:81:A7:B2:43_7','2015-08-26 01:51:46','19','Battery'),('84:51:81:A7:B2:43_7','2015-08-26 01:51:46','','Message'),('84:51:81:A7:B2:43_7','2015-08-26 01:51:46','3','Movements'),('84:51:81:A7:B2:43_7','2015-08-26 01:51:46','8','Screen'),('84:51:81:A7:B2:43_7','2015-08-26 01:52:11','17','Battery'),('84:51:81:A7:B2:43_7','2015-08-26 01:52:11','','Message'),('84:51:81:A7:B2:43_7','2015-08-26 01:52:11','0','Movements'),('84:51:81:A7:B2:43_7','2015-08-26 01:52:11','6','Screen'),('84:51:81:A7:B2:43_7','2015-08-26 01:52:34','15','Battery'),('84:51:81:A7:B2:43_7','2015-08-26 01:52:34','','Message'),('84:51:81:A7:B2:43_7','2015-08-26 01:52:34','2','Movements'),('84:51:81:A7:B2:43_7','2015-08-26 01:52:34','0','Screen'),('84:51:81:A7:B2:43_7','2015-08-26 01:52:57','14','Battery'),('84:51:81:A7:B2:43_7','2015-08-26 01:52:57','','Message'),('84:51:81:A7:B2:43_7','2015-08-26 01:52:57','4','Movements'),('84:51:81:A7:B2:43_7','2015-08-26 01:52:57','9','Screen'),('84:51:81:A7:B2:43_7','2015-08-26 01:53:19','13','Battery'),('84:51:81:A7:B2:43_7','2015-08-26 01:53:19','','Message'),('84:51:81:A7:B2:43_7','2015-08-26 01:53:19','0','Movements'),('84:51:81:A7:B2:43_7','2015-08-26 01:53:19','1','Screen'),('84:51:81:A7:B2:43_7','2015-08-26 01:53:39','12','Battery'),('84:51:81:A7:B2:43_7','2015-08-26 01:53:39','','Message'),('84:51:81:A7:B2:43_7','2015-08-26 01:53:39','0','Movements'),('84:51:81:A7:B2:43_7','2015-08-26 01:53:39','3','Screen'),('84:51:81:A7:B2:43_7','2015-08-26 01:54:00','11','Battery'),('84:51:81:A7:B2:43_7','2015-08-26 01:54:00','a string','Message'),('84:51:81:A7:B2:43_7','2015-08-26 01:54:00','0','Movements'),('84:51:81:A7:B2:43_7','2015-08-26 01:54:00','3','Screen'),('84:51:81:A7:B2:43_7','2015-08-26 01:54:22','10','Battery'),('84:51:81:A7:B2:43_7','2015-08-26 01:54:22','a string','Message'),('84:51:81:A7:B2:43_7','2015-08-26 01:54:22','0','Movements'),('84:51:81:A7:B2:43_7','2015-08-26 01:54:22','7','Screen'),('84:51:81:A7:B2:43_7','2015-08-26 01:54:39','9','Battery'),('84:51:81:A7:B2:43_7','2015-08-26 01:54:39','a string','Message'),('84:51:81:A7:B2:43_7','2015-08-26 01:54:39','0','Movements'),('84:51:81:A7:B2:43_7','2015-08-26 01:54:39','7','Screen'),('84:51:81:A7:B2:43_7','2015-08-26 01:54:52','8','Battery'),('84:51:81:A7:B2:43_7','2015-08-26 01:54:52','','Message'),('84:51:81:A7:B2:43_7','2015-08-26 01:54:52','4','Movements'),('84:51:81:A7:B2:43_7','2015-08-26 01:54:52','7','Screen'),('84:51:81:A7:B2:43_7','2015-08-26 01:55:08','7','Battery'),('84:51:81:A7:B2:43_7','2015-08-26 01:55:08','a string','Message'),('84:51:81:A7:B2:43_7','2015-08-26 01:55:08','1','Movements'),('84:51:81:A7:B2:43_7','2015-08-26 01:55:08','4','Screen'),('84:51:81:A7:B2:43_7','2015-08-26 01:55:23','6','Battery'),('84:51:81:A7:B2:43_7','2015-08-26 01:55:23','','Message'),('84:51:81:A7:B2:43_7','2015-08-26 01:55:23','2','Movements'),('84:51:81:A7:B2:43_7','2015-08-26 01:55:23','5','Screen'),('84:51:81:A7:B2:43_7','2015-08-26 01:55:37','5','Battery'),('84:51:81:A7:B2:43_7','2015-08-26 01:55:37','','Message'),('84:51:81:A7:B2:43_7','2015-08-26 01:55:37','4','Movements'),('84:51:81:A7:B2:43_7','2015-08-26 01:55:37','7','Screen'),('84:51:81:A7:B2:43_7','2015-08-26 01:55:53','5','Battery'),('84:51:81:A7:B2:43_7','2015-08-26 01:55:53','a string','Message'),('84:51:81:A7:B2:43_7','2015-08-26 01:55:53','4','Movements'),('84:51:81:A7:B2:43_7','2015-08-26 01:55:53','6','Screen'),('84:51:81:A7:B2:43_7','2015-08-26 01:56:12','5','Battery'),('84:51:81:A7:B2:43_7','2015-08-26 01:56:12','','Message'),('84:51:81:A7:B2:43_7','2015-08-26 01:56:12','3','Movements'),('84:51:81:A7:B2:43_7','2015-08-26 01:56:12','5','Screen'),('84:51:81:A7:B2:43_7','2015-08-26 01:56:31','5','Battery'),('84:51:81:A7:B2:43_7','2015-08-26 01:56:31','','Message'),('84:51:81:A7:B2:43_7','2015-08-26 01:56:31','1','Movements'),('84:51:81:A7:B2:43_7','2015-08-26 01:56:31','8','Screen'),('84:51:81:A7:B2:43_7','2015-08-26 01:56:50','5','Battery'),('84:51:81:A7:B2:43_7','2015-08-26 01:56:50','a string','Message'),('84:51:81:A7:B2:43_7','2015-08-26 01:56:50','4','Movements'),('84:51:81:A7:B2:43_7','2015-08-26 01:56:50','9','Screen'),('84:51:81:A7:B2:43_7','2015-08-26 01:57:08','5','Battery'),('84:51:81:A7:B2:43_7','2015-08-26 01:57:08','','Message'),('84:51:81:A7:B2:43_7','2015-08-26 01:57:08','2','Movements'),('84:51:81:A7:B2:43_7','2015-08-26 01:57:08','5','Screen'),('84:51:81:A7:B2:43_7','2015-08-26 01:57:23','5','Battery'),('84:51:81:A7:B2:43_7','2015-08-26 01:57:23','','Message'),('84:51:81:A7:B2:43_7','2015-08-26 01:57:23','3','Movements'),('84:51:81:A7:B2:43_7','2015-08-26 01:57:23','0','Screen'),('84:51:81:A7:B2:43_7','2015-08-26 01:57:36','5','Battery'),('84:51:81:A7:B2:43_7','2015-08-26 01:57:36','','Message'),('84:51:81:A7:B2:43_7','2015-08-26 01:57:36','2','Movements'),('84:51:81:A7:B2:43_7','2015-08-26 01:57:36','0','Screen'),('84:51:81:A7:B2:43_7','2015-08-26 01:57:47','5','Battery'),('84:51:81:A7:B2:43_7','2015-08-26 01:57:47','','Message'),('84:51:81:A7:B2:43_7','2015-08-26 01:57:47','4','Movements'),('84:51:81:A7:B2:43_7','2015-08-26 01:57:47','7','Screen'),('84:51:81:A7:B2:43_8','2015-08-26 01:48:25','7','Battery'),('84:51:81:A7:B2:43_8','2015-08-26 01:48:25','a string','Message'),('84:51:81:A7:B2:43_8','2015-08-26 01:48:25','72','Movements'),('84:51:81:A7:B2:43_8','2015-08-26 01:48:25','19','Screen'),('84:51:81:A7:B2:43_8','2015-08-26 01:49:28','6','Battery'),('84:51:81:A7:B2:43_8','2015-08-26 01:49:28','a string','Message'),('84:51:81:A7:B2:43_8','2015-08-26 01:49:28','1','Movements'),('84:51:81:A7:B2:43_8','2015-08-26 01:49:28','8','Screen'),('84:51:81:A7:B2:43_8','2015-08-26 01:50:31','5','Battery'),('84:51:81:A7:B2:43_8','2015-08-26 01:50:31','','Message'),('84:51:81:A7:B2:43_8','2015-08-26 01:50:31','3','Movements'),('84:51:81:A7:B2:43_8','2015-08-26 01:50:31','5','Screen'),('84:51:81:A7:B2:43_8','2015-08-26 01:51:45','5','Battery'),('84:51:81:A7:B2:43_8','2015-08-26 01:51:45','a string','Message'),('84:51:81:A7:B2:43_8','2015-08-26 01:51:45','2','Movements'),('84:51:81:A7:B2:43_8','2015-08-26 01:51:45','0','Screen'),('84:51:81:A7:B2:43_8','2015-08-26 01:52:46','5','Battery'),('84:51:81:A7:B2:43_8','2015-08-26 01:52:46','','Message'),('84:51:81:A7:B2:43_8','2015-08-26 01:52:46','0','Movements'),('84:51:81:A7:B2:43_8','2015-08-26 01:52:46','3','Screen'),('84:51:81:A7:B2:43_8','2015-08-26 01:53:36','5','Battery'),('84:51:81:A7:B2:43_8','2015-08-26 01:53:36','','Message'),('84:51:81:A7:B2:43_8','2015-08-26 01:53:36','2','Movements'),('84:51:81:A7:B2:43_8','2015-08-26 01:53:36','8','Screen'),('84:51:81:A7:B2:43_8','2015-08-26 01:54:14','5','Battery'),('84:51:81:A7:B2:43_8','2015-08-26 01:54:14','','Message'),('84:51:81:A7:B2:43_8','2015-08-26 01:54:14','0','Movements'),('84:51:81:A7:B2:43_8','2015-08-26 01:54:14','4','Screen'),('84:51:81:A7:B2:43_8','2015-08-26 01:54:46','5','Battery'),('84:51:81:A7:B2:43_8','2015-08-26 01:54:46','','Message'),('84:51:81:A7:B2:43_8','2015-08-26 01:54:46','4','Movements'),('84:51:81:A7:B2:43_8','2015-08-26 01:54:46','1','Screen'),('84:51:81:A7:B2:43_8','2015-08-26 01:55:25','5','Battery'),('84:51:81:A7:B2:43_8','2015-08-26 01:55:25','a string','Message'),('84:51:81:A7:B2:43_8','2015-08-26 01:55:25','1','Movements'),('84:51:81:A7:B2:43_8','2015-08-26 01:55:25','4','Screen'),('84:51:81:A7:B2:43_8','2015-08-26 01:56:12','5','Battery'),('84:51:81:A7:B2:43_8','2015-08-26 01:56:12','a string','Message'),('84:51:81:A7:B2:43_8','2015-08-26 01:56:12','2','Movements'),('84:51:81:A7:B2:43_8','2015-08-26 01:56:12','0','Screen'),('84:51:81:A7:B2:43_8','2015-08-26 01:56:53','5','Battery'),('84:51:81:A7:B2:43_8','2015-08-26 01:56:53','','Message'),('84:51:81:A7:B2:43_8','2015-08-26 01:56:53','3','Movements'),('84:51:81:A7:B2:43_8','2015-08-26 01:56:53','9','Screen'),('84:51:81:A7:B2:43_8','2015-08-26 01:57:26','5','Battery'),('84:51:81:A7:B2:43_8','2015-08-26 01:57:26','','Message'),('84:51:81:A7:B2:43_8','2015-08-26 01:57:26','2','Movements'),('84:51:81:A7:B2:43_8','2015-08-26 01:57:26','3','Screen'),('84:51:81:A7:B2:43_8','2015-08-26 01:57:57','5','Battery'),('84:51:81:A7:B2:43_8','2015-08-26 01:57:57','','Message'),('84:51:81:A7:B2:43_8','2015-08-26 01:57:57','2','Movements'),('84:51:81:A7:B2:43_8','2015-08-26 01:57:57','7','Screen'),('84:51:81:A7:B2:43_8','2015-08-26 01:58:25','5','Battery'),('84:51:81:A7:B2:43_8','2015-08-26 01:58:25','','Message'),('84:51:81:A7:B2:43_8','2015-08-26 01:58:25','0','Movements'),('84:51:81:A7:B2:43_8','2015-08-26 01:58:25','4','Screen'),('84:51:81:A7:B2:43_8','2015-08-26 01:58:47','5','Battery'),('84:51:81:A7:B2:43_8','2015-08-26 01:58:47','','Message'),('84:51:81:A7:B2:43_8','2015-08-26 01:58:47','4','Movements'),('84:51:81:A7:B2:43_8','2015-08-26 01:58:47','4','Screen'),('84:51:81:A7:B2:43_9','2015-08-26 01:48:25','32','Battery'),('84:51:81:A7:B2:43_9','2015-08-26 01:48:25','','Message'),('84:51:81:A7:B2:43_9','2015-08-26 01:48:25','92','Movements'),('84:51:81:A7:B2:43_9','2015-08-26 01:48:25','29','Screen'),('84:51:81:A7:B2:43_9','2015-08-26 01:49:29','29','Battery'),('84:51:81:A7:B2:43_9','2015-08-26 01:49:29','a string','Message'),('84:51:81:A7:B2:43_9','2015-08-26 01:49:29','1','Movements'),('84:51:81:A7:B2:43_9','2015-08-26 01:49:29','8','Screen'),('84:51:81:A7:B2:43_9','2015-08-26 01:50:36','26','Battery'),('84:51:81:A7:B2:43_9','2015-08-26 01:50:36','a string','Message'),('84:51:81:A7:B2:43_9','2015-08-26 01:50:36','2','Movements'),('84:51:81:A7:B2:43_9','2015-08-26 01:50:36','0','Screen'),('84:51:81:A7:B2:43_9','2015-08-26 01:51:47','23','Battery'),('84:51:81:A7:B2:43_9','2015-08-26 01:51:47','a string','Message'),('84:51:81:A7:B2:43_9','2015-08-26 01:51:47','1','Movements'),('84:51:81:A7:B2:43_9','2015-08-26 01:51:47','9','Screen'),('84:51:81:A7:B2:43_9','2015-08-26 01:53:00','21','Battery'),('84:51:81:A7:B2:43_9','2015-08-26 01:53:00','a string','Message'),('84:51:81:A7:B2:43_9','2015-08-26 01:53:00','3','Movements'),('84:51:81:A7:B2:43_9','2015-08-26 01:53:00','1','Screen'),('84:51:81:A7:B2:43_9','2015-08-26 01:54:09','19','Battery'),('84:51:81:A7:B2:43_9','2015-08-26 01:54:09','','Message'),('84:51:81:A7:B2:43_9','2015-08-26 01:54:09','3','Movements'),('84:51:81:A7:B2:43_9','2015-08-26 01:54:09','8','Screen'),('84:51:81:A7:B2:43_9','2015-08-26 01:55:15','17','Battery'),('84:51:81:A7:B2:43_9','2015-08-26 01:55:15','','Message'),('84:51:81:A7:B2:43_9','2015-08-26 01:55:15','3','Movements'),('84:51:81:A7:B2:43_9','2015-08-26 01:55:15','8','Screen'),('84:51:81:A7:B2:43_9','2015-08-26 01:56:16','15','Battery'),('84:51:81:A7:B2:43_9','2015-08-26 01:56:16','','Message'),('84:51:81:A7:B2:43_9','2015-08-26 01:56:16','2','Movements'),('84:51:81:A7:B2:43_9','2015-08-26 01:56:16','4','Screen'),('84:51:81:A7:B2:43_9','2015-08-26 01:57:11','14','Battery'),('84:51:81:A7:B2:43_9','2015-08-26 01:57:11','','Message'),('84:51:81:A7:B2:43_9','2015-08-26 01:57:11','1','Movements'),('84:51:81:A7:B2:43_9','2015-08-26 01:57:11','6','Screen'),('84:51:81:A7:B2:43_9','2015-08-26 01:58:19','13','Battery'),('84:51:81:A7:B2:43_9','2015-08-26 01:58:19','a string','Message'),('84:51:81:A7:B2:43_9','2015-08-26 01:58:19','1','Movements'),('84:51:81:A7:B2:43_9','2015-08-26 01:58:19','9','Screen'),('84:51:81:A7:B2:43_9','2015-08-26 01:59:42','12','Battery'),('84:51:81:A7:B2:43_9','2015-08-26 01:59:42','a string','Message'),('84:51:81:A7:B2:43_9','2015-08-26 01:59:42','3','Movements'),('84:51:81:A7:B2:43_9','2015-08-26 01:59:42','6','Screen'),('84:51:81:A7:B2:43_9','2015-08-26 02:00:54','11','Battery'),('84:51:81:A7:B2:43_9','2015-08-26 02:00:54','','Message'),('84:51:81:A7:B2:43_9','2015-08-26 02:00:54','3','Movements'),('84:51:81:A7:B2:43_9','2015-08-26 02:00:54','6','Screen'),('84:51:81:A7:B2:43_9','2015-08-26 02:01:57','10','Battery'),('84:51:81:A7:B2:43_9','2015-08-26 02:01:57','','Message'),('84:51:81:A7:B2:43_9','2015-08-26 02:01:57','3','Movements'),('84:51:81:A7:B2:43_9','2015-08-26 02:01:57','6','Screen'),('84:51:81:A7:B2:43_9','2015-08-26 02:02:51','9','Battery'),('84:51:81:A7:B2:43_9','2015-08-26 02:02:51','','Message'),('84:51:81:A7:B2:43_9','2015-08-26 02:02:51','2','Movements'),('84:51:81:A7:B2:43_9','2015-08-26 02:02:51','2','Screen'),('84:51:81:A7:B2:43_9','2015-08-26 02:03:36','8','Battery'),('84:51:81:A7:B2:43_9','2015-08-26 02:03:36','','Message'),('84:51:81:A7:B2:43_9','2015-08-26 02:03:36','4','Movements'),('84:51:81:A7:B2:43_9','2015-08-26 02:03:36','6','Screen'),('84:51:81:A7:B2:43_9','2015-08-26 02:04:12','7','Battery'),('84:51:81:A7:B2:43_9','2015-08-26 02:04:12','','Message'),('84:51:81:A7:B2:43_9','2015-08-26 02:04:12','4','Movements'),('84:51:81:A7:B2:43_9','2015-08-26 02:04:12','6','Screen'),('84:51:81:A7:B2:43_9','2015-08-26 02:04:43','6','Battery'),('84:51:81:A7:B2:43_9','2015-08-26 02:04:43','','Message'),('84:51:81:A7:B2:43_9','2015-08-26 02:04:43','0','Movements'),('84:51:81:A7:B2:43_9','2015-08-26 02:04:43','2','Screen');
/*!40000 ALTER TABLE `unit_data` ENABLE KEYS */;
UNLOCK TABLES;

--
-- Table structure for table `unit_info`
--

DROP TABLE IF EXISTS `unit_info`;
/*!40101 SET @saved_cs_client     = @@character_set_client */;
/*!40101 SET character_set_client = utf8 */;
CREATE TABLE `unit_info` (
  `sender_mac` varchar(100) NOT NULL DEFAULT '',
  `tempo_geracao` datetime NOT NULL,
  `tempo_rececao` datetime DEFAULT NULL,
  `tempo_coordenadas` datetime DEFAULT NULL,
  `latitude` float DEFAULT NULL,
  `longitude` float DEFAULT NULL,
  `precisao` int(11) DEFAULT NULL,
  `prioridade` varchar(10) DEFAULT NULL,
  `estado` tinyint(4) DEFAULT NULL,
  PRIMARY KEY (`sender_mac`,`tempo_geracao`),
  KEY `ix_testing` (`tempo_geracao`),
  CONSTRAINT `fk_unit_info_sender_mac` FOREIGN KEY (`sender_mac`) REFERENCES `devices` (`mac_address`)
) ENGINE=InnoDB DEFAULT CHARSET=latin1;
/*!40101 SET character_set_client = @saved_cs_client */;

--
-- Dumping data for table `unit_info`
--

LOCK TABLES `unit_info` WRITE;
/*!40000 ALTER TABLE `unit_info` DISABLE KEYS */;
INSERT INTO `unit_info` VALUES ('84:51:81:A7:B2:43_0','2015-08-26 01:48:24','2015-08-26 00:39:05','2015-08-26 01:48:24',38.7194,-9.20982,323,NULL,0),('84:51:81:A7:B2:43_0','2015-08-26 01:49:29','2015-08-26 00:39:05','2015-08-26 01:49:29',38.7193,-9.20976,458,NULL,1),('84:51:81:A7:B2:43_0','2015-08-26 01:50:46','2015-08-26 00:39:05','2015-08-26 01:50:46',38.7193,-9.2097,82,NULL,1),('84:51:81:A7:B2:43_0','2015-08-26 01:52:12','2015-08-26 00:39:05','2015-08-26 01:52:12',38.7193,-9.20966,112,NULL,0),('84:51:81:A7:B2:43_0','2015-08-26 01:53:17','2015-08-26 00:39:05','2015-08-26 01:53:17',38.7193,-9.20964,31,NULL,1),('84:51:81:A7:B2:43_0','2015-08-26 01:54:31','2015-08-26 00:39:05','2015-08-26 01:54:31',38.7194,-9.20969,42,NULL,1),('84:51:81:A7:B2:43_0','2015-08-26 01:55:50','2015-08-26 00:39:05','2015-08-26 01:55:50',38.7193,-9.20973,126,NULL,1),('84:51:81:A7:B2:43_0','2015-08-26 01:57:26','2015-08-26 00:39:05','2015-08-26 01:57:26',38.7194,-9.20978,112,NULL,0),('84:51:81:A7:B2:43_0','2015-08-26 01:58:45','2015-08-26 00:39:05','2015-08-26 01:58:45',38.7194,-9.2097,170,NULL,1),('84:51:81:A7:B2:43_0','2015-08-26 02:00:24','2015-08-26 00:39:05','2015-08-26 02:00:24',38.7194,-9.20967,332,NULL,0),('84:51:81:A7:B2:43_0','2015-08-26 02:01:52','2015-08-26 00:39:05','2015-08-26 02:01:52',38.7193,-9.20968,14,NULL,0),('84:51:81:A7:B2:43_0','2015-08-26 02:03:00','2015-08-26 00:39:05','2015-08-26 02:03:00',38.7193,-9.20972,302,NULL,1),('84:51:81:A7:B2:43_0','2015-08-26 02:04:21','2015-08-26 00:39:05','2015-08-26 02:04:21',38.7193,-9.2097,52,NULL,0),('84:51:81:A7:B2:43_0','2015-08-26 02:05:38','2015-08-26 00:39:05','2015-08-26 02:05:38',38.7193,-9.20966,331,NULL,0),('84:51:81:A7:B2:43_0','2015-08-26 02:06:48','2015-08-26 00:39:05','2015-08-26 02:06:48',38.7193,-9.20966,102,NULL,0),('84:51:81:A7:B2:43_0','2015-08-26 02:08:00','2015-08-26 00:39:05','2015-08-26 02:08:00',38.7194,-9.2096,20,NULL,1),('84:51:81:A7:B2:43_0','2015-08-26 02:08:55','2015-08-26 00:39:05','2015-08-26 02:08:55',38.7193,-9.20953,104,NULL,0),('84:51:81:A7:B2:43_0','2015-08-26 02:10:03','2015-08-26 00:39:05','2015-08-26 02:10:03',38.7193,-9.20953,14,NULL,1),('84:51:81:A7:B2:43_0','2015-08-26 02:11:00','2015-08-26 00:39:05','2015-08-26 02:11:00',38.7193,-9.20952,279,NULL,0),('84:51:81:A7:B2:43_0','2015-08-26 02:11:55','2015-08-26 00:39:05','2015-08-26 02:11:55',38.7192,-9.20955,124,NULL,0),('84:51:81:A7:B2:43_0','2015-08-26 02:12:44','2015-08-26 00:39:05','2015-08-26 02:12:44',38.7193,-9.20953,8,NULL,1),('84:51:81:A7:B2:43_0','2015-08-26 02:13:35','2015-08-26 00:39:05','2015-08-26 02:13:35',38.7193,-9.20962,436,NULL,0),('84:51:81:A7:B2:43_0','2015-08-26 02:14:21','2015-08-26 00:39:05','2015-08-26 02:14:21',38.7194,-9.20964,72,NULL,0),('84:51:81:A7:B2:43_0','2015-08-26 02:15:13','2015-08-26 00:39:05','2015-08-26 02:15:13',38.7193,-9.20963,324,NULL,1),('84:51:81:A7:B2:43_1','2015-08-26 01:48:24','2015-08-26 00:39:06','2015-08-26 01:48:24',38.77,-9.2375,54,NULL,0),('84:51:81:A7:B2:43_1','2015-08-26 01:49:30','2015-08-26 00:39:06','2015-08-26 01:49:30',38.77,-9.23748,19,NULL,1),('84:51:81:A7:B2:43_1','2015-08-26 01:50:50','2015-08-26 00:39:06','2015-08-26 01:50:50',38.77,-9.23746,45,NULL,1),('84:51:81:A7:B2:43_1','2015-08-26 01:52:21','2015-08-26 00:39:06','2015-08-26 01:52:21',38.7699,-9.23752,111,NULL,1),('84:51:81:A7:B2:43_1','2015-08-26 01:53:33','2015-08-26 00:39:06','2015-08-26 01:53:33',38.7698,-9.23746,427,NULL,0),('84:51:81:A7:B2:43_1','2015-08-26 01:54:38','2015-08-26 00:39:06','2015-08-26 01:54:38',38.7698,-9.2375,143,NULL,0),('84:51:81:A7:B2:43_1','2015-08-26 01:55:31','2015-08-26 00:39:06','2015-08-26 01:55:31',38.7698,-9.23748,298,NULL,0),('84:51:81:A7:B2:43_1','2015-08-26 01:56:37','2015-08-26 00:39:06','2015-08-26 01:56:37',38.7698,-9.2375,274,NULL,1),('84:51:81:A7:B2:43_1','2015-08-26 01:57:33','2015-08-26 00:39:06','2015-08-26 01:57:33',38.7698,-9.23751,216,NULL,0),('84:51:81:A7:B2:43_1','2015-08-26 01:58:17','2015-08-26 00:39:06','2015-08-26 01:58:17',38.7697,-9.23746,164,NULL,0),('84:51:81:A7:B2:43_1','2015-08-26 01:58:56','2015-08-26 00:39:06','2015-08-26 01:58:56',38.7696,-9.23743,30,NULL,0),('84:51:81:A7:B2:43_1','2015-08-26 01:59:37','2015-08-26 00:39:06','2015-08-26 01:59:37',38.7697,-9.23746,464,NULL,1),('84:51:81:A7:B2:43_1','2015-08-26 02:00:16','2015-08-26 00:39:06','2015-08-26 02:00:16',38.7696,-9.23742,62,NULL,0),('84:51:81:A7:B2:43_1','2015-08-26 02:00:49','2015-08-26 00:39:06','2015-08-26 02:00:49',38.7697,-9.23745,214,NULL,0),('84:51:81:A7:B2:43_1','2015-08-26 02:01:20','2015-08-26 00:39:06','2015-08-26 02:01:20',38.7696,-9.23741,60,NULL,0),('84:51:81:A7:B2:43_1','2015-08-26 02:01:49','2015-08-26 00:39:06','2015-08-26 02:01:49',38.7697,-9.23742,107,NULL,1),('84:51:81:A7:B2:43_1','2015-08-26 02:02:19','2015-08-26 00:39:06','2015-08-26 02:02:19',38.7697,-9.23751,59,NULL,1),('84:51:81:A7:B2:43_1','2015-08-26 02:02:53','2015-08-26 00:39:06','2015-08-26 02:02:53',38.7697,-9.23752,152,NULL,1),('84:51:81:A7:B2:43_1','2015-08-26 02:03:32','2015-08-26 00:39:06','2015-08-26 02:03:32',38.7697,-9.23748,314,NULL,1),('84:51:81:A7:B2:43_1','2015-08-26 02:04:18','2015-08-26 00:39:06','2015-08-26 02:04:18',38.7697,-9.23757,256,NULL,1),('84:51:81:A7:B2:43_1','2015-08-26 02:05:08','2015-08-26 00:39:06','2015-08-26 02:05:08',38.7697,-9.23757,149,NULL,1),('84:51:81:A7:B2:43_1','2015-08-26 02:05:49','2015-08-26 00:39:06','2015-08-26 02:05:49',38.7697,-9.23751,409,NULL,0),('84:51:81:A7:B2:43_1','2015-08-26 02:06:21','2015-08-26 00:39:06','2015-08-26 02:06:21',38.7696,-9.23758,251,NULL,0),('84:51:81:A7:B2:43_1','2015-08-26 02:06:49','2015-08-26 00:39:06','2015-08-26 02:06:49',38.7696,-9.23764,497,NULL,0),('84:51:81:A7:B2:43_1','2015-08-26 02:07:21','2015-08-26 00:39:06','2015-08-26 02:07:21',38.7696,-9.23765,395,NULL,1),('84:51:81:A7:B2:43_1','2015-08-26 02:07:56','2015-08-26 00:39:06','2015-08-26 02:07:56',38.7696,-9.23757,84,NULL,1),('84:51:81:A7:B2:43_1','2015-08-26 02:08:38','2015-08-26 00:39:06','2015-08-26 02:08:38',38.7695,-9.23751,61,NULL,1),('84:51:81:A7:B2:43_1','2015-08-26 02:09:12','2015-08-26 00:39:06','2015-08-26 02:09:12',38.7695,-9.23746,102,NULL,0),('84:51:81:A7:B2:43_10','2015-08-26 01:48:25','2015-08-26 00:39:06','2015-08-26 01:48:25',38.7181,-9.19876,84,NULL,0),('84:51:81:A7:B2:43_10','2015-08-26 01:49:12','2015-08-26 00:39:06','2015-08-26 01:49:12',38.7181,-9.19881,258,NULL,0),('84:51:81:A7:B2:43_10','2015-08-26 01:49:48','2015-08-26 00:39:06','2015-08-26 01:49:48',38.718,-9.19877,448,NULL,0),('84:51:81:A7:B2:43_10','2015-08-26 01:50:16','2015-08-26 00:39:06','2015-08-26 01:50:16',38.718,-9.19877,51,NULL,0),('84:51:81:A7:B2:43_10','2015-08-26 01:50:42','2015-08-26 00:39:06','2015-08-26 01:50:42',38.718,-9.19877,288,NULL,0),('84:51:81:A7:B2:43_10','2015-08-26 01:51:08','2015-08-26 00:39:06','2015-08-26 01:51:08',38.718,-9.19878,185,NULL,0),('84:51:81:A7:B2:43_10','2015-08-26 01:51:35','2015-08-26 00:39:06','2015-08-26 01:51:35',38.718,-9.19879,375,NULL,1),('84:51:81:A7:B2:43_10','2015-08-26 01:52:05','2015-08-26 00:39:06','2015-08-26 01:52:05',38.7181,-9.19879,482,NULL,1),('84:51:81:A7:B2:43_10','2015-08-26 01:52:38','2015-08-26 00:39:06','2015-08-26 01:52:38',38.7181,-9.19873,481,NULL,1),('84:51:81:A7:B2:43_10','2015-08-26 01:53:15','2015-08-26 00:39:06','2015-08-26 01:53:15',38.718,-9.19867,332,NULL,1),('84:51:81:A7:B2:43_10','2015-08-26 01:53:55','2015-08-26 00:39:06','2015-08-26 01:53:55',38.718,-9.19872,326,NULL,1),('84:51:81:A7:B2:43_10','2015-08-26 01:54:38','2015-08-26 00:39:06','2015-08-26 01:54:38',38.7179,-9.19873,493,NULL,1),('84:51:81:A7:B2:43_10','2015-08-26 01:55:31','2015-08-26 00:39:06','2015-08-26 01:55:31',38.7178,-9.19875,347,NULL,1),('84:51:81:A7:B2:43_10','2015-08-26 01:56:35','2015-08-26 00:39:06','2015-08-26 01:56:35',38.7179,-9.19877,13,NULL,1),('84:51:81:A7:B2:43_10','2015-08-26 01:57:53','2015-08-26 00:39:06','2015-08-26 01:57:53',38.718,-9.1987,400,NULL,1),('84:51:81:A7:B2:43_11','2015-08-26 01:48:25','2015-08-26 00:39:06','2015-08-26 01:48:25',38.7424,-9.19169,181,NULL,0),('84:51:81:A7:B2:43_11','2015-08-26 01:49:24','2015-08-26 00:39:06','2015-08-26 01:49:24',38.7424,-9.19177,402,NULL,0),('84:51:81:A7:B2:43_11','2015-08-26 01:50:20','2015-08-26 00:39:06','2015-08-26 01:50:20',38.7425,-9.19183,341,NULL,0),('84:51:81:A7:B2:43_11','2015-08-26 01:51:12','2015-08-26 00:39:06','2015-08-26 01:51:12',38.7425,-9.19188,197,NULL,0),('84:51:81:A7:B2:43_11','2015-08-26 01:52:01','2015-08-26 00:39:06','2015-08-26 01:52:01',38.7426,-9.19188,307,NULL,0),('84:51:81:A7:B2:43_11','2015-08-26 01:52:46','2015-08-26 00:39:06','2015-08-26 01:52:46',38.7425,-9.1919,17,NULL,0),('84:51:81:A7:B2:43_11','2015-08-26 01:53:34','2015-08-26 00:39:06','2015-08-26 01:53:34',38.7425,-9.19186,434,NULL,1),('84:51:81:A7:B2:43_11','2015-08-26 01:54:26','2015-08-26 00:39:06','2015-08-26 01:54:26',38.7425,-9.19183,201,NULL,1),('84:51:81:A7:B2:43_11','2015-08-26 01:55:21','2015-08-26 00:39:06','2015-08-26 01:55:21',38.7425,-9.19186,271,NULL,1),('84:51:81:A7:B2:43_11','2015-08-26 01:56:19','2015-08-26 00:39:06','2015-08-26 01:56:19',38.7425,-9.19187,167,NULL,1),('84:51:81:A7:B2:43_11','2015-08-26 01:57:18','2015-08-26 00:39:06','2015-08-26 01:57:18',38.7425,-9.19179,79,NULL,1),('84:51:81:A7:B2:43_11','2015-08-26 01:58:19','2015-08-26 00:39:06','2015-08-26 01:58:19',38.7426,-9.19176,361,NULL,0),('84:51:81:A7:B2:43_12','2015-08-26 01:48:25','2015-08-26 00:39:06','2015-08-26 01:48:25',38.7561,-9.18988,78,NULL,0),('84:51:81:A7:B2:43_12','2015-08-26 01:49:37','2015-08-26 00:39:06','2015-08-26 01:49:37',38.7561,-9.18995,44,NULL,1),('84:51:81:A7:B2:43_12','2015-08-26 01:51:03','2015-08-26 00:39:06','2015-08-26 01:51:03',38.7561,-9.18998,23,NULL,1),('84:51:81:A7:B2:43_12','2015-08-26 01:52:41','2015-08-26 00:39:06','2015-08-26 01:52:41',38.756,-9.18996,267,NULL,0),('84:51:81:A7:B2:43_12','2015-08-26 01:54:01','2015-08-26 00:39:06','2015-08-26 01:54:01',38.7561,-9.18997,228,NULL,0),('84:51:81:A7:B2:43_12','2015-08-26 01:55:01','2015-08-26 00:39:06','2015-08-26 01:55:01',38.7561,-9.18991,227,NULL,1),('84:51:81:A7:B2:43_12','2015-08-26 01:56:16','2015-08-26 00:39:06','2015-08-26 01:56:16',38.7561,-9.18991,179,NULL,0),('84:51:81:A7:B2:43_12','2015-08-26 01:57:15','2015-08-26 00:39:06','2015-08-26 01:57:15',38.7561,-9.18983,48,NULL,0),('84:51:81:A7:B2:43_12','2015-08-26 01:58:11','2015-08-26 00:39:06','2015-08-26 01:58:11',38.7561,-9.18987,126,NULL,0),('84:51:81:A7:B2:43_12','2015-08-26 01:59:01','2015-08-26 00:39:06','2015-08-26 01:59:01',38.7561,-9.18988,452,NULL,0),('84:51:81:A7:B2:43_12','2015-08-26 01:59:45','2015-08-26 00:39:06','2015-08-26 01:59:45',38.7562,-9.18991,93,NULL,0),('84:51:81:A7:B2:43_12','2015-08-26 02:00:21','2015-08-26 00:39:06','2015-08-26 02:00:21',38.7562,-9.18988,393,NULL,0),('84:51:81:A7:B2:43_12','2015-08-26 02:00:48','2015-08-26 00:39:06','2015-08-26 02:00:48',38.7561,-9.18985,331,NULL,0),('84:51:81:A7:B2:43_12','2015-08-26 02:01:09','2015-08-26 00:39:06','2015-08-26 02:01:09',38.7562,-9.1899,172,NULL,1),('84:51:81:A7:B2:43_12','2015-08-26 02:01:35','2015-08-26 00:39:06','2015-08-26 02:01:35',38.7562,-9.18992,376,NULL,1),('84:51:81:A7:B2:43_12','2015-08-26 02:01:58','2015-08-26 00:39:06','2015-08-26 02:01:58',38.7561,-9.18996,287,NULL,0),('84:51:81:A7:B2:43_12','2015-08-26 02:02:19','2015-08-26 00:39:06','2015-08-26 02:02:19',38.7561,-9.18999,461,NULL,0),('84:51:81:A7:B2:43_12','2015-08-26 02:02:37','2015-08-26 00:39:06','2015-08-26 02:02:37',38.7562,-9.19,326,NULL,0),('84:51:81:A7:B2:43_12','2015-08-26 02:02:52','2015-08-26 00:39:06','2015-08-26 02:02:52',38.7562,-9.18995,325,NULL,0),('84:51:81:A7:B2:43_12','2015-08-26 02:03:07','2015-08-26 00:39:06','2015-08-26 02:03:07',38.7561,-9.19,133,NULL,0),('84:51:81:A7:B2:43_12','2015-08-26 02:03:21','2015-08-26 00:39:06','2015-08-26 02:03:21',38.7561,-9.18993,31,NULL,0),('84:51:81:A7:B2:43_12','2015-08-26 02:03:36','2015-08-26 00:39:06','2015-08-26 02:03:36',38.7561,-9.18989,447,NULL,1),('84:51:81:A7:B2:43_12','2015-08-26 02:03:52','2015-08-26 00:39:06','2015-08-26 02:03:52',38.7562,-9.18985,128,NULL,1),('84:51:81:A7:B2:43_12','2015-08-26 02:04:08','2015-08-26 00:39:06','2015-08-26 02:04:08',38.7561,-9.18984,455,NULL,1),('84:51:81:A7:B2:43_12','2015-08-26 02:04:24','2015-08-26 00:39:06','2015-08-26 02:04:24',38.756,-9.18985,296,NULL,0),('84:51:81:A7:B2:43_13','2015-08-26 01:48:25','2015-08-26 00:39:06','2015-08-26 01:48:25',38.7245,-9.19905,64,NULL,0),('84:51:81:A7:B2:43_13','2015-08-26 01:49:24','2015-08-26 00:39:06','2015-08-26 01:49:24',38.7245,-9.19912,184,NULL,1),('84:51:81:A7:B2:43_13','2015-08-26 01:50:11','2015-08-26 00:39:06','2015-08-26 01:50:11',38.7245,-9.19914,397,NULL,0),('84:51:81:A7:B2:43_13','2015-08-26 01:50:56','2015-08-26 00:39:06','2015-08-26 01:50:56',38.7245,-9.19921,82,NULL,0),('84:51:81:A7:B2:43_13','2015-08-26 01:51:32','2015-08-26 00:39:06','2015-08-26 01:51:32',38.7244,-9.19921,436,NULL,1),('84:51:81:A7:B2:43_13','2015-08-26 01:52:17','2015-08-26 00:39:06','2015-08-26 01:52:17',38.7245,-9.19927,57,NULL,1),('84:51:81:A7:B2:43_13','2015-08-26 01:52:52','2015-08-26 00:39:06','2015-08-26 01:52:52',38.7244,-9.19929,498,NULL,1),('84:51:81:A7:B2:43_13','2015-08-26 01:53:27','2015-08-26 00:39:06','2015-08-26 01:53:27',38.7244,-9.1993,228,NULL,1),('84:51:81:A7:B2:43_13','2015-08-26 01:53:55','2015-08-26 00:39:06','2015-08-26 01:53:55',38.7245,-9.19934,140,NULL,0),('84:51:81:A7:B2:43_13','2015-08-26 01:54:18','2015-08-26 00:39:06','2015-08-26 01:54:18',38.7244,-9.19938,103,NULL,0),('84:51:81:A7:B2:43_13','2015-08-26 01:54:45','2015-08-26 00:39:06','2015-08-26 01:54:45',38.7244,-9.19933,335,NULL,1),('84:51:81:A7:B2:43_13','2015-08-26 01:55:07','2015-08-26 00:39:06','2015-08-26 01:55:07',38.7244,-9.19939,494,NULL,1),('84:51:81:A7:B2:43_13','2015-08-26 01:55:34','2015-08-26 00:39:06','2015-08-26 01:55:34',38.7243,-9.19947,458,NULL,0),('84:51:81:A7:B2:43_13','2015-08-26 01:55:55','2015-08-26 00:39:06','2015-08-26 01:55:55',38.7243,-9.19944,258,NULL,0),('84:51:81:A7:B2:43_13','2015-08-26 01:56:11','2015-08-26 00:39:06','2015-08-26 01:56:11',38.7243,-9.19942,183,NULL,0),('84:51:81:A7:B2:43_13','2015-08-26 01:56:23','2015-08-26 00:39:06','2015-08-26 01:56:23',38.7244,-9.19947,275,NULL,1),('84:51:81:A7:B2:43_13','2015-08-26 01:56:36','2015-08-26 00:39:06','2015-08-26 01:56:36',38.7243,-9.19941,131,NULL,1),('84:51:81:A7:B2:43_13','2015-08-26 01:56:47','2015-08-26 00:39:06','2015-08-26 01:56:47',38.7244,-9.19937,433,NULL,1),('84:51:81:A7:B2:43_13','2015-08-26 01:56:58','2015-08-26 00:39:06','2015-08-26 01:56:58',38.7244,-9.19945,145,NULL,0),('84:51:81:A7:B2:43_13','2015-08-26 01:57:08','2015-08-26 00:39:06','2015-08-26 01:57:08',38.7244,-9.19948,415,NULL,1),('84:51:81:A7:B2:43_13','2015-08-26 01:57:20','2015-08-26 00:39:06','2015-08-26 01:57:20',38.7243,-9.19951,411,NULL,0),('84:51:81:A7:B2:43_13','2015-08-26 01:57:32','2015-08-26 00:39:06','2015-08-26 01:57:32',38.7243,-9.1995,102,NULL,0),('84:51:81:A7:B2:43_13','2015-08-26 01:57:44','2015-08-26 00:39:06','2015-08-26 01:57:44',38.7243,-9.1995,184,NULL,1),('84:51:81:A7:B2:43_13','2015-08-26 01:57:54','2015-08-26 00:39:06','2015-08-26 01:57:54',38.7242,-9.19949,421,NULL,0),('84:51:81:A7:B2:43_13','2015-08-26 01:58:03','2015-08-26 00:39:06','2015-08-26 01:58:03',38.7242,-9.19956,355,NULL,0),('84:51:81:A7:B2:43_13','2015-08-26 01:58:10','2015-08-26 00:39:06','2015-08-26 01:58:10',38.7242,-9.19963,21,NULL,0),('84:51:81:A7:B2:43_13','2015-08-26 01:58:18','2015-08-26 00:39:06','2015-08-26 01:58:18',38.7243,-9.19966,198,NULL,1),('84:51:81:A7:B2:43_13','2015-08-26 01:58:24','2015-08-26 00:39:06','2015-08-26 01:58:24',38.7243,-9.19974,56,NULL,1),('84:51:81:A7:B2:43_13','2015-08-26 01:58:31','2015-08-26 00:39:06','2015-08-26 01:58:31',38.7243,-9.19978,39,NULL,1),('84:51:81:A7:B2:43_14','2015-08-26 01:48:25','2015-08-26 00:39:06','2015-08-26 01:48:25',38.7172,-9.20629,226,NULL,0),('84:51:81:A7:B2:43_14','2015-08-26 01:49:12','2015-08-26 00:39:06','2015-08-26 01:49:12',38.7173,-9.20628,140,NULL,0),('84:51:81:A7:B2:43_14','2015-08-26 01:49:48','2015-08-26 00:39:06','2015-08-26 01:49:48',38.7173,-9.20633,446,NULL,0),('84:51:81:A7:B2:43_14','2015-08-26 01:50:32','2015-08-26 00:39:06','2015-08-26 01:50:32',38.7173,-9.20641,62,NULL,1),('84:51:81:A7:B2:43_14','2015-08-26 01:51:25','2015-08-26 00:39:06','2015-08-26 01:51:25',38.7173,-9.20647,64,NULL,1),('84:51:81:A7:B2:43_14','2015-08-26 01:52:10','2015-08-26 00:39:06','2015-08-26 01:52:10',38.7173,-9.20649,210,NULL,0),('84:51:81:A7:B2:43_14','2015-08-26 01:52:46','2015-08-26 00:39:06','2015-08-26 01:52:46',38.7173,-9.20649,39,NULL,0),('84:51:81:A7:B2:43_14','2015-08-26 01:53:13','2015-08-26 00:39:06','2015-08-26 01:53:13',38.7173,-9.20644,290,NULL,0),('84:51:81:A7:B2:43_14','2015-08-26 01:53:34','2015-08-26 00:39:06','2015-08-26 01:53:34',38.7172,-9.20648,227,NULL,0),('84:51:81:A7:B2:43_14','2015-08-26 01:54:00','2015-08-26 00:39:06','2015-08-26 01:54:00',38.7172,-9.20649,435,NULL,1),('84:51:81:A7:B2:43_14','2015-08-26 01:54:20','2015-08-26 00:39:06','2015-08-26 01:54:20',38.7172,-9.20642,380,NULL,0),('84:51:81:A7:B2:43_14','2015-08-26 01:54:38','2015-08-26 00:39:06','2015-08-26 01:54:38',38.7172,-9.20646,387,NULL,0),('84:51:81:A7:B2:43_14','2015-08-26 01:54:54','2015-08-26 00:39:06','2015-08-26 01:54:54',38.7172,-9.20651,465,NULL,0),('84:51:81:A7:B2:43_14','2015-08-26 01:55:08','2015-08-26 00:39:06','2015-08-26 01:55:08',38.7172,-9.20652,231,NULL,0),('84:51:81:A7:B2:43_14','2015-08-26 01:55:20','2015-08-26 00:39:06','2015-08-26 01:55:20',38.7173,-9.2065,311,NULL,0),('84:51:81:A7:B2:43_14','2015-08-26 01:55:30','2015-08-26 00:39:06','2015-08-26 01:55:30',38.7173,-9.20644,88,NULL,0),('84:51:81:A7:B2:43_14','2015-08-26 01:55:38','2015-08-26 00:39:06','2015-08-26 01:55:38',38.7174,-9.20639,476,NULL,0),('84:51:81:A7:B2:43_14','2015-08-26 01:55:45','2015-08-26 00:39:06','2015-08-26 01:55:45',38.7174,-9.2064,149,NULL,0),('84:51:81:A7:B2:43_14','2015-08-26 01:55:52','2015-08-26 00:39:06','2015-08-26 01:55:52',38.7173,-9.20642,23,NULL,0),('84:51:81:A7:B2:43_14','2015-08-26 01:55:59','2015-08-26 00:39:06','2015-08-26 01:55:59',38.7174,-9.2064,475,NULL,0),('84:51:81:A7:B2:43_14','2015-08-26 01:56:06','2015-08-26 00:39:06','2015-08-26 01:56:06',38.7175,-9.20642,75,NULL,0),('84:51:81:A7:B2:43_14','2015-08-26 01:56:13','2015-08-26 00:39:06','2015-08-26 01:56:13',38.7174,-9.20644,70,NULL,0),('84:51:81:A7:B2:43_14','2015-08-26 01:56:20','2015-08-26 00:39:06','2015-08-26 01:56:20',38.7173,-9.20647,191,NULL,0),('84:51:81:A7:B2:43_14','2015-08-26 01:56:27','2015-08-26 00:39:06','2015-08-26 01:56:27',38.7173,-9.20643,148,NULL,0),('84:51:81:A7:B2:43_14','2015-08-26 01:56:35','2015-08-26 00:39:06','2015-08-26 01:56:35',38.7172,-9.20648,286,NULL,1),('84:51:81:A7:B2:43_14','2015-08-26 01:56:44','2015-08-26 00:39:06','2015-08-26 01:56:44',38.7172,-9.20643,68,NULL,1),('84:51:81:A7:B2:43_14','2015-08-26 01:56:53','2015-08-26 00:39:06','2015-08-26 01:56:53',38.7171,-9.20646,104,NULL,1),('84:51:81:A7:B2:43_14','2015-08-26 01:57:03','2015-08-26 00:39:06','2015-08-26 01:57:03',38.7172,-9.20652,229,NULL,1),('84:51:81:A7:B2:43_14','2015-08-26 01:57:13','2015-08-26 00:39:06','2015-08-26 01:57:13',38.7172,-9.20649,284,NULL,1),('84:51:81:A7:B2:43_15','2015-08-26 01:48:25','2015-08-26 00:39:06','2015-08-26 01:48:25',38.7628,-9.17843,66,NULL,0),('84:51:81:A7:B2:43_15','2015-08-26 01:49:20','2015-08-26 00:39:06','2015-08-26 01:49:20',38.7628,-9.17842,34,NULL,0),('84:51:81:A7:B2:43_15','2015-08-26 01:50:22','2015-08-26 00:39:06','2015-08-26 01:50:22',38.7628,-9.17845,98,NULL,1),('84:51:81:A7:B2:43_15','2015-08-26 01:51:39','2015-08-26 00:39:06','2015-08-26 01:51:39',38.7629,-9.17844,473,NULL,1),('84:51:81:A7:B2:43_15','2015-08-26 01:53:12','2015-08-26 00:39:06','2015-08-26 01:53:12',38.763,-9.17843,319,NULL,1),('84:51:81:A7:B2:43_15','2015-08-26 01:55:05','2015-08-26 00:39:06','2015-08-26 01:55:05',38.763,-9.17845,302,NULL,0),('84:51:81:A7:B2:43_15','2015-08-26 01:56:45','2015-08-26 00:39:06','2015-08-26 01:56:45',38.763,-9.17842,367,NULL,0),('84:51:81:A7:B2:43_15','2015-08-26 01:58:10','2015-08-26 00:39:06','2015-08-26 01:58:10',38.7631,-9.17834,497,NULL,0),('84:51:81:A7:B2:43_15','2015-08-26 01:59:51','2015-08-26 00:39:06','2015-08-26 01:59:51',38.7631,-9.17839,385,NULL,1),('84:51:81:A7:B2:43_15','2015-08-26 02:01:52','2015-08-26 00:39:06','2015-08-26 02:01:52',38.763,-9.17845,261,NULL,0),('84:51:81:A7:B2:43_15','2015-08-26 02:03:39','2015-08-26 00:39:06','2015-08-26 02:03:39',38.7631,-9.17848,464,NULL,0),('84:51:81:A7:B2:43_15','2015-08-26 02:05:13','2015-08-26 00:39:06','2015-08-26 02:05:13',38.7631,-9.1785,176,NULL,1),('84:51:81:A7:B2:43_15','2015-08-26 02:06:45','2015-08-26 00:39:06','2015-08-26 02:06:45',38.7631,-9.17847,455,NULL,0),('84:51:81:A7:B2:43_15','2015-08-26 02:08:14','2015-08-26 00:39:06','2015-08-26 02:08:14',38.7631,-9.17839,398,NULL,1),('84:51:81:A7:B2:43_16','2015-08-26 01:48:25','2015-08-26 00:39:06','2015-08-26 01:48:25',38.7176,-9.20107,317,NULL,0),('84:51:81:A7:B2:43_16','2015-08-26 01:49:22','2015-08-26 00:39:06','2015-08-26 01:49:22',38.7176,-9.20103,118,NULL,0),('84:51:81:A7:B2:43_16','2015-08-26 01:50:09','2015-08-26 00:39:06','2015-08-26 01:50:09',38.7176,-9.20103,337,NULL,1),('84:51:81:A7:B2:43_16','2015-08-26 01:51:07','2015-08-26 00:39:06','2015-08-26 01:51:07',38.7176,-9.20106,190,NULL,0),('84:51:81:A7:B2:43_16','2015-08-26 01:52:08','2015-08-26 00:39:06','2015-08-26 01:52:08',38.7175,-9.20111,246,NULL,0),('84:51:81:A7:B2:43_16','2015-08-26 01:53:08','2015-08-26 00:39:06','2015-08-26 01:53:08',38.7175,-9.20112,32,NULL,0),('84:51:81:A7:B2:43_16','2015-08-26 01:54:13','2015-08-26 00:39:06','2015-08-26 01:54:13',38.7175,-9.20108,193,NULL,1),('84:51:81:A7:B2:43_16','2015-08-26 01:55:34','2015-08-26 00:39:06','2015-08-26 01:55:34',38.7175,-9.20111,305,NULL,0),('84:51:81:A7:B2:43_16','2015-08-26 01:56:42','2015-08-26 00:39:06','2015-08-26 01:56:42',38.7176,-9.20111,265,NULL,0),('84:51:81:A7:B2:43_16','2015-08-26 01:57:59','2015-08-26 00:39:06','2015-08-26 01:57:59',38.7175,-9.20105,193,NULL,1),('84:51:81:A7:B2:43_16','2015-08-26 01:58:59','2015-08-26 00:39:06','2015-08-26 01:58:59',38.7175,-9.20104,200,NULL,1),('84:51:81:A7:B2:43_16','2015-08-26 02:00:02','2015-08-26 00:39:06','2015-08-26 02:00:02',38.7174,-9.2011,187,NULL,0),('84:51:81:A7:B2:43_16','2015-08-26 02:01:05','2015-08-26 00:39:06','2015-08-26 02:01:05',38.7174,-9.20105,92,NULL,0),('84:51:81:A7:B2:43_16','2015-08-26 02:01:53','2015-08-26 00:39:06','2015-08-26 02:01:53',38.7174,-9.20106,105,NULL,0),('84:51:81:A7:B2:43_16','2015-08-26 02:02:37','2015-08-26 00:39:06','2015-08-26 02:02:37',38.7174,-9.20112,461,NULL,1),('84:51:81:A7:B2:43_16','2015-08-26 02:03:26','2015-08-26 00:39:06','2015-08-26 02:03:26',38.7174,-9.20114,244,NULL,1),('84:51:81:A7:B2:43_16','2015-08-26 02:04:27','2015-08-26 00:39:06','2015-08-26 02:04:27',38.7173,-9.20115,73,NULL,1),('84:51:81:A7:B2:43_16','2015-08-26 02:05:34','2015-08-26 00:39:06','2015-08-26 02:05:34',38.7174,-9.20111,262,NULL,1),('84:51:81:A7:B2:43_16','2015-08-26 02:06:40','2015-08-26 00:39:06','2015-08-26 02:06:40',38.7174,-9.20104,116,NULL,0),('84:51:81:A7:B2:43_16','2015-08-26 02:07:56','2015-08-26 00:39:06','2015-08-26 02:07:56',38.7174,-9.20107,439,NULL,0),('84:51:81:A7:B2:43_16','2015-08-26 02:09:07','2015-08-26 00:39:06','2015-08-26 02:09:07',38.7174,-9.20116,352,NULL,0),('84:51:81:A7:B2:43_16','2015-08-26 02:10:03','2015-08-26 00:39:06','2015-08-26 02:10:03',38.7174,-9.20117,85,NULL,0),('84:51:81:A7:B2:43_16','2015-08-26 02:11:09','2015-08-26 00:39:07','2015-08-26 02:11:09',38.7175,-9.20119,355,NULL,1),('84:51:81:A7:B2:43_16','2015-08-26 02:12:16','2015-08-26 00:39:07','2015-08-26 02:12:16',38.7174,-9.20124,164,NULL,1),('84:51:81:A7:B2:43_17','2015-08-26 01:48:25','2015-08-26 00:39:06','2015-08-26 01:48:25',38.7183,-9.1421,267,NULL,0),('84:51:81:A7:B2:43_17','2015-08-26 01:49:25','2015-08-26 00:39:06','2015-08-26 01:49:25',38.7183,-9.14215,324,NULL,1),('84:51:81:A7:B2:43_17','2015-08-26 01:50:24','2015-08-26 00:39:06','2015-08-26 01:50:24',38.7183,-9.14209,119,NULL,0),('84:51:81:A7:B2:43_17','2015-08-26 01:51:37','2015-08-26 00:39:06','2015-08-26 01:51:37',38.7183,-9.14211,279,NULL,1),('84:51:81:A7:B2:43_17','2015-08-26 01:53:03','2015-08-26 00:39:06','2015-08-26 01:53:03',38.7182,-9.14203,425,NULL,1),('84:51:81:A7:B2:43_17','2015-08-26 01:54:46','2015-08-26 00:39:06','2015-08-26 01:54:46',38.7183,-9.14211,335,NULL,1),('84:51:81:A7:B2:43_17','2015-08-26 01:56:40','2015-08-26 00:39:06','2015-08-26 01:56:40',38.7183,-9.14211,3,NULL,1),('84:51:81:A7:B2:43_17','2015-08-26 01:58:43','2015-08-26 00:39:06','2015-08-26 01:58:43',38.7182,-9.14207,27,NULL,1),('84:51:81:A7:B2:43_17','2015-08-26 02:00:57','2015-08-26 00:39:06','2015-08-26 02:00:57',38.7182,-9.14206,261,NULL,1),('84:51:81:A7:B2:43_17','2015-08-26 02:03:18','2015-08-26 00:39:06','2015-08-26 02:03:18',38.7182,-9.14205,18,NULL,1),('84:51:81:A7:B2:43_17','2015-08-26 02:05:38','2015-08-26 00:39:06','2015-08-26 02:05:38',38.7183,-9.14206,390,NULL,0),('84:51:81:A7:B2:43_17','2015-08-26 02:07:58','2015-08-26 00:39:06','2015-08-26 02:07:58',38.7182,-9.14209,420,NULL,0),('84:51:81:A7:B2:43_17','2015-08-26 02:10:13','2015-08-26 00:39:06','2015-08-26 02:10:13',38.7182,-9.14202,112,NULL,0),('84:51:81:A7:B2:43_17','2015-08-26 02:12:20','2015-08-26 00:39:06','2015-08-26 02:12:20',38.7182,-9.14208,109,NULL,0),('84:51:81:A7:B2:43_17','2015-08-26 02:14:22','2015-08-26 00:39:06','2015-08-26 02:14:22',38.7182,-9.14214,46,NULL,0),('84:51:81:A7:B2:43_17','2015-08-26 02:16:15','2015-08-26 00:39:06','2015-08-26 02:16:15',38.7182,-9.14214,154,NULL,0),('84:51:81:A7:B2:43_17','2015-08-26 02:18:00','2015-08-26 00:39:06','2015-08-26 02:18:00',38.7182,-9.14215,113,NULL,1),('84:51:81:A7:B2:43_17','2015-08-26 02:19:53','2015-08-26 00:39:06','2015-08-26 02:19:53',38.7182,-9.14214,266,NULL,1),('84:51:81:A7:B2:43_17','2015-08-26 02:21:52','2015-08-26 00:39:06','2015-08-26 02:21:52',38.7181,-9.14207,37,NULL,1),('84:51:81:A7:B2:43_17','2015-08-26 02:24:00','2015-08-26 00:39:06','2015-08-26 02:24:00',38.7182,-9.1421,48,NULL,0),('84:51:81:A7:B2:43_17','2015-08-26 02:26:02','2015-08-26 00:39:06','2015-08-26 02:26:02',38.7181,-9.14208,386,NULL,0),('84:51:81:A7:B2:43_17','2015-08-26 02:27:54','2015-08-26 00:39:06','2015-08-26 02:27:54',38.7181,-9.14208,499,NULL,0),('84:51:81:A7:B2:43_17','2015-08-26 02:29:39','2015-08-26 00:39:06','2015-08-26 02:29:39',38.7181,-9.14211,21,NULL,0),('84:51:81:A7:B2:43_17','2015-08-26 02:31:06','2015-08-26 00:39:06','2015-08-26 02:31:06',38.7181,-9.14209,393,NULL,0),('84:51:81:A7:B2:43_17','2015-08-26 02:32:16','2015-08-26 00:39:06','2015-08-26 02:32:16',38.7181,-9.14206,77,NULL,0),('84:51:81:A7:B2:43_17','2015-08-26 02:33:12','2015-08-26 00:39:06','2015-08-26 02:33:12',38.7181,-9.14206,107,NULL,0),('84:51:81:A7:B2:43_17','2015-08-26 02:34:03','2015-08-26 00:39:06','2015-08-26 02:34:03',38.7181,-9.14198,263,NULL,0),('84:51:81:A7:B2:43_17','2015-08-26 02:34:49','2015-08-26 00:39:06','2015-08-26 02:34:49',38.7181,-9.14193,43,NULL,0),('84:51:81:A7:B2:43_17','2015-08-26 02:35:31','2015-08-26 00:39:06','2015-08-26 02:35:31',38.7181,-9.1419,275,NULL,1),('84:51:81:A7:B2:43_18','2015-08-26 01:48:25','2015-08-26 00:39:06','2015-08-26 01:48:25',38.7439,-9.16072,492,NULL,0),('84:51:81:A7:B2:43_18','2015-08-26 01:49:15','2015-08-26 00:39:06','2015-08-26 01:49:15',38.7438,-9.16076,160,NULL,0),('84:51:81:A7:B2:43_18','2015-08-26 01:50:06','2015-08-26 00:39:06','2015-08-26 01:50:06',38.7439,-9.16084,460,NULL,1),('84:51:81:A7:B2:43_18','2015-08-26 01:50:59','2015-08-26 00:39:06','2015-08-26 01:50:59',38.7438,-9.16086,384,NULL,1),('84:51:81:A7:B2:43_18','2015-08-26 01:51:39','2015-08-26 00:39:06','2015-08-26 01:51:39',38.7439,-9.1608,352,NULL,1),('84:51:81:A7:B2:43_18','2015-08-26 01:52:23','2015-08-26 00:39:06','2015-08-26 01:52:23',38.7439,-9.16076,53,NULL,0),('84:51:81:A7:B2:43_18','2015-08-26 01:53:09','2015-08-26 00:39:06','2015-08-26 01:53:09',38.7439,-9.16071,461,NULL,1),('84:51:81:A7:B2:43_18','2015-08-26 01:54:05','2015-08-26 00:39:06','2015-08-26 01:54:05',38.7439,-9.16067,344,NULL,1),('84:51:81:A7:B2:43_18','2015-08-26 01:54:59','2015-08-26 00:39:06','2015-08-26 01:54:59',38.7438,-9.16068,484,NULL,0),('84:51:81:A7:B2:43_18','2015-08-26 01:55:46','2015-08-26 00:39:06','2015-08-26 01:55:46',38.7438,-9.16074,419,NULL,1),('84:51:81:A7:B2:43_18','2015-08-26 01:56:25','2015-08-26 00:39:06','2015-08-26 01:56:25',38.7438,-9.16074,434,NULL,0),('84:51:81:A7:B2:43_18','2015-08-26 01:57:10','2015-08-26 00:39:06','2015-08-26 01:57:10',38.7438,-9.16082,406,NULL,1),('84:51:81:A7:B2:43_18','2015-08-26 01:57:59','2015-08-26 00:39:06','2015-08-26 01:57:59',38.7439,-9.16083,268,NULL,1),('84:51:81:A7:B2:43_18','2015-08-26 01:58:50','2015-08-26 00:39:06','2015-08-26 01:58:50',38.7439,-9.16092,231,NULL,0),('84:51:81:A7:B2:43_18','2015-08-26 01:59:33','2015-08-26 00:39:06','2015-08-26 01:59:33',38.7438,-9.16087,166,NULL,0),('84:51:81:A7:B2:43_18','2015-08-26 02:00:22','2015-08-26 00:39:06','2015-08-26 02:00:22',38.7439,-9.16079,197,NULL,1),('84:51:81:A7:B2:43_18','2015-08-26 02:01:01','2015-08-26 00:39:06','2015-08-26 02:01:01',38.7439,-9.16075,107,NULL,1),('84:51:81:A7:B2:43_18','2015-08-26 02:01:39','2015-08-26 00:39:06','2015-08-26 02:01:39',38.744,-9.16076,185,NULL,1),('84:51:81:A7:B2:43_18','2015-08-26 02:02:25','2015-08-26 00:39:06','2015-08-26 02:02:25',38.744,-9.16076,149,NULL,1),('84:51:81:A7:B2:43_18','2015-08-26 02:03:18','2015-08-26 00:39:06','2015-08-26 02:03:18',38.744,-9.16078,180,NULL,0),('84:51:81:A7:B2:43_18','2015-08-26 02:03:59','2015-08-26 00:39:06','2015-08-26 02:03:59',38.7439,-9.16072,396,NULL,1),('84:51:81:A7:B2:43_18','2015-08-26 02:04:32','2015-08-26 00:39:06','2015-08-26 02:04:32',38.744,-9.16072,312,NULL,0),('84:51:81:A7:B2:43_18','2015-08-26 02:05:04','2015-08-26 00:39:06','2015-08-26 02:05:04',38.744,-9.16067,369,NULL,1),('84:51:81:A7:B2:43_18','2015-08-26 02:05:39','2015-08-26 00:39:06','2015-08-26 02:05:39',38.7441,-9.16068,464,NULL,1),('84:51:81:A7:B2:43_19','2015-08-26 01:48:25','2015-08-26 00:39:07','2015-08-26 01:48:25',38.766,-9.19899,71,NULL,0),('84:51:81:A7:B2:43_19','2015-08-26 01:49:29','2015-08-26 00:39:07','2015-08-26 01:49:29',38.766,-9.19892,188,NULL,1),('84:51:81:A7:B2:43_19','2015-08-26 01:50:36','2015-08-26 00:39:07','2015-08-26 01:50:36',38.7659,-9.19888,456,NULL,0),('84:51:81:A7:B2:43_19','2015-08-26 01:51:37','2015-08-26 00:39:07','2015-08-26 01:51:37',38.766,-9.19892,472,NULL,0),('84:51:81:A7:B2:43_19','2015-08-26 01:52:49','2015-08-26 00:39:07','2015-08-26 01:52:49',38.7659,-9.19886,73,NULL,1),('84:51:81:A7:B2:43_19','2015-08-26 01:54:19','2015-08-26 00:39:07','2015-08-26 01:54:19',38.7659,-9.19883,264,NULL,1),('84:51:81:A7:B2:43_19','2015-08-26 01:56:02','2015-08-26 00:39:07','2015-08-26 01:56:02',38.7659,-9.19883,71,NULL,1),('84:51:81:A7:B2:43_19','2015-08-26 01:57:20','2015-08-26 00:39:07','2015-08-26 01:57:20',38.7658,-9.1989,496,NULL,1),('84:51:81:A7:B2:43_19','2015-08-26 01:58:37','2015-08-26 00:39:07','2015-08-26 01:58:37',38.7659,-9.19884,279,NULL,0),('84:51:81:A7:B2:43_19','2015-08-26 01:59:36','2015-08-26 00:39:07','2015-08-26 01:59:36',38.7658,-9.19878,110,NULL,0),('84:51:81:A7:B2:43_19','2015-08-26 02:00:26','2015-08-26 00:39:07','2015-08-26 02:00:26',38.7659,-9.1988,285,NULL,1),('84:51:81:A7:B2:43_19','2015-08-26 02:01:22','2015-08-26 00:39:07','2015-08-26 02:01:22',38.7659,-9.19886,362,NULL,0),('84:51:81:A7:B2:43_19','2015-08-26 02:02:24','2015-08-26 00:39:07','2015-08-26 02:02:24',38.7659,-9.19882,11,NULL,0),('84:51:81:A7:B2:43_19','2015-08-26 02:03:27','2015-08-26 00:39:07','2015-08-26 02:03:27',38.7659,-9.19885,106,NULL,0),('84:51:81:A7:B2:43_19','2015-08-26 02:04:33','2015-08-26 00:39:07','2015-08-26 02:04:33',38.7659,-9.19877,384,NULL,0),('84:51:81:A7:B2:43_19','2015-08-26 02:05:54','2015-08-26 00:39:07','2015-08-26 02:05:54',38.7659,-9.19876,475,NULL,0),('84:51:81:A7:B2:43_19','2015-08-26 02:07:12','2015-08-26 00:39:07','2015-08-26 02:07:12',38.7659,-9.19885,261,NULL,0),('84:51:81:A7:B2:43_19','2015-08-26 02:08:27','2015-08-26 00:39:07','2015-08-26 02:08:27',38.7659,-9.1988,136,NULL,1),('84:51:81:A7:B2:43_19','2015-08-26 02:09:52','2015-08-26 00:39:07','2015-08-26 02:09:52',38.7659,-9.19882,174,NULL,0),('84:51:81:A7:B2:43_19','2015-08-26 02:11:06','2015-08-26 00:39:07','2015-08-26 02:11:06',38.7658,-9.19883,199,NULL,1),('84:51:81:A7:B2:43_19','2015-08-26 02:12:09','2015-08-26 00:39:07','2015-08-26 02:12:09',38.7659,-9.19885,283,NULL,0),('84:51:81:A7:B2:43_19','2015-08-26 02:13:04','2015-08-26 00:39:07','2015-08-26 02:13:04',38.7658,-9.1988,305,NULL,0),('84:51:81:A7:B2:43_19','2015-08-26 02:14:04','2015-08-26 00:39:07','2015-08-26 02:14:04',38.7659,-9.19876,34,NULL,1),('84:51:81:A7:B2:43_19','2015-08-26 02:15:06','2015-08-26 00:39:07','2015-08-26 02:15:06',38.7659,-9.19872,179,NULL,0),('84:51:81:A7:B2:43_2','2015-08-26 01:48:24','2015-08-26 00:39:05','2015-08-26 01:48:24',38.7215,-9.15143,41,NULL,0),('84:51:81:A7:B2:43_2','2015-08-26 01:49:22','2015-08-26 00:39:05','2015-08-26 01:49:22',38.7214,-9.15146,252,NULL,1),('84:51:81:A7:B2:43_2','2015-08-26 01:50:24','2015-08-26 00:39:05','2015-08-26 01:50:24',38.7214,-9.1514,212,NULL,1),('84:51:81:A7:B2:43_2','2015-08-26 01:51:18','2015-08-26 00:39:05','2015-08-26 01:51:18',38.7213,-9.15144,101,NULL,1),('84:51:81:A7:B2:43_2','2015-08-26 01:52:09','2015-08-26 00:39:05','2015-08-26 01:52:09',38.7213,-9.15137,343,NULL,0),('84:51:81:A7:B2:43_2','2015-08-26 01:53:05','2015-08-26 00:39:05','2015-08-26 01:53:05',38.7213,-9.15141,400,NULL,1),('84:51:81:A7:B2:43_2','2015-08-26 01:54:12','2015-08-26 00:39:05','2015-08-26 01:54:12',38.7213,-9.15135,252,NULL,1),('84:51:81:A7:B2:43_2','2015-08-26 01:55:18','2015-08-26 00:39:05','2015-08-26 01:55:18',38.7212,-9.15141,33,NULL,1),('84:51:81:A7:B2:43_2','2015-08-26 01:56:31','2015-08-26 00:39:05','2015-08-26 01:56:31',38.7212,-9.15142,231,NULL,1),('84:51:81:A7:B2:43_2','2015-08-26 01:58:00','2015-08-26 00:39:05','2015-08-26 01:58:00',38.7212,-9.15143,135,NULL,1),('84:51:81:A7:B2:43_2','2015-08-26 01:59:44','2015-08-26 00:39:05','2015-08-26 01:59:44',38.7212,-9.15147,377,NULL,0),('84:51:81:A7:B2:43_2','2015-08-26 02:01:06','2015-08-26 00:39:05','2015-08-26 02:01:06',38.7212,-9.15155,471,NULL,0),('84:51:81:A7:B2:43_2','2015-08-26 02:02:43','2015-08-26 00:39:05','2015-08-26 02:02:43',38.7212,-9.15153,402,NULL,1),('84:51:81:A7:B2:43_2','2015-08-26 02:04:16','2015-08-26 00:39:06','2015-08-26 02:04:16',38.7213,-9.15156,123,NULL,1),('84:51:81:A7:B2:43_2','2015-08-26 02:06:00','2015-08-26 00:39:06','2015-08-26 02:06:00',38.7212,-9.15154,302,NULL,0),('84:51:81:A7:B2:43_2','2015-08-26 02:07:20','2015-08-26 00:39:06','2015-08-26 02:07:20',38.7213,-9.1515,266,NULL,0),('84:51:81:A7:B2:43_2','2015-08-26 02:08:41','2015-08-26 00:39:06','2015-08-26 02:08:41',38.7212,-9.15153,7,NULL,1),('84:51:81:A7:B2:43_2','2015-08-26 02:10:11','2015-08-26 00:39:06','2015-08-26 02:10:11',38.7213,-9.15147,278,NULL,1),('84:51:81:A7:B2:43_2','2015-08-26 02:11:40','2015-08-26 00:39:06','2015-08-26 02:11:40',38.7213,-9.15147,185,NULL,0),('84:51:81:A7:B2:43_2','2015-08-26 02:13:24','2015-08-26 00:39:06','2015-08-26 02:13:24',38.7212,-9.1515,400,NULL,1),('84:51:81:A7:B2:43_20','2015-08-26 01:48:25','2015-08-26 00:39:06','2015-08-26 01:48:25',38.7175,-9.23014,12,NULL,0),('84:51:81:A7:B2:43_20','2015-08-26 01:49:36','2015-08-26 00:39:06','2015-08-26 01:49:36',38.7176,-9.23015,180,NULL,0),('84:51:81:A7:B2:43_20','2015-08-26 01:50:48','2015-08-26 00:39:06','2015-08-26 01:50:48',38.7176,-9.23014,29,NULL,0),('84:51:81:A7:B2:43_20','2015-08-26 01:51:55','2015-08-26 00:39:06','2015-08-26 01:51:55',38.7177,-9.23017,492,NULL,1),('84:51:81:A7:B2:43_20','2015-08-26 01:53:01','2015-08-26 00:39:06','2015-08-26 01:53:01',38.7177,-9.23011,107,NULL,1),('84:51:81:A7:B2:43_20','2015-08-26 01:53:57','2015-08-26 00:39:06','2015-08-26 01:53:57',38.7177,-9.23015,154,NULL,0),('84:51:81:A7:B2:43_20','2015-08-26 01:54:55','2015-08-26 00:39:06','2015-08-26 01:54:55',38.7177,-9.23008,26,NULL,0),('84:51:81:A7:B2:43_20','2015-08-26 01:55:58','2015-08-26 00:39:06','2015-08-26 01:55:58',38.7177,-9.23007,221,NULL,0),('84:51:81:A7:B2:43_20','2015-08-26 01:56:55','2015-08-26 00:39:06','2015-08-26 01:56:55',38.7177,-9.23008,278,NULL,1),('84:51:81:A7:B2:43_20','2015-08-26 01:58:03','2015-08-26 00:39:06','2015-08-26 01:58:03',38.7177,-9.23011,33,NULL,1),('84:51:81:A7:B2:43_20','2015-08-26 01:58:59','2015-08-26 00:39:06','2015-08-26 01:58:59',38.7177,-9.23004,44,NULL,0),('84:51:81:A7:B2:43_20','2015-08-26 02:00:01','2015-08-26 00:39:06','2015-08-26 02:00:01',38.7178,-9.23007,391,NULL,0),('84:51:81:A7:B2:43_20','2015-08-26 02:00:55','2015-08-26 00:39:06','2015-08-26 02:00:55',38.7179,-9.2301,200,NULL,0),('84:51:81:A7:B2:43_20','2015-08-26 02:01:45','2015-08-26 00:39:06','2015-08-26 02:01:45',38.718,-9.23013,363,NULL,1),('84:51:81:A7:B2:43_21','2015-08-26 01:48:25','2015-08-26 00:39:07','2015-08-26 01:48:25',38.7713,-9.21649,465,NULL,0),('84:51:81:A7:B2:43_21','2015-08-26 01:49:25','2015-08-26 00:39:07','2015-08-26 01:49:25',38.7713,-9.21655,183,NULL,0),('84:51:81:A7:B2:43_21','2015-08-26 01:50:19','2015-08-26 00:39:07','2015-08-26 01:50:19',38.7713,-9.21655,315,NULL,1),('84:51:81:A7:B2:43_21','2015-08-26 01:51:08','2015-08-26 00:39:07','2015-08-26 01:51:08',38.7713,-9.2166,300,NULL,0),('84:51:81:A7:B2:43_21','2015-08-26 01:52:00','2015-08-26 00:39:07','2015-08-26 01:52:00',38.7713,-9.21668,495,NULL,1),('84:51:81:A7:B2:43_21','2015-08-26 01:52:41','2015-08-26 00:39:07','2015-08-26 01:52:41',38.7713,-9.21675,360,NULL,1),('84:51:81:A7:B2:43_21','2015-08-26 01:53:13','2015-08-26 00:39:07','2015-08-26 01:53:13',38.7713,-9.21681,303,NULL,0),('84:51:81:A7:B2:43_21','2015-08-26 01:53:42','2015-08-26 00:39:07','2015-08-26 01:53:42',38.7712,-9.21687,482,NULL,0),('84:51:81:A7:B2:43_21','2015-08-26 01:54:12','2015-08-26 00:39:07','2015-08-26 01:54:12',38.7711,-9.21685,378,NULL,1),('84:51:81:A7:B2:43_21','2015-08-26 01:54:44','2015-08-26 00:39:07','2015-08-26 01:54:44',38.7712,-9.21683,127,NULL,1),('84:51:81:A7:B2:43_21','2015-08-26 01:55:13','2015-08-26 00:39:07','2015-08-26 01:55:13',38.7712,-9.21675,51,NULL,1),('84:51:81:A7:B2:43_21','2015-08-26 01:55:46','2015-08-26 00:39:07','2015-08-26 01:55:46',38.7712,-9.21666,322,NULL,1),('84:51:81:A7:B2:43_21','2015-08-26 01:56:20','2015-08-26 00:39:07','2015-08-26 01:56:20',38.7712,-9.21671,113,NULL,0),('84:51:81:A7:B2:43_21','2015-08-26 01:56:57','2015-08-26 00:39:07','2015-08-26 01:56:57',38.7712,-9.21677,158,NULL,0),('84:51:81:A7:B2:43_21','2015-08-26 01:57:27','2015-08-26 00:39:07','2015-08-26 01:57:27',38.7713,-9.21683,324,NULL,1),('84:51:81:A7:B2:43_21','2015-08-26 01:58:01','2015-08-26 00:39:07','2015-08-26 01:58:01',38.7712,-9.21682,36,NULL,0),('84:51:81:A7:B2:43_21','2015-08-26 01:58:36','2015-08-26 00:39:07','2015-08-26 01:58:36',38.7712,-9.21688,339,NULL,0),('84:51:81:A7:B2:43_21','2015-08-26 01:59:04','2015-08-26 00:39:07','2015-08-26 01:59:04',38.7712,-9.2169,203,NULL,1),('84:51:81:A7:B2:43_21','2015-08-26 01:59:36','2015-08-26 00:39:07','2015-08-26 01:59:36',38.7712,-9.21694,147,NULL,0),('84:51:81:A7:B2:43_21','2015-08-26 02:00:03','2015-08-26 00:39:07','2015-08-26 02:00:03',38.7711,-9.21696,474,NULL,1),('84:51:81:A7:B2:43_21','2015-08-26 02:00:32','2015-08-26 00:39:07','2015-08-26 02:00:32',38.771,-9.21696,318,NULL,0),('84:51:81:A7:B2:43_21','2015-08-26 02:01:04','2015-08-26 00:39:07','2015-08-26 02:01:04',38.7711,-9.21698,470,NULL,0),('84:51:81:A7:B2:43_21','2015-08-26 02:01:31','2015-08-26 00:39:07','2015-08-26 02:01:31',38.7712,-9.2169,341,NULL,1),('84:51:81:A7:B2:43_21','2015-08-26 02:01:55','2015-08-26 00:39:07','2015-08-26 02:01:55',38.7712,-9.21684,158,NULL,0),('84:51:81:A7:B2:43_21','2015-08-26 02:02:25','2015-08-26 00:39:07','2015-08-26 02:02:25',38.7711,-9.21688,323,NULL,0),('84:51:81:A7:B2:43_21','2015-08-26 02:03:00','2015-08-26 00:39:07','2015-08-26 02:03:00',38.7711,-9.21685,31,NULL,1),('84:51:81:A7:B2:43_21','2015-08-26 02:03:28','2015-08-26 00:39:07','2015-08-26 02:03:28',38.7712,-9.21687,91,NULL,1),('84:51:81:A7:B2:43_21','2015-08-26 02:04:02','2015-08-26 00:39:07','2015-08-26 02:04:02',38.7711,-9.21681,494,NULL,1),('84:51:81:A7:B2:43_21','2015-08-26 02:04:34','2015-08-26 00:39:07','2015-08-26 02:04:34',38.7711,-9.2168,202,NULL,1),('84:51:81:A7:B2:43_22','2015-08-26 01:48:25','2015-08-26 00:39:07','2015-08-26 01:48:25',38.7691,-9.13185,363,NULL,0),('84:51:81:A7:B2:43_22','2015-08-26 01:49:35','2015-08-26 00:39:07','2015-08-26 01:49:35',38.7691,-9.13179,453,NULL,0),('84:51:81:A7:B2:43_22','2015-08-26 01:50:31','2015-08-26 00:39:07','2015-08-26 01:50:31',38.7692,-9.13173,248,NULL,0),('84:51:81:A7:B2:43_22','2015-08-26 01:51:15','2015-08-26 00:39:07','2015-08-26 01:51:15',38.7692,-9.13167,410,NULL,0),('84:51:81:A7:B2:43_22','2015-08-26 01:51:55','2015-08-26 00:39:07','2015-08-26 01:51:55',38.7691,-9.1316,317,NULL,0),('84:51:81:A7:B2:43_22','2015-08-26 01:52:31','2015-08-26 00:39:07','2015-08-26 01:52:31',38.7691,-9.13154,90,NULL,0),('84:51:81:A7:B2:43_22','2015-08-26 01:53:01','2015-08-26 00:39:07','2015-08-26 01:53:01',38.7691,-9.13148,251,NULL,0),('84:51:81:A7:B2:43_22','2015-08-26 01:53:31','2015-08-26 00:39:07','2015-08-26 01:53:31',38.7691,-9.13153,28,NULL,0),('84:51:81:A7:B2:43_22','2015-08-26 01:53:59','2015-08-26 00:39:07','2015-08-26 01:53:59',38.7691,-9.1315,318,NULL,0),('84:51:81:A7:B2:43_22','2015-08-26 01:54:24','2015-08-26 00:39:07','2015-08-26 01:54:24',38.7691,-9.13147,382,NULL,0),('84:51:81:A7:B2:43_22','2015-08-26 01:54:47','2015-08-26 00:39:07','2015-08-26 01:54:47',38.769,-9.13151,191,NULL,1),('84:51:81:A7:B2:43_22','2015-08-26 01:55:11','2015-08-26 00:39:07','2015-08-26 01:55:11',38.7689,-9.13153,469,NULL,1),('84:51:81:A7:B2:43_22','2015-08-26 01:55:37','2015-08-26 00:39:07','2015-08-26 01:55:37',38.7689,-9.13149,167,NULL,1),('84:51:81:A7:B2:43_23','2015-08-26 01:48:25','2015-08-26 00:39:07','2015-08-26 01:48:25',38.7182,-9.11775,40,NULL,0),('84:51:81:A7:B2:43_23','2015-08-26 01:49:11','2015-08-26 00:39:07','2015-08-26 01:49:11',38.7182,-9.11769,321,NULL,0),('84:51:81:A7:B2:43_23','2015-08-26 01:49:51','2015-08-26 00:39:07','2015-08-26 01:49:51',38.7182,-9.11777,43,NULL,1),('84:51:81:A7:B2:43_23','2015-08-26 01:50:33','2015-08-26 00:39:07','2015-08-26 01:50:33',38.7182,-9.11781,201,NULL,0),('84:51:81:A7:B2:43_23','2015-08-26 01:51:19','2015-08-26 00:39:07','2015-08-26 01:51:19',38.7182,-9.11788,44,NULL,1),('84:51:81:A7:B2:43_23','2015-08-26 01:51:56','2015-08-26 00:39:07','2015-08-26 01:51:56',38.7181,-9.11791,378,NULL,0),('84:51:81:A7:B2:43_23','2015-08-26 01:52:25','2015-08-26 00:39:07','2015-08-26 01:52:25',38.718,-9.11789,494,NULL,0),('84:51:81:A7:B2:43_23','2015-08-26 01:52:56','2015-08-26 00:39:07','2015-08-26 01:52:56',38.718,-9.11797,135,NULL,0),('84:51:81:A7:B2:43_23','2015-08-26 01:53:22','2015-08-26 00:39:07','2015-08-26 01:53:22',38.7181,-9.11799,161,NULL,1),('84:51:81:A7:B2:43_23','2015-08-26 01:53:48','2015-08-26 00:39:07','2015-08-26 01:53:48',38.7181,-9.11799,286,NULL,1),('84:51:81:A7:B2:43_23','2015-08-26 01:54:19','2015-08-26 00:39:07','2015-08-26 01:54:19',38.7181,-9.118,432,NULL,0),('84:51:81:A7:B2:43_23','2015-08-26 01:54:50','2015-08-26 00:39:07','2015-08-26 01:54:50',38.7181,-9.11806,182,NULL,0),('84:51:81:A7:B2:43_23','2015-08-26 01:55:18','2015-08-26 00:39:07','2015-08-26 01:55:18',38.718,-9.11799,373,NULL,1),('84:51:81:A7:B2:43_23','2015-08-26 01:55:45','2015-08-26 00:39:07','2015-08-26 01:55:45',38.718,-9.1179,13,NULL,0),('84:51:81:A7:B2:43_23','2015-08-26 01:56:18','2015-08-26 00:39:07','2015-08-26 01:56:18',38.7181,-9.11794,475,NULL,0),('84:51:81:A7:B2:43_23','2015-08-26 01:56:54','2015-08-26 00:39:07','2015-08-26 01:56:54',38.7181,-9.11795,62,NULL,0),('84:51:81:A7:B2:43_23','2015-08-26 01:57:24','2015-08-26 00:39:07','2015-08-26 01:57:24',38.7182,-9.11796,47,NULL,0),('84:51:81:A7:B2:43_23','2015-08-26 01:57:58','2015-08-26 00:39:07','2015-08-26 01:57:58',38.7182,-9.11803,160,NULL,1),('84:51:81:A7:B2:43_23','2015-08-26 01:58:24','2015-08-26 00:39:07','2015-08-26 01:58:24',38.7182,-9.1181,376,NULL,0),('84:51:81:A7:B2:43_23','2015-08-26 01:58:55','2015-08-26 00:39:07','2015-08-26 01:58:55',38.7183,-9.1181,129,NULL,1),('84:51:81:A7:B2:43_23','2015-08-26 01:59:30','2015-08-26 00:39:07','2015-08-26 01:59:30',38.7182,-9.11814,62,NULL,0),('84:51:81:A7:B2:43_23','2015-08-26 02:00:04','2015-08-26 00:39:07','2015-08-26 02:00:04',38.7183,-9.11816,357,NULL,0),('84:51:81:A7:B2:43_24','2015-08-26 01:48:26','2015-08-26 00:39:07','2015-08-26 01:48:26',38.7602,-9.20145,306,NULL,0),('84:51:81:A7:B2:43_24','2015-08-26 01:49:18','2015-08-26 00:39:07','2015-08-26 01:49:18',38.7603,-9.20142,406,NULL,0),('84:51:81:A7:B2:43_24','2015-08-26 01:49:57','2015-08-26 00:39:07','2015-08-26 01:49:57',38.7603,-9.20148,487,NULL,0),('84:51:81:A7:B2:43_24','2015-08-26 01:50:42','2015-08-26 00:39:07','2015-08-26 01:50:42',38.7603,-9.20144,127,NULL,1),('84:51:81:A7:B2:43_24','2015-08-26 01:51:21','2015-08-26 00:39:07','2015-08-26 01:51:21',38.7603,-9.20147,240,NULL,0),('84:51:81:A7:B2:43_24','2015-08-26 01:52:02','2015-08-26 00:39:07','2015-08-26 01:52:02',38.7603,-9.20148,97,NULL,0),('84:51:81:A7:B2:43_24','2015-08-26 01:52:41','2015-08-26 00:39:07','2015-08-26 01:52:41',38.7603,-9.20142,213,NULL,1),('84:51:81:A7:B2:43_24','2015-08-26 01:53:25','2015-08-26 00:39:07','2015-08-26 01:53:25',38.7603,-9.20138,97,NULL,0),('84:51:81:A7:B2:43_24','2015-08-26 01:54:04','2015-08-26 00:39:07','2015-08-26 01:54:04',38.7603,-9.20132,424,NULL,0),('84:51:81:A7:B2:43_24','2015-08-26 01:54:39','2015-08-26 00:39:07','2015-08-26 01:54:39',38.7603,-9.20136,83,NULL,1),('84:51:81:A7:B2:43_24','2015-08-26 01:55:08','2015-08-26 00:39:07','2015-08-26 01:55:08',38.7604,-9.20139,196,NULL,1),('84:51:81:A7:B2:43_24','2015-08-26 01:55:43','2015-08-26 00:39:07','2015-08-26 01:55:43',38.7604,-9.20134,162,NULL,0),('84:51:81:A7:B2:43_24','2015-08-26 01:56:25','2015-08-26 00:39:07','2015-08-26 01:56:25',38.7604,-9.20141,78,NULL,1),('84:51:81:A7:B2:43_24','2015-08-26 01:57:15','2015-08-26 00:39:07','2015-08-26 01:57:15',38.7604,-9.20143,421,NULL,1),('84:51:81:A7:B2:43_24','2015-08-26 01:58:04','2015-08-26 00:39:07','2015-08-26 01:58:04',38.7604,-9.2014,194,NULL,1),('84:51:81:A7:B2:43_24','2015-08-26 01:58:53','2015-08-26 00:39:07','2015-08-26 01:58:53',38.7604,-9.20133,210,NULL,1),('84:51:81:A7:B2:43_24','2015-08-26 01:59:41','2015-08-26 00:39:07','2015-08-26 01:59:41',38.7605,-9.20132,415,NULL,0),('84:51:81:A7:B2:43_25','2015-08-26 01:48:26','2015-08-26 00:39:07','2015-08-26 01:48:26',38.7571,-9.21956,167,NULL,0),('84:51:81:A7:B2:43_25','2015-08-26 01:49:13','2015-08-26 00:39:07','2015-08-26 01:49:13',38.7571,-9.21957,228,NULL,1),('84:51:81:A7:B2:43_25','2015-08-26 01:49:54','2015-08-26 00:39:07','2015-08-26 01:49:54',38.7572,-9.21962,145,NULL,1),('84:51:81:A7:B2:43_25','2015-08-26 01:50:44','2015-08-26 00:39:07','2015-08-26 01:50:44',38.7572,-9.21959,89,NULL,1),('84:51:81:A7:B2:43_25','2015-08-26 01:51:27','2015-08-26 00:39:07','2015-08-26 01:51:27',38.7572,-9.21962,22,NULL,0),('84:51:81:A7:B2:43_25','2015-08-26 01:52:07','2015-08-26 00:39:07','2015-08-26 01:52:07',38.7572,-9.21955,445,NULL,0),('84:51:81:A7:B2:43_25','2015-08-26 01:52:48','2015-08-26 00:39:07','2015-08-26 01:52:48',38.7571,-9.21962,398,NULL,1),('84:51:81:A7:B2:43_25','2015-08-26 01:53:23','2015-08-26 00:39:07','2015-08-26 01:53:23',38.7571,-9.21959,85,NULL,0),('84:51:81:A7:B2:43_25','2015-08-26 01:53:52','2015-08-26 00:39:07','2015-08-26 01:53:52',38.7572,-9.21958,234,NULL,1),('84:51:81:A7:B2:43_25','2015-08-26 01:54:28','2015-08-26 00:39:07','2015-08-26 01:54:28',38.7573,-9.21963,321,NULL,1),('84:51:81:A7:B2:43_25','2015-08-26 01:55:11','2015-08-26 00:39:07','2015-08-26 01:55:11',38.7572,-9.21955,409,NULL,1),('84:51:81:A7:B2:43_25','2015-08-26 01:55:55','2015-08-26 00:39:07','2015-08-26 01:55:55',38.7572,-9.21962,48,NULL,0),('84:51:81:A7:B2:43_25','2015-08-26 01:56:30','2015-08-26 00:39:07','2015-08-26 01:56:30',38.7572,-9.21959,299,NULL,1),('84:51:81:A7:B2:43_26','2015-08-26 01:48:26','2015-08-26 00:39:07','2015-08-26 01:48:26',38.7428,-9.23573,389,NULL,0),('84:51:81:A7:B2:43_26','2015-08-26 01:49:23','2015-08-26 00:39:07','2015-08-26 01:49:23',38.7427,-9.23572,329,NULL,1),('84:51:81:A7:B2:43_26','2015-08-26 01:50:28','2015-08-26 00:39:07','2015-08-26 01:50:28',38.7428,-9.23563,68,NULL,1),('84:51:81:A7:B2:43_26','2015-08-26 01:51:36','2015-08-26 00:39:07','2015-08-26 01:51:36',38.7428,-9.23563,424,NULL,1),('84:51:81:A7:B2:43_26','2015-08-26 01:52:37','2015-08-26 00:39:07','2015-08-26 01:52:37',38.7428,-9.23556,64,NULL,0),('84:51:81:A7:B2:43_26','2015-08-26 01:53:33','2015-08-26 00:39:07','2015-08-26 01:53:33',38.7428,-9.23549,287,NULL,1),('84:51:81:A7:B2:43_26','2015-08-26 01:54:22','2015-08-26 00:39:07','2015-08-26 01:54:22',38.7428,-9.23548,298,NULL,1),('84:51:81:A7:B2:43_26','2015-08-26 01:55:16','2015-08-26 00:39:07','2015-08-26 01:55:16',38.7428,-9.23553,146,NULL,1),('84:51:81:A7:B2:43_26','2015-08-26 01:56:19','2015-08-26 00:39:07','2015-08-26 01:56:19',38.7428,-9.23551,67,NULL,1),('84:51:81:A7:B2:43_26','2015-08-26 01:57:33','2015-08-26 00:39:07','2015-08-26 01:57:33',38.7428,-9.23546,324,NULL,1),('84:51:81:A7:B2:43_26','2015-08-26 01:59:05','2015-08-26 00:39:07','2015-08-26 01:59:05',38.7429,-9.23549,442,NULL,0),('84:51:81:A7:B2:43_26','2015-08-26 02:00:17','2015-08-26 00:39:07','2015-08-26 02:00:17',38.7429,-9.23544,16,NULL,0),('84:51:81:A7:B2:43_26','2015-08-26 02:01:23','2015-08-26 00:39:07','2015-08-26 02:01:23',38.7429,-9.23544,33,NULL,0),('84:51:81:A7:B2:43_26','2015-08-26 02:02:37','2015-08-26 00:39:07','2015-08-26 02:02:37',38.7429,-9.23546,6,NULL,1),('84:51:81:A7:B2:43_26','2015-08-26 02:04:00','2015-08-26 00:39:07','2015-08-26 02:04:00',38.7429,-9.23551,254,NULL,1),('84:51:81:A7:B2:43_26','2015-08-26 02:05:37','2015-08-26 00:39:07','2015-08-26 02:05:37',38.7429,-9.23552,105,NULL,1),('84:51:81:A7:B2:43_26','2015-08-26 02:07:31','2015-08-26 00:39:07','2015-08-26 02:07:31',38.7429,-9.23556,113,NULL,1),('84:51:81:A7:B2:43_26','2015-08-26 02:09:41','2015-08-26 00:39:07','2015-08-26 02:09:41',38.7429,-9.23562,358,NULL,1),('84:51:81:A7:B2:43_27','2015-08-26 01:48:26','2015-08-26 00:39:07','2015-08-26 01:48:26',38.775,-9.14567,393,NULL,0),('84:51:81:A7:B2:43_27','2015-08-26 01:49:38','2015-08-26 00:39:07','2015-08-26 01:49:38',38.775,-9.1457,25,NULL,0),('84:51:81:A7:B2:43_27','2015-08-26 01:50:45','2015-08-26 00:39:07','2015-08-26 01:50:45',38.7751,-9.14563,27,NULL,0),('84:51:81:A7:B2:43_27','2015-08-26 01:51:45','2015-08-26 00:39:07','2015-08-26 01:51:45',38.7751,-9.14563,42,NULL,0),('84:51:81:A7:B2:43_27','2015-08-26 01:52:39','2015-08-26 00:39:07','2015-08-26 01:52:39',38.7751,-9.14555,385,NULL,0),('84:51:81:A7:B2:43_27','2015-08-26 01:53:24','2015-08-26 00:39:07','2015-08-26 01:53:24',38.7751,-9.14549,269,NULL,0),('84:51:81:A7:B2:43_27','2015-08-26 01:54:02','2015-08-26 00:39:07','2015-08-26 01:54:02',38.7751,-9.14556,172,NULL,0),('84:51:81:A7:B2:43_27','2015-08-26 01:54:33','2015-08-26 00:39:07','2015-08-26 01:54:33',38.7752,-9.14559,428,NULL,0),('84:51:81:A7:B2:43_27','2015-08-26 01:55:03','2015-08-26 00:39:07','2015-08-26 01:55:03',38.7752,-9.14568,140,NULL,0),('84:51:81:A7:B2:43_27','2015-08-26 01:55:33','2015-08-26 00:39:07','2015-08-26 01:55:33',38.7752,-9.14562,297,NULL,0),('84:51:81:A7:B2:43_27','2015-08-26 01:56:01','2015-08-26 00:39:07','2015-08-26 01:56:01',38.7752,-9.14556,342,NULL,1),('84:51:81:A7:B2:43_27','2015-08-26 01:56:34','2015-08-26 00:39:07','2015-08-26 01:56:34',38.7751,-9.14551,7,NULL,1),('84:51:81:A7:B2:43_27','2015-08-26 01:57:01','2015-08-26 00:39:07','2015-08-26 01:57:01',38.7751,-9.14551,428,NULL,0),('84:51:81:A7:B2:43_27','2015-08-26 01:57:32','2015-08-26 00:39:07','2015-08-26 01:57:32',38.775,-9.14556,237,NULL,1),('84:51:81:A7:B2:43_28','2015-08-26 01:48:26','2015-08-26 00:39:07','2015-08-26 01:48:26',38.7513,-9.17019,420,NULL,0),('84:51:81:A7:B2:43_28','2015-08-26 01:49:32','2015-08-26 00:39:07','2015-08-26 01:49:32',38.7512,-9.17024,14,NULL,1),('84:51:81:A7:B2:43_28','2015-08-26 01:50:43','2015-08-26 00:39:07','2015-08-26 01:50:43',38.7512,-9.17024,499,NULL,1),('84:51:81:A7:B2:43_28','2015-08-26 01:51:45','2015-08-26 00:39:07','2015-08-26 01:51:45',38.7512,-9.17022,194,NULL,1),('84:51:81:A7:B2:43_28','2015-08-26 01:52:57','2015-08-26 00:39:07','2015-08-26 01:52:57',38.7512,-9.17024,432,NULL,1),('84:51:81:A7:B2:43_28','2015-08-26 01:54:26','2015-08-26 00:39:07','2015-08-26 01:54:26',38.7512,-9.17029,126,NULL,1),('84:51:81:A7:B2:43_28','2015-08-26 01:55:42','2015-08-26 00:39:07','2015-08-26 01:55:42',38.7512,-9.17026,286,NULL,0),('84:51:81:A7:B2:43_28','2015-08-26 01:56:55','2015-08-26 00:39:07','2015-08-26 01:56:55',38.7512,-9.1702,238,NULL,0),('84:51:81:A7:B2:43_28','2015-08-26 01:57:56','2015-08-26 00:39:07','2015-08-26 01:57:56',38.7512,-9.1702,39,NULL,0),('84:51:81:A7:B2:43_28','2015-08-26 01:58:48','2015-08-26 00:39:07','2015-08-26 01:58:48',38.7513,-9.17028,171,NULL,0),('84:51:81:A7:B2:43_28','2015-08-26 01:59:46','2015-08-26 00:39:07','2015-08-26 01:59:46',38.7513,-9.17021,8,NULL,0),('84:51:81:A7:B2:43_28','2015-08-26 02:00:54','2015-08-26 00:39:07','2015-08-26 02:00:54',38.7513,-9.17029,353,NULL,0),('84:51:81:A7:B2:43_29','2015-08-26 01:48:26','2015-08-26 00:39:07','2015-08-26 01:48:26',38.7388,-9.12883,37,NULL,0),('84:51:81:A7:B2:43_29','2015-08-26 01:49:22','2015-08-26 00:39:07','2015-08-26 01:49:22',38.7388,-9.12875,113,NULL,0),('84:51:81:A7:B2:43_29','2015-08-26 01:50:23','2015-08-26 00:39:07','2015-08-26 01:50:23',38.7389,-9.12871,350,NULL,1),('84:51:81:A7:B2:43_29','2015-08-26 01:51:27','2015-08-26 00:39:07','2015-08-26 01:51:27',38.7388,-9.12865,408,NULL,1),('84:51:81:A7:B2:43_29','2015-08-26 01:52:29','2015-08-26 00:39:07','2015-08-26 01:52:29',38.7388,-9.1287,77,NULL,0),('84:51:81:A7:B2:43_29','2015-08-26 01:53:39','2015-08-26 00:39:07','2015-08-26 01:53:39',38.7388,-9.12878,347,NULL,1),('84:51:81:A7:B2:43_29','2015-08-26 01:54:52','2015-08-26 00:39:07','2015-08-26 01:54:52',38.7388,-9.12875,404,NULL,1),('84:51:81:A7:B2:43_29','2015-08-26 01:56:15','2015-08-26 00:39:07','2015-08-26 01:56:15',38.7388,-9.12876,340,NULL,1),('84:51:81:A7:B2:43_29','2015-08-26 01:57:36','2015-08-26 00:39:07','2015-08-26 01:57:36',38.7388,-9.12879,230,NULL,0),('84:51:81:A7:B2:43_29','2015-08-26 01:59:15','2015-08-26 00:39:07','2015-08-26 01:59:15',38.7388,-9.12881,497,NULL,0),('84:51:81:A7:B2:43_29','2015-08-26 02:00:38','2015-08-26 00:39:07','2015-08-26 02:00:38',38.7388,-9.12884,445,NULL,1),('84:51:81:A7:B2:43_29','2015-08-26 02:01:50','2015-08-26 00:39:07','2015-08-26 02:01:50',38.7388,-9.12889,416,NULL,1),('84:51:81:A7:B2:43_29','2015-08-26 02:02:55','2015-08-26 00:39:07','2015-08-26 02:02:55',38.7387,-9.12885,143,NULL,1),('84:51:81:A7:B2:43_29','2015-08-26 02:04:12','2015-08-26 00:39:07','2015-08-26 02:04:12',38.7387,-9.12883,10,NULL,0),('84:51:81:A7:B2:43_29','2015-08-26 02:05:19','2015-08-26 00:39:07','2015-08-26 02:05:19',38.7386,-9.12883,128,NULL,0),('84:51:81:A7:B2:43_29','2015-08-26 02:06:09','2015-08-26 00:39:07','2015-08-26 02:06:09',38.7386,-9.1288,403,NULL,1),('84:51:81:A7:B2:43_29','2015-08-26 02:07:05','2015-08-26 00:39:07','2015-08-26 02:07:05',38.7385,-9.12882,212,NULL,0),('84:51:81:A7:B2:43_29','2015-08-26 02:08:14','2015-08-26 00:39:07','2015-08-26 02:08:14',38.7386,-9.12879,479,NULL,0),('84:51:81:A7:B2:43_29','2015-08-26 02:09:18','2015-08-26 00:39:07','2015-08-26 02:09:18',38.7387,-9.12874,374,NULL,1),('84:51:81:A7:B2:43_29','2015-08-26 02:10:20','2015-08-26 00:39:07','2015-08-26 02:10:20',38.7387,-9.12877,374,NULL,0),('84:51:81:A7:B2:43_29','2015-08-26 02:11:18','2015-08-26 00:39:07','2015-08-26 02:11:18',38.7387,-9.1288,371,NULL,0),('84:51:81:A7:B2:43_29','2015-08-26 02:12:12','2015-08-26 00:39:07','2015-08-26 02:12:12',38.7388,-9.12883,25,NULL,0),('84:51:81:A7:B2:43_29','2015-08-26 02:12:54','2015-08-26 00:39:07','2015-08-26 02:12:54',38.7387,-9.1289,232,NULL,1),('84:51:81:A7:B2:43_29','2015-08-26 02:13:35','2015-08-26 00:39:07','2015-08-26 02:13:35',38.7387,-9.1289,359,NULL,0),('84:51:81:A7:B2:43_29','2015-08-26 02:14:20','2015-08-26 00:39:07','2015-08-26 02:14:20',38.7387,-9.12897,122,NULL,0),('84:51:81:A7:B2:43_29','2015-08-26 02:14:56','2015-08-26 00:39:07','2015-08-26 02:14:56',38.7386,-9.12895,360,NULL,0),('84:51:81:A7:B2:43_3','2015-08-26 01:48:24','2015-08-26 00:39:05','2015-08-26 01:48:24',38.7552,-9.20535,150,NULL,0),('84:51:81:A7:B2:43_3','2015-08-26 01:49:11','2015-08-26 00:39:05','2015-08-26 01:49:11',38.7551,-9.20543,217,NULL,0),('84:51:81:A7:B2:43_3','2015-08-26 01:49:49','2015-08-26 00:39:05','2015-08-26 01:49:49',38.7552,-9.20543,354,NULL,0),('84:51:81:A7:B2:43_3','2015-08-26 01:50:19','2015-08-26 00:39:05','2015-08-26 01:50:19',38.7553,-9.20542,264,NULL,0),('84:51:81:A7:B2:43_3','2015-08-26 01:50:45','2015-08-26 00:39:05','2015-08-26 01:50:45',38.7553,-9.2054,478,NULL,0),('84:51:81:A7:B2:43_3','2015-08-26 01:51:14','2015-08-26 00:39:05','2015-08-26 01:51:14',38.7553,-9.20537,237,NULL,1),('84:51:81:A7:B2:43_3','2015-08-26 01:51:44','2015-08-26 00:39:05','2015-08-26 01:51:44',38.7554,-9.20541,10,NULL,1),('84:51:81:A7:B2:43_3','2015-08-26 01:52:15','2015-08-26 00:39:05','2015-08-26 01:52:15',38.7554,-9.20543,111,NULL,1),('84:51:81:A7:B2:43_3','2015-08-26 01:52:51','2015-08-26 00:39:05','2015-08-26 01:52:51',38.7555,-9.20546,77,NULL,1),('84:51:81:A7:B2:43_3','2015-08-26 01:53:32','2015-08-26 00:39:05','2015-08-26 01:53:32',38.7555,-9.20538,324,NULL,1),('84:51:81:A7:B2:43_3','2015-08-26 01:54:03','2015-08-26 00:39:05','2015-08-26 01:54:03',38.7555,-9.20535,92,NULL,0),('84:51:81:A7:B2:43_3','2015-08-26 01:54:27','2015-08-26 00:39:05','2015-08-26 01:54:27',38.7556,-9.20528,23,NULL,0),('84:51:81:A7:B2:43_3','2015-08-26 01:54:57','2015-08-26 00:39:05','2015-08-26 01:54:57',38.7555,-9.20525,382,NULL,1),('84:51:81:A7:B2:43_3','2015-08-26 01:55:23','2015-08-26 00:39:05','2015-08-26 01:55:23',38.7555,-9.2052,273,NULL,0),('84:51:81:A7:B2:43_3','2015-08-26 01:55:46','2015-08-26 00:39:05','2015-08-26 01:55:46',38.7556,-9.20518,352,NULL,0),('84:51:81:A7:B2:43_3','2015-08-26 01:56:05','2015-08-26 00:39:05','2015-08-26 01:56:05',38.7556,-9.20524,279,NULL,0),('84:51:81:A7:B2:43_3','2015-08-26 01:56:20','2015-08-26 00:39:05','2015-08-26 01:56:20',38.7556,-9.20525,415,NULL,0),('84:51:81:A7:B2:43_3','2015-08-26 01:56:32','2015-08-26 00:39:05','2015-08-26 01:56:32',38.7556,-9.20521,245,NULL,1),('84:51:81:A7:B2:43_3','2015-08-26 01:56:46','2015-08-26 00:39:05','2015-08-26 01:56:46',38.7556,-9.20517,374,NULL,1),('84:51:81:A7:B2:43_3','2015-08-26 01:57:03','2015-08-26 00:39:05','2015-08-26 01:57:03',38.7556,-9.20523,45,NULL,1),('84:51:81:A7:B2:43_3','2015-08-26 01:57:17','2015-08-26 00:39:05','2015-08-26 01:57:17',38.7555,-9.20522,370,NULL,0),('84:51:81:A7:B2:43_4','2015-08-26 01:48:24','2015-08-26 00:39:06','2015-08-26 01:48:24',38.7376,-9.16085,431,NULL,0),('84:51:81:A7:B2:43_4','2015-08-26 01:49:19','2015-08-26 00:39:06','2015-08-26 01:49:19',38.7376,-9.1608,18,NULL,1),('84:51:81:A7:B2:43_4','2015-08-26 01:50:17','2015-08-26 00:39:06','2015-08-26 01:50:17',38.7377,-9.16075,329,NULL,1),('84:51:81:A7:B2:43_4','2015-08-26 01:51:16','2015-08-26 00:39:06','2015-08-26 01:51:16',38.7377,-9.16067,41,NULL,1),('84:51:81:A7:B2:43_4','2015-08-26 01:52:13','2015-08-26 00:39:06','2015-08-26 01:52:13',38.7378,-9.16071,165,NULL,0),('84:51:81:A7:B2:43_4','2015-08-26 01:53:09','2015-08-26 00:39:06','2015-08-26 01:53:09',38.7377,-9.16063,89,NULL,0),('84:51:81:A7:B2:43_4','2015-08-26 01:53:51','2015-08-26 00:39:06','2015-08-26 01:53:51',38.7378,-9.16067,213,NULL,0),('84:51:81:A7:B2:43_4','2015-08-26 01:54:42','2015-08-26 00:39:06','2015-08-26 01:54:42',38.7378,-9.16071,175,NULL,1),('84:51:81:A7:B2:43_4','2015-08-26 01:55:26','2015-08-26 00:39:06','2015-08-26 01:55:26',38.7378,-9.16077,430,NULL,0),('84:51:81:A7:B2:43_4','2015-08-26 01:56:04','2015-08-26 00:39:06','2015-08-26 01:56:04',38.7378,-9.16076,347,NULL,0),('84:51:81:A7:B2:43_4','2015-08-26 01:56:36','2015-08-26 00:39:06','2015-08-26 01:56:36',38.7378,-9.16077,429,NULL,0),('84:51:81:A7:B2:43_4','2015-08-26 01:57:01','2015-08-26 00:39:06','2015-08-26 01:57:01',38.7378,-9.16084,142,NULL,0),('84:51:81:A7:B2:43_4','2015-08-26 01:57:21','2015-08-26 00:39:06','2015-08-26 01:57:21',38.7377,-9.16088,199,NULL,0),('84:51:81:A7:B2:43_4','2015-08-26 01:57:40','2015-08-26 00:39:06','2015-08-26 01:57:40',38.7378,-9.16081,33,NULL,0),('84:51:81:A7:B2:43_4','2015-08-26 01:57:57','2015-08-26 00:39:06','2015-08-26 01:57:57',38.7378,-9.16078,419,NULL,1),('84:51:81:A7:B2:43_4','2015-08-26 01:58:15','2015-08-26 00:39:06','2015-08-26 01:58:15',38.7378,-9.16084,18,NULL,1),('84:51:81:A7:B2:43_4','2015-08-26 01:58:33','2015-08-26 00:39:06','2015-08-26 01:58:33',38.7377,-9.16088,172,NULL,1),('84:51:81:A7:B2:43_4','2015-08-26 01:58:51','2015-08-26 00:39:06','2015-08-26 01:58:51',38.7377,-9.16084,9,NULL,0),('84:51:81:A7:B2:43_4','2015-08-26 01:59:09','2015-08-26 00:39:06','2015-08-26 01:59:09',38.7378,-9.16086,379,NULL,0),('84:51:81:A7:B2:43_4','2015-08-26 01:59:25','2015-08-26 00:39:06','2015-08-26 01:59:25',38.7379,-9.16089,495,NULL,0),('84:51:81:A7:B2:43_5','2015-08-26 01:48:24','2015-08-26 00:39:05','2015-08-26 01:48:24',38.7445,-9.21226,400,NULL,0),('84:51:81:A7:B2:43_5','2015-08-26 01:49:24','2015-08-26 00:39:05','2015-08-26 01:49:24',38.7446,-9.2122,41,NULL,1),('84:51:81:A7:B2:43_5','2015-08-26 01:50:33','2015-08-26 00:39:05','2015-08-26 01:50:33',38.7446,-9.21214,305,NULL,1),('84:51:81:A7:B2:43_5','2015-08-26 01:51:53','2015-08-26 00:39:05','2015-08-26 01:51:53',38.7446,-9.21219,230,NULL,1),('84:51:81:A7:B2:43_5','2015-08-26 01:53:23','2015-08-26 00:39:05','2015-08-26 01:53:23',38.7446,-9.21221,379,NULL,1),('84:51:81:A7:B2:43_5','2015-08-26 01:55:06','2015-08-26 00:39:05','2015-08-26 01:55:06',38.7446,-9.21214,57,NULL,1),('84:51:81:A7:B2:43_5','2015-08-26 01:57:00','2015-08-26 00:39:05','2015-08-26 01:57:00',38.7446,-9.21221,53,NULL,1),('84:51:81:A7:B2:43_5','2015-08-26 01:59:08','2015-08-26 00:39:05','2015-08-26 01:59:08',38.7446,-9.21216,317,NULL,1),('84:51:81:A7:B2:43_5','2015-08-26 02:01:28','2015-08-26 00:39:05','2015-08-26 02:01:28',38.7446,-9.21212,30,NULL,1),('84:51:81:A7:B2:43_5','2015-08-26 02:03:49','2015-08-26 00:39:05','2015-08-26 02:03:49',38.7446,-9.21213,358,NULL,1),('84:51:81:A7:B2:43_5','2015-08-26 02:06:08','2015-08-26 00:39:05','2015-08-26 02:06:08',38.7446,-9.2121,113,NULL,0),('84:51:81:A7:B2:43_5','2015-08-26 02:08:27','2015-08-26 00:39:05','2015-08-26 02:08:27',38.7446,-9.21209,485,NULL,0),('84:51:81:A7:B2:43_5','2015-08-26 02:10:41','2015-08-26 00:39:05','2015-08-26 02:10:41',38.7446,-9.21204,20,NULL,0),('84:51:81:A7:B2:43_5','2015-08-26 02:12:47','2015-08-26 00:39:05','2015-08-26 02:12:47',38.7446,-9.21198,419,NULL,0),('84:51:81:A7:B2:43_5','2015-08-26 02:14:47','2015-08-26 00:39:05','2015-08-26 02:14:47',38.7445,-9.21193,61,NULL,1),('84:51:81:A7:B2:43_6','2015-08-26 01:48:24','2015-08-26 00:39:06','2015-08-26 01:48:24',38.7452,-9.13638,329,NULL,0),('84:51:81:A7:B2:43_6','2015-08-26 01:49:22','2015-08-26 00:39:06','2015-08-26 01:49:22',38.7452,-9.13632,477,NULL,0),('84:51:81:A7:B2:43_6','2015-08-26 01:50:26','2015-08-26 00:39:06','2015-08-26 01:50:26',38.7453,-9.13635,149,NULL,0),('84:51:81:A7:B2:43_6','2015-08-26 01:51:25','2015-08-26 00:39:06','2015-08-26 01:51:25',38.7453,-9.13641,454,NULL,1),('84:51:81:A7:B2:43_6','2015-08-26 01:52:19','2015-08-26 00:39:06','2015-08-26 01:52:19',38.7452,-9.13635,320,NULL,1),('84:51:81:A7:B2:43_6','2015-08-26 01:53:25','2015-08-26 00:39:06','2015-08-26 01:53:25',38.7453,-9.13642,262,NULL,0),('84:51:81:A7:B2:43_6','2015-08-26 01:54:33','2015-08-26 00:39:06','2015-08-26 01:54:33',38.7453,-9.13642,311,NULL,1),('84:51:81:A7:B2:43_6','2015-08-26 01:55:45','2015-08-26 00:39:06','2015-08-26 01:55:45',38.7452,-9.13637,279,NULL,1),('84:51:81:A7:B2:43_6','2015-08-26 01:57:09','2015-08-26 00:39:06','2015-08-26 01:57:09',38.7452,-9.13632,180,NULL,1),('84:51:81:A7:B2:43_6','2015-08-26 01:58:40','2015-08-26 00:39:06','2015-08-26 01:58:40',38.7453,-9.13625,243,NULL,0),('84:51:81:A7:B2:43_6','2015-08-26 02:00:23','2015-08-26 00:39:06','2015-08-26 02:00:23',38.7453,-9.13626,370,NULL,0),('84:51:81:A7:B2:43_6','2015-08-26 02:02:19','2015-08-26 00:39:06','2015-08-26 02:02:19',38.7453,-9.1363,411,NULL,0),('84:51:81:A7:B2:43_6','2015-08-26 02:03:50','2015-08-26 00:39:06','2015-08-26 02:03:50',38.7453,-9.13635,1,NULL,0),('84:51:81:A7:B2:43_6','2015-08-26 02:05:40','2015-08-26 00:39:06','2015-08-26 02:05:40',38.7452,-9.13642,382,NULL,1),('84:51:81:A7:B2:43_6','2015-08-26 02:07:43','2015-08-26 00:39:06','2015-08-26 02:07:43',38.7453,-9.13636,308,NULL,1),('84:51:81:A7:B2:43_6','2015-08-26 02:09:21','2015-08-26 00:39:06','2015-08-26 02:09:21',38.7453,-9.13644,421,NULL,0),('84:51:81:A7:B2:43_6','2015-08-26 02:10:55','2015-08-26 00:39:06','2015-08-26 02:10:55',38.7453,-9.13648,46,NULL,1),('84:51:81:A7:B2:43_7','2015-08-26 01:48:24','2015-08-26 00:39:06','2015-08-26 01:48:24',38.7767,-9.13452,227,NULL,0),('84:51:81:A7:B2:43_7','2015-08-26 01:49:18','2015-08-26 00:39:06','2015-08-26 01:49:18',38.7767,-9.13453,363,NULL,0),('84:51:81:A7:B2:43_7','2015-08-26 01:50:03','2015-08-26 00:39:06','2015-08-26 01:50:03',38.7767,-9.13459,58,NULL,0),('84:51:81:A7:B2:43_7','2015-08-26 01:50:40','2015-08-26 00:39:06','2015-08-26 01:50:40',38.7767,-9.13452,61,NULL,0),('84:51:81:A7:B2:43_7','2015-08-26 01:51:16','2015-08-26 00:39:06','2015-08-26 01:51:16',38.7768,-9.13457,45,NULL,0),('84:51:81:A7:B2:43_7','2015-08-26 01:51:46','2015-08-26 00:39:06','2015-08-26 01:51:46',38.7768,-9.13452,141,NULL,1),('84:51:81:A7:B2:43_7','2015-08-26 01:52:11','2015-08-26 00:39:06','2015-08-26 01:52:11',38.7768,-9.13456,436,NULL,1),('84:51:81:A7:B2:43_7','2015-08-26 01:52:34','2015-08-26 00:39:06','2015-08-26 01:52:34',38.7768,-9.13456,196,NULL,1),('84:51:81:A7:B2:43_7','2015-08-26 01:52:57','2015-08-26 00:39:06','2015-08-26 01:52:57',38.7768,-9.13457,15,NULL,1),('84:51:81:A7:B2:43_7','2015-08-26 01:53:19','2015-08-26 00:39:06','2015-08-26 01:53:19',38.7768,-9.13465,91,NULL,1),('84:51:81:A7:B2:43_7','2015-08-26 01:53:39','2015-08-26 00:39:06','2015-08-26 01:53:39',38.7769,-9.13465,402,NULL,1),('84:51:81:A7:B2:43_7','2015-08-26 01:54:00','2015-08-26 00:39:06','2015-08-26 01:54:00',38.777,-9.13463,75,NULL,1),('84:51:81:A7:B2:43_7','2015-08-26 01:54:22','2015-08-26 00:39:06','2015-08-26 01:54:22',38.7769,-9.13467,242,NULL,0),('84:51:81:A7:B2:43_7','2015-08-26 01:54:39','2015-08-26 00:39:06','2015-08-26 01:54:39',38.7769,-9.13466,220,NULL,1),('84:51:81:A7:B2:43_7','2015-08-26 01:54:52','2015-08-26 00:39:06','2015-08-26 01:54:52',38.777,-9.13465,411,NULL,1),('84:51:81:A7:B2:43_7','2015-08-26 01:55:08','2015-08-26 00:39:06','2015-08-26 01:55:08',38.777,-9.13461,295,NULL,1),('84:51:81:A7:B2:43_7','2015-08-26 01:55:23','2015-08-26 00:39:06','2015-08-26 01:55:23',38.777,-9.13453,384,NULL,0),('84:51:81:A7:B2:43_7','2015-08-26 01:55:37','2015-08-26 00:39:06','2015-08-26 01:55:37',38.7769,-9.13453,248,NULL,0),('84:51:81:A7:B2:43_7','2015-08-26 01:55:53','2015-08-26 00:39:06','2015-08-26 01:55:53',38.7769,-9.13455,111,NULL,1),('84:51:81:A7:B2:43_7','2015-08-26 01:56:12','2015-08-26 00:39:06','2015-08-26 01:56:12',38.7769,-9.13456,235,NULL,0),('84:51:81:A7:B2:43_7','2015-08-26 01:56:31','2015-08-26 00:39:06','2015-08-26 01:56:31',38.777,-9.13462,80,NULL,1),('84:51:81:A7:B2:43_7','2015-08-26 01:56:50','2015-08-26 00:39:06','2015-08-26 01:56:50',38.7769,-9.13459,415,NULL,0),('84:51:81:A7:B2:43_7','2015-08-26 01:57:08','2015-08-26 00:39:06','2015-08-26 01:57:08',38.7769,-9.13465,12,NULL,0),('84:51:81:A7:B2:43_7','2015-08-26 01:57:23','2015-08-26 00:39:06','2015-08-26 01:57:23',38.777,-9.13461,171,NULL,0),('84:51:81:A7:B2:43_7','2015-08-26 01:57:36','2015-08-26 00:39:06','2015-08-26 01:57:36',38.777,-9.1346,273,NULL,0),('84:51:81:A7:B2:43_7','2015-08-26 01:57:47','2015-08-26 00:39:06','2015-08-26 01:57:47',38.777,-9.13463,482,NULL,0),('84:51:81:A7:B2:43_8','2015-08-26 01:48:25','2015-08-26 00:39:06','2015-08-26 01:48:25',38.7626,-9.16359,349,NULL,0),('84:51:81:A7:B2:43_8','2015-08-26 01:49:28','2015-08-26 00:39:06','2015-08-26 01:49:28',38.7626,-9.16355,150,NULL,1),('84:51:81:A7:B2:43_8','2015-08-26 01:50:31','2015-08-26 00:39:06','2015-08-26 01:50:31',38.7626,-9.16353,29,NULL,1),('84:51:81:A7:B2:43_8','2015-08-26 01:51:45','2015-08-26 00:39:06','2015-08-26 01:51:45',38.7626,-9.16352,246,NULL,0),('84:51:81:A7:B2:43_8','2015-08-26 01:52:46','2015-08-26 00:39:06','2015-08-26 01:52:46',38.7626,-9.1636,378,NULL,0),('84:51:81:A7:B2:43_8','2015-08-26 01:53:36','2015-08-26 00:39:06','2015-08-26 01:53:36',38.7625,-9.16367,208,NULL,0),('84:51:81:A7:B2:43_8','2015-08-26 01:54:14','2015-08-26 00:39:06','2015-08-26 01:54:14',38.7626,-9.16367,340,NULL,0),('84:51:81:A7:B2:43_8','2015-08-26 01:54:46','2015-08-26 00:39:06','2015-08-26 01:54:46',38.7626,-9.16367,248,NULL,0),('84:51:81:A7:B2:43_8','2015-08-26 01:55:25','2015-08-26 00:39:06','2015-08-26 01:55:25',38.7627,-9.16366,146,NULL,1),('84:51:81:A7:B2:43_8','2015-08-26 01:56:12','2015-08-26 00:39:06','2015-08-26 01:56:12',38.7627,-9.16362,306,NULL,1),('84:51:81:A7:B2:43_8','2015-08-26 01:56:53','2015-08-26 00:39:06','2015-08-26 01:56:53',38.7627,-9.16359,172,NULL,0),('84:51:81:A7:B2:43_8','2015-08-26 01:57:26','2015-08-26 00:39:06','2015-08-26 01:57:26',38.7627,-9.16355,297,NULL,0),('84:51:81:A7:B2:43_8','2015-08-26 01:57:57','2015-08-26 00:39:06','2015-08-26 01:57:57',38.7628,-9.16349,134,NULL,0),('84:51:81:A7:B2:43_8','2015-08-26 01:58:25','2015-08-26 00:39:06','2015-08-26 01:58:25',38.7627,-9.16346,319,NULL,0),('84:51:81:A7:B2:43_8','2015-08-26 01:58:47','2015-08-26 00:39:06','2015-08-26 01:58:47',38.7627,-9.1634,470,NULL,0),('84:51:81:A7:B2:43_9','2015-08-26 01:48:25','2015-08-26 00:39:06','2015-08-26 01:48:25',38.7579,-9.21942,189,NULL,0),('84:51:81:A7:B2:43_9','2015-08-26 01:49:29','2015-08-26 00:39:06','2015-08-26 01:49:29',38.7579,-9.21945,390,NULL,1),('84:51:81:A7:B2:43_9','2015-08-26 01:50:36','2015-08-26 00:39:06','2015-08-26 01:50:36',38.758,-9.21949,166,NULL,1),('84:51:81:A7:B2:43_9','2015-08-26 01:51:47','2015-08-26 00:39:06','2015-08-26 01:51:47',38.758,-9.21958,27,NULL,1),('84:51:81:A7:B2:43_9','2015-08-26 01:53:00','2015-08-26 00:39:06','2015-08-26 01:53:00',38.758,-9.21956,207,NULL,1),('84:51:81:A7:B2:43_9','2015-08-26 01:54:09','2015-08-26 00:39:06','2015-08-26 01:54:09',38.758,-9.21957,343,NULL,0),('84:51:81:A7:B2:43_9','2015-08-26 01:55:15','2015-08-26 00:39:06','2015-08-26 01:55:15',38.7579,-9.21955,173,NULL,0),('84:51:81:A7:B2:43_9','2015-08-26 01:56:16','2015-08-26 00:39:06','2015-08-26 01:56:16',38.7579,-9.21961,327,NULL,0),('84:51:81:A7:B2:43_9','2015-08-26 01:57:11','2015-08-26 00:39:06','2015-08-26 01:57:11',38.7579,-9.21953,227,NULL,0),('84:51:81:A7:B2:43_9','2015-08-26 01:58:19','2015-08-26 00:39:06','2015-08-26 01:58:19',38.7579,-9.21948,324,NULL,1),('84:51:81:A7:B2:43_9','2015-08-26 01:59:42','2015-08-26 00:39:06','2015-08-26 01:59:42',38.7578,-9.21949,266,NULL,1),('84:51:81:A7:B2:43_9','2015-08-26 02:00:54','2015-08-26 00:39:06','2015-08-26 02:00:54',38.7578,-9.21949,4,NULL,0),('84:51:81:A7:B2:43_9','2015-08-26 02:01:57','2015-08-26 00:39:06','2015-08-26 02:01:57',38.7578,-9.21949,199,NULL,0),('84:51:81:A7:B2:43_9','2015-08-26 02:02:51','2015-08-26 00:39:06','2015-08-26 02:02:51',38.7578,-9.21947,254,NULL,0),('84:51:81:A7:B2:43_9','2015-08-26 02:03:36','2015-08-26 00:39:06','2015-08-26 02:03:36',38.7579,-9.21951,98,NULL,0),('84:51:81:A7:B2:43_9','2015-08-26 02:04:12','2015-08-26 00:39:06','2015-08-26 02:04:12',38.7579,-9.21946,335,NULL,0),('84:51:81:A7:B2:43_9','2015-08-26 02:04:43','2015-08-26 00:39:06','2015-08-26 02:04:43',38.7578,-9.21942,192,NULL,0);
/*!40000 ALTER TABLE `unit_info` ENABLE KEYS */;
UNLOCK TABLES;

--
-- Table structure for table `user_autologin`
--

DROP TABLE IF EXISTS `user_autologin`;
/*!40101 SET @saved_cs_client     = @@character_set_client */;
/*!40101 SET character_set_client = utf8 */;
CREATE TABLE `user_autologin` (
  `key_id` char(32) COLLATE utf8_bin NOT NULL,
  `user_id` mediumint(8) NOT NULL DEFAULT '0',
  `user_agent` varchar(150) COLLATE utf8_bin NOT NULL,
  `last_ip` varchar(40) COLLATE utf8_bin NOT NULL,
  `last_login` timestamp NOT NULL DEFAULT CURRENT_TIMESTAMP ON UPDATE CURRENT_TIMESTAMP,
  PRIMARY KEY (`key_id`,`user_id`)
) ENGINE=InnoDB DEFAULT CHARSET=utf8 COLLATE=utf8_bin;
/*!40101 SET character_set_client = @saved_cs_client */;

--
-- Dumping data for table `user_autologin`
--

LOCK TABLES `user_autologin` WRITE;
/*!40000 ALTER TABLE `user_autologin` DISABLE KEYS */;
INSERT INTO `user_autologin` VALUES ('01fd68a06473d6a4f85664f51baa729b',9,'Mozilla/5.0 (Windows NT 6.3; WOW64) AppleWebKit/537.36 (KHTML, like Gecko) Chrome/42.0.2311.135 Safari/537.36','10.101.166.197','2015-05-10 03:01:21'),('0b877082ec8dc4b40fede75676c6f796',4,'Mozilla/5.0 (Windows NT 6.3; WOW64) AppleWebKit/537.36 (KHTML, like Gecko) Chrome/43.0.2357.65 Safari/537.36','10.101.166.185','2015-05-24 00:24:24'),('18cee932ab8c6c6dcf47c5d8fd5185c1',9,'Mozilla/5.0 (Windows NT 6.1) AppleWebKit/537.36 (KHTML, like Gecko) Chrome/42.0.2311.135 Safari/537.36','10.101.85.137','2015-05-09 21:16:08'),('1c23ca8bb05dbcf130b5332f77c1e27d',9,'Mozilla/5.0 (Windows NT 6.1) AppleWebKit/537.36 (KHTML, like Gecko) Chrome/42.0.2311.135 Safari/537.36','10.101.85.136','2015-05-11 18:31:53'),('43ee91b54bc3fd522fb41211a9b6eabf',9,'Mozilla/5.0 (Windows NT 6.1) AppleWebKit/537.36 (KHTML, like Gecko) Chrome/42.0.2311.152 Safari/537.36','10.101.85.137','2015-05-21 18:54:59'),('584158bbba84bb2de15d1b338ac4d9ff',4,'Mozilla/5.0 (X11; Linux i686) AppleWebKit/537.36 (KHTML, like Gecko) Chrome/40.0.2214.95 Safari/537.36','10.101.166.185','2015-04-27 11:33:01'),('bfd9d0998ba943179d01ab6a46975469',9,'Mozilla/5.0 (X11; Linux i686) AppleWebKit/537.36 (KHTML, like Gecko) Ubuntu Chromium/37.0.2062.120 Chrome/37.0.2062.120 Safari/537.36','10.101.148.124','2015-05-13 18:13:44'),('d24d6bade2a2428dd69364e7d54cbd3d',4,'Mozilla/5.0 (X11; Ubuntu; Linux i686; rv:37.0) Gecko/20100101 Firefox/37.0','10.101.166.185','2015-04-26 10:50:19'),('d2b01e7d15a5c5eab89f2fb264ee7f92',9,'Mozilla/5.0 (Linux; Android 5.0.2; XT1068 Build/LXB22.46-28) AppleWebKit/537.36 (KHTML, like Gecko) Chrome/42.0.2311.111 Mobile Safari/537.36','10.101.228.151','2015-05-05 10:47:05'),('fa2f2fc41e0c66055a6db3f9f0fb15d5',4,'Mozilla/5.0 (Windows NT 6.1) AppleWebKit/537.36 (KHTML, like Gecko) Chrome/42.0.2311.152 Safari/537.36','10.101.85.137','2015-05-21 12:47:26'),('fe5f7557f0036ec9ef14c90442c09737',9,'Mozilla/5.0 (Windows NT 6.3; WOW64) AppleWebKit/537.36 (KHTML, like Gecko) Chrome/42.0.2311.90 Safari/537.36','10.101.166.197','2015-04-30 07:45:52');
/*!40000 ALTER TABLE `user_autologin` ENABLE KEYS */;
UNLOCK TABLES;

--
-- Table structure for table `user_profile`
--

DROP TABLE IF EXISTS `user_profile`;
/*!40101 SET @saved_cs_client     = @@character_set_client */;
/*!40101 SET character_set_client = utf8 */;
CREATE TABLE `user_profile` (
  `id` int(11) NOT NULL AUTO_INCREMENT,
  `user_id` int(11) NOT NULL,
  `country` varchar(20) COLLATE utf8_bin DEFAULT NULL,
  `website` varchar(255) COLLATE utf8_bin DEFAULT NULL,
  PRIMARY KEY (`id`)
) ENGINE=InnoDB AUTO_INCREMENT=36 DEFAULT CHARSET=utf8 COLLATE=utf8_bin;
/*!40101 SET character_set_client = @saved_cs_client */;

--
-- Dumping data for table `user_profile`
--

LOCK TABLES `user_profile` WRITE;
/*!40000 ALTER TABLE `user_profile` DISABLE KEYS */;
INSERT INTO `user_profile` VALUES (1,1,NULL,NULL),(2,3,NULL,NULL),(3,3,NULL,NULL),(4,4,NULL,NULL),(5,5,NULL,NULL),(6,6,NULL,NULL),(7,7,NULL,NULL),(8,8,NULL,NULL),(9,9,NULL,NULL),(10,10,NULL,NULL),(11,11,NULL,NULL),(12,12,NULL,NULL),(13,13,NULL,NULL),(14,14,NULL,NULL),(15,15,NULL,NULL),(16,16,NULL,NULL),(17,17,NULL,NULL),(18,18,NULL,NULL),(19,19,NULL,NULL),(20,20,NULL,NULL),(21,21,NULL,NULL),(22,22,NULL,NULL),(23,23,NULL,NULL),(24,24,NULL,NULL),(25,25,NULL,NULL),(26,26,NULL,NULL),(27,27,NULL,NULL),(28,28,NULL,NULL),(29,29,NULL,NULL),(30,30,NULL,NULL),(31,31,NULL,NULL),(32,32,NULL,NULL),(33,33,NULL,NULL),(34,34,NULL,NULL),(35,35,NULL,NULL);
/*!40000 ALTER TABLE `user_profile` ENABLE KEYS */;
UNLOCK TABLES;

--
-- Table structure for table `user_temp`
--

DROP TABLE IF EXISTS `user_temp`;
/*!40101 SET @saved_cs_client     = @@character_set_client */;
/*!40101 SET character_set_client = utf8 */;
CREATE TABLE `user_temp` (
  `id` int(11) NOT NULL AUTO_INCREMENT,
  `username` varchar(255) COLLATE utf8_bin NOT NULL,
  `password` varchar(34) COLLATE utf8_bin NOT NULL,
  `email` varchar(100) COLLATE utf8_bin NOT NULL,
  `activation_key` varchar(50) COLLATE utf8_bin NOT NULL,
  `last_ip` varchar(40) COLLATE utf8_bin NOT NULL,
  `created` timestamp NOT NULL DEFAULT CURRENT_TIMESTAMP ON UPDATE CURRENT_TIMESTAMP,
  PRIMARY KEY (`id`)
) ENGINE=InnoDB DEFAULT CHARSET=utf8 COLLATE=utf8_bin;
/*!40101 SET character_set_client = @saved_cs_client */;

--
-- Dumping data for table `user_temp`
--

LOCK TABLES `user_temp` WRITE;
/*!40000 ALTER TABLE `user_temp` DISABLE KEYS */;
/*!40000 ALTER TABLE `user_temp` ENABLE KEYS */;
UNLOCK TABLES;

--
-- Table structure for table `users`
--

DROP TABLE IF EXISTS `users`;
/*!40101 SET @saved_cs_client     = @@character_set_client */;
/*!40101 SET character_set_client = utf8 */;
CREATE TABLE `users` (
  `id` int(11) NOT NULL AUTO_INCREMENT,
  `role_id` int(11) NOT NULL DEFAULT '1',
  `username` varchar(25) COLLATE utf8_bin DEFAULT NULL,
  `password` varchar(34) COLLATE utf8_bin DEFAULT NULL,
  `email` varchar(100) COLLATE utf8_bin NOT NULL,
  `banned` tinyint(1) NOT NULL DEFAULT '0',
  `ban_reason` varchar(255) COLLATE utf8_bin DEFAULT NULL,
  `newpass` varchar(34) COLLATE utf8_bin DEFAULT NULL,
  `newpass_key` varchar(32) COLLATE utf8_bin DEFAULT NULL,
  `newpass_time` datetime DEFAULT NULL,
  `last_ip` varchar(40) COLLATE utf8_bin DEFAULT NULL,
  `last_login` datetime NOT NULL DEFAULT '0000-00-00 00:00:00',
  `created` datetime NOT NULL DEFAULT '0000-00-00 00:00:00',
  `modified` timestamp NOT NULL DEFAULT CURRENT_TIMESTAMP ON UPDATE CURRENT_TIMESTAMP,
  PRIMARY KEY (`id`)
) ENGINE=InnoDB AUTO_INCREMENT=1000 DEFAULT CHARSET=utf8 COLLATE=utf8_bin;
/*!40101 SET character_set_client = @saved_cs_client */;

--
-- Dumping data for table `users`
--

LOCK TABLES `users` WRITE;
/*!40000 ALTER TABLE `users` DISABLE KEYS */;
INSERT INTO `users` VALUES (1,2,'admin','$1$i75.Do4.$ROPRZjZzDx/JjqeVtaJLW.','admin@localhost.com',0,NULL,NULL,NULL,NULL,'127.0.0.1','2008-11-30 04:56:38','2008-11-30 04:56:32','2008-11-30 04:56:38'),(2,1,'user','$1$bO..IR4.$CxjJBjKJ5QW2/BaYKDS7f.','user@localhost.com',0,NULL,NULL,NULL,NULL,'127.0.0.1','2008-12-01 14:04:14','2008-12-01 14:01:53','2008-12-01 14:04:14'),(4,1,'Joao','$1$/0OnoDNc$JPGnDoKMUZrragn.8lmLw0','jfranco.009@gmail.com',0,NULL,NULL,NULL,NULL,'10.101.166.185','2015-05-24 01:24:24','2015-04-26 01:24:48','2015-05-24 00:24:24'),(9,1,'roguelinkz','$1$Aq0QL/fl$fsgi6lUeWehQwgUaRogNi0','pedromdav@gmail.com',0,NULL,NULL,NULL,NULL,'10.101.166.197','2015-06-07 11:23:47','2015-04-26 02:59:32','2015-06-07 10:23:47'),(10,1,'Decio','$1$3vu4bpd3$omUPCliLr8CuOrreXjMA2.','decio@findvital.pt',0,NULL,NULL,NULL,NULL,'10.101.148.60','2015-05-25 11:29:53','2015-04-26 12:41:14','2015-05-25 10:29:53'),(15,1,'blab','$1$tb3Si9Xm$mBE0BHtX/nrg0WLoGx2Kh.','bla@mail.com',0,NULL,NULL,NULL,NULL,'10.101.166.139','2015-04-26 23:21:11','2015-04-26 19:23:13','2015-04-26 22:21:11'),(16,1,'what','$1$Jkh9fCNG$12Dcya8fLgC.3sx3/tqnK/','yellow@yellow.yo',0,NULL,NULL,NULL,NULL,'10.101.166.197','0000-00-00 00:00:00','2015-04-27 01:50:25','2015-04-27 00:50:25'),(17,1,'marta','$1$X3csEfwI$vSu2MEAwk5FqQXTYWMGls.','martalexandra8@gmail.com',0,NULL,NULL,NULL,NULL,'10.101.226.19','2015-04-27 11:35:02','2015-04-27 11:34:51','2015-04-27 10:35:02'),(18,1,'marta3','$1$r1Jgt4N3$9J7maVdisUrDvZLPrGQoi0','marta.al.ludovico@gmail.com',0,NULL,NULL,NULL,NULL,'10.97.101.154','2015-04-27 13:02:12','2015-04-27 13:02:04','2015-04-27 12:02:12'),(19,1,'1234','$1$MJUf5p5m$yRbU4zX/25y3KgRVBsO1m1','123@gmail.com',0,NULL,NULL,NULL,NULL,'10.101.85.137','2015-05-13 08:44:14','2015-04-28 13:19:12','2015-05-13 07:44:14'),(20,1,'martaa','$1$2ISAFZVg$aSEhb39UNpWnIVBfrfOTx.','m@gmail.com',0,NULL,NULL,NULL,NULL,'10.97.101.205','2015-06-01 15:35:23','2015-05-07 23:17:22','2015-06-01 14:35:23'),(21,1,'trolololo','$1$kKgaeBg7$MrzqqQlbgzzlwwcR23Qs20','trr@trr.trr',0,NULL,NULL,NULL,NULL,'10.101.85.137','0000-00-00 00:00:00','2015-05-09 15:08:25','2015-05-09 14:08:25'),(22,1,'roguelinkz2','$1$Rf0A0F1P$NY5EvUphQY2deL2EumAKB/','pedromdav2@gmail.com',0,NULL,NULL,NULL,NULL,'10.101.85.137','2015-05-09 17:20:50','2015-05-09 17:20:40','2015-05-09 16:20:50'),(23,1,'zubzub','$1$fBtdZYSx$WV5Pe0B4D0p3wqXDd5/FE0','zub@zub.zub',0,NULL,NULL,NULL,NULL,'10.101.166.90','2015-05-10 03:03:28','2015-05-10 03:03:19','2015-05-10 02:03:28'),(24,1,'lmcarrico','$1$m7nRKoq3$gMfOfstPvxW8q8NZiNF5W1','lmcarrico@fc.ul.pt',0,NULL,NULL,NULL,NULL,'10.101.231.43','2015-05-28 15:08:23','2015-05-11 18:28:14','2015-05-28 14:08:23'),(25,1,'banana','$1$YGZRXlWJ$e.zG6BqIrt0j9bVlnR2sJ/','banana@gmail.com',0,NULL,NULL,NULL,NULL,'10.101.230.248','2015-05-22 10:08:15','2015-05-22 10:08:01','2015-05-22 09:08:15'),(26,1,'banana2','$1$CjVLrL2i$7mSv58vNxd.pcOY/sSo9v/','banana@gmail.com2',0,NULL,NULL,NULL,NULL,'10.101.166.42','2015-05-23 12:51:16','2015-05-23 12:51:01','2015-05-23 11:51:16'),(27,1,'Carlos','$1$jtX.TARZ$MSdiXaHkBqXfY6komlmrd/','carlitos@kakarot.com',0,NULL,NULL,NULL,NULL,'10.101.166.42','2015-05-23 13:00:33','2015-05-23 13:00:25','2015-05-23 12:00:33'),(28,1,'xpto','$1$saf1r1pV$o77LbeE.yJ8W7SebXrvHi1','xpto@mail.com',0,NULL,NULL,NULL,NULL,'10.101.166.42','2015-05-23 17:10:42','2015-05-23 17:10:37','2015-05-23 16:10:42'),(29,1,'OLAOLAOLA','$1$O3l01XXf$g2dYQDypiEleSb3VspfQH1','ola@sapop.pt',0,NULL,NULL,NULL,NULL,'10.101.229.169','0000-00-00 00:00:00','2015-06-01 14:44:33','2015-06-01 13:44:33'),(30,1,'OLAOLA','$1$zPcdV7.j$N872QkJ7ericTBrsfK2aj.','OLAOLA@sapo.pt',0,NULL,NULL,NULL,NULL,'10.101.229.169','2015-06-01 14:45:28','2015-06-01 14:45:23','2015-06-01 13:45:28'),(31,1,'gero','$1$41eHs2SW$TE4Jl0h4PPOqOKgOTF4bG.','gero@findvital.com',0,NULL,NULL,NULL,NULL,'194.117.40.166','2015-07-14 01:07:22','2015-07-14 01:07:17','2015-07-14 00:07:22'),(32,1,'gero2','$1$f7DiDGSU$1PGKG56yEjE5Znd1.2xH..','gero2@findvital.com',0,NULL,NULL,NULL,NULL,'85.139.155.2','2015-07-20 23:31:19','2015-07-20 23:31:15','2015-07-20 22:31:19'),(33,1,'gero3','$1$Nyluy6ic$oe9IlS9UWzU5smtuvb.vC.','gero3@findvital.com',0,NULL,NULL,NULL,NULL,'95.93.77.177','2015-08-18 09:43:57','2015-07-21 12:03:15','2015-08-18 08:43:57'),(34,1,'gero4','$1$CdpaKrPS$cK2MXXrYrDj4GNWGMkE1y/','gero4@findvital.com',0,NULL,NULL,NULL,NULL,'95.93.77.177','2015-08-04 08:57:28','2015-08-04 08:56:47','2015-08-04 07:57:28'),(35,1,'gero5','$1$rYdHXzwA$wrHVQICFSZu7cZ7BqF9jk/','gero5@findvital.com',0,NULL,NULL,NULL,NULL,'193.137.142.222','2015-08-18 13:35:57','2015-08-13 14:37:51','2015-08-18 12:35:57'),(37,1,NULL,NULL,'ludgero.alex@gmail.com',0,NULL,NULL,NULL,NULL,NULL,'0000-00-00 00:00:00','2015-08-25 00:34:18','2015-08-24 23:34:18'),(999,1,NULL,NULL,'testUser',0,NULL,NULL,NULL,NULL,NULL,'0000-00-00 00:00:00','0000-00-00 00:00:00','2015-08-25 17:39:35');
/*!40000 ALTER TABLE `users` ENABLE KEYS */;
UNLOCK TABLES;
/*!40103 SET TIME_ZONE=@OLD_TIME_ZONE */;

/*!40101 SET SQL_MODE=@OLD_SQL_MODE */;
/*!40014 SET FOREIGN_KEY_CHECKS=@OLD_FOREIGN_KEY_CHECKS */;
/*!40014 SET UNIQUE_CHECKS=@OLD_UNIQUE_CHECKS */;
/*!40101 SET CHARACTER_SET_CLIENT=@OLD_CHARACTER_SET_CLIENT */;
/*!40101 SET CHARACTER_SET_RESULTS=@OLD_CHARACTER_SET_RESULTS */;
/*!40101 SET COLLATION_CONNECTION=@OLD_COLLATION_CONNECTION */;
/*!40111 SET SQL_NOTES=@OLD_SQL_NOTES */;

-- Dump completed on 2015-08-26  0:27:17
